{"mean":{"confidence_interval":{"confidence_level":0.95,"lower_bound":-0.4430573472458159,"upper_bound":-0.29977335095295204},"point_estimate":-0.3661367337030471,"standard_error":0.037325657215077676},"median":{"confidence_interval":{"confidence_level":0.95,"lower_bound":-0.3059556150954268,"upper_bound":-0.30384961497571283},"point_estimate":-0.30482694862296145,"standard_error":0.0005624419985063498}}