{"mean":{"confidence_interval":{"confidence_level":0.95,"lower_bound":0.11804233540823723,"upper_bound":0.12272425714403208},"point_estimate":0.12056744488434967,"standard_error":0.001198933053524248},"median":{"confidence_interval":{"confidence_level":0.95,"lower_bound":0.12075398501234269,"upper_bound":0.12201851441541822},"point_estimate":0.12135327150031006,"standard_error":0.0003086971501017605}}