{"mean":{"confidence_interval":{"confidence_level":0.95,"lower_bound":0.11541903629084214,"upper_bound":0.1393810084784576},"point_estimate":0.12653330192035872,"standard_error":0.006253744048856667},"median":{"confidence_interval":{"confidence_level":0.95,"lower_bound":0.11895249842462974,"upper_bound":0.12195739582221643},"point_estimate":0.11991673633267719,"standard_error":0.0008120978236158052}}