{"mean":{"confidence_interval":{"confidence_level":0.95,"lower_bound":-0.09939726024880369,"upper_bound":-0.0909086518049946},"point_estimate":-0.09465042579378935,"standard_error":0.002178047785007446},"median":{"confidence_interval":{"confidence_level":0.95,"lower_bound":-0.09424965944466235,"upper_bound":-0.09253078798142633},"point_estimate":-0.09318610459169352,"standard_error":0.00043824336502345753}}