{"mean":{"confidence_interval":{"confidence_level":0.95,"lower_bound":-0.19386201575609596,"upper_bound":-0.1852790271368023},"point_estimate":-0.18971699616066662,"standard_error":0.002170735817429381},"median":{"confidence_interval":{"confidence_level":0.95,"lower_bound":-0.18849646080064453,"upper_bound":-0.18754791951550775},"point_estimate":-0.1879417678201052,"standard_error":0.00024444164467471815}}