{"mean":{"confidence_interval":{"confidence_level":0.95,"lower_bound":0.11911777845324092,"upper_bound":0.1251425339691103},"point_estimate":0.12248592565098138,"standard_error":0.0015499125507625038},"median":{"confidence_interval":{"confidence_level":0.95,"lower_bound":0.12487474175274271,"upper_bound":0.12640184826443845},"point_estimate":0.1256342190147921,"standard_error":0.00035188019732226107}}