{"mean":{"confidence_interval":{"confidence_level":0.95,"lower_bound":0.3987961065626751,"upper_bound":0.45317381060371037},"point_estimate":0.429902438694062,"standard_error":0.013959902748836251},"median":{"confidence_interval":{"confidence_level":0.95,"lower_bound":0.4363717647904158,"upper_bound":0.44039857229420215},"point_estimate":0.43833927822589613,"standard_error":0.0010848379352265322}}