{"mean":{"confidence_interval":{"confidence_level":0.95,"lower_bound":0.10228547885837891,"upper_bound":0.11333486812916221},"point_estimate":0.10856814135574644,"standard_error":0.0028551211341868135},"median":{"confidence_interval":{"confidence_level":0.95,"lower_bound":0.11349897306538748,"upper_bound":0.11538269809491042},"point_estimate":0.1146003378888909,"standard_error":0.00047713886668983985}}