{"mean":{"confidence_interval":{"confidence_level":0.95,"lower_bound":0.0007191880114923509,"upper_bound":0.014175362220958186},"point_estimate":0.006513157173161588,"standard_error":0.003487901255352848},"median":{"confidence_interval":{"confidence_level":0.95,"lower_bound":0.000015894854310527506,"upper_bound":0.0017284592418169709},"point_estimate":0.0005828066988309288,"standard_error":0.0004357043213859389}}