{"mean":{"confidence_interval":{"confidence_level":0.95,"lower_bound":0.606054854817196,"upper_bound":0.6212172914811481},"point_estimate":0.6143632348818351,"standard_error":0.0038742827180183255},"median":{"confidence_interval":{"confidence_level":0.95,"lower_bound":0.6172754555871733,"upper_bound":0.6210412180764746},"point_estimate":0.6193998075069156,"standard_error":0.001023071004798932}}