{"mean":{"confidence_interval":{"confidence_level":0.95,"lower_bound":-0.00930882618082832,"upper_bound":0.0013085172149635608},"point_estimate":-0.003545395405279206,"standard_error":0.002707984661395174},"median":{"confidence_interval":{"confidence_level":0.95,"lower_bound":-0.0018921209637562495,"upper_bound":-0.00038812813900079846},"point_estimate":-0.0010785381528545246,"standard_error":0.0003655691971742502}}