{"mean":{"confidence_interval":{"confidence_level":0.95,"lower_bound":0.12064159925536021,"upper_bound":0.1270109285723029},"point_estimate":0.12411391277697126,"standard_error":0.0016239261029251564},"median":{"confidence_interval":{"confidence_level":0.95,"lower_bound":0.12440401562048042,"upper_bound":0.12606841036242428},"point_estimate":0.12518096646753762,"standard_error":0.00042932117133982496}}