{"mean":{"confidence_interval":{"confidence_level":0.95,"lower_bound":-0.15082058368867118,"upper_bound":-0.13846988312730701},"point_estimate":-0.14392337395579213,"standard_error":0.003179861815956809},"median":{"confidence_interval":{"confidence_level":0.95,"lower_bound":-0.13700248998758024,"upper_bound":-0.1352845732232063},"point_estimate":-0.13583793415094148,"standard_error":0.000447546481195166}}