{"mean":{"confidence_interval":{"confidence_level":0.95,"lower_bound":-0.007040853624901018,"upper_bound":0.00688503803304522},"point_estimate":0.0003806078579757788,"standard_error":0.0035414946469670963},"median":{"confidence_interval":{"confidence_level":0.95,"lower_bound":0.0008316601472673213,"upper_bound":0.002919659155569132},"point_estimate":0.0017748494751381738,"standard_error":0.000554300333841747}}