{"mean":{"confidence_interval":{"confidence_level":0.95,"lower_bound":-0.006422029932161931,"upper_bound":0.004116170796535934},"point_estimate":-0.0012106408870555807,"standard_error":0.0026747692827908064},"median":{"confidence_interval":{"confidence_level":0.95,"lower_bound":-0.007335935589058873,"upper_bound":-0.005278819372905974},"point_estimate":-0.006289001609480538,"standard_error":0.0005146595233540202}}