{"mean":{"confidence_interval":{"confidence_level":0.95,"lower_bound":0.11662095766918273,"upper_bound":0.12383275910674987},"point_estimate":0.12073500506263812,"standard_error":0.0018342737292699003},"median":{"confidence_interval":{"confidence_level":0.95,"lower_bound":0.12046082016751503,"upper_bound":0.12231099734815842},"point_estimate":0.12131915763639278,"standard_error":0.0004756809759081989}}