{"mean":{"confidence_interval":{"confidence_level":0.95,"lower_bound":-0.11058985976221243,"upper_bound":-0.10611712352954183},"point_estimate":-0.10831673319900215,"standard_error":0.0011308963291561777},"median":{"confidence_interval":{"confidence_level":0.95,"lower_bound":-0.10899212475602937,"upper_bound":-0.10803525023420524},"point_estimate":-0.10853237117437209,"standard_error":0.00024896195588760764}}