{"mean":{"confidence_interval":{"confidence_level":0.95,"lower_bound":-0.007826715873515435,"upper_bound":0.004602958334550815},"point_estimate":-0.0016735554299455169,"standard_error":0.0031482061720581956},"median":{"confidence_interval":{"confidence_level":0.95,"lower_bound":-0.0004756698616770194,"upper_bound":0.002603891292424234},"point_estimate":0.0013068141048906412,"standard_error":0.00081454539966953}}