{"mean":{"confidence_interval":{"confidence_level":0.95,"lower_bound":-0.2326691181799415,"upper_bound":-0.22444072360078474},"point_estimate":-0.22793271990267538,"standard_error":0.0021324187478850864},"median":{"confidence_interval":{"confidence_level":0.95,"lower_bound":-0.2242742615965807,"upper_bound":-0.22340120860618196},"point_estimate":-0.22387863990510581,"standard_error":0.00022491662190992135}}