{"mean":{"confidence_interval":{"confidence_level":0.95,"lower_bound":0.14815618413854081,"upper_bound":0.1538407296636055},"point_estimate":0.15050305007707676,"standard_error":0.0014273860019625151},"median":{"confidence_interval":{"confidence_level":0.95,"lower_bound":0.1481255644423245,"upper_bound":0.14956590699391215},"point_estimate":0.14876480244284984,"standard_error":0.00035651198148819866}}