{"mean":{"confidence_interval":{"confidence_level":0.95,"lower_bound":-0.005628368485711792,"upper_bound":0.002876174405020742},"point_estimate":-0.0005206910102529827,"standard_error":0.0022308822258677555},"median":{"confidence_interval":{"confidence_level":0.95,"lower_bound":0.0006309156972477137,"upper_bound":0.001882431656531347},"point_estimate":0.0012688341763875677,"standard_error":0.0003044825101065103}}