{"mean":{"confidence_interval":{"confidence_level":0.95,"lower_bound":-0.023974354751065973,"upper_bound":-0.003022953853147379},"point_estimate":-0.01228529305230952,"standard_error":0.0053809745225547444},"median":{"confidence_interval":{"confidence_level":0.95,"lower_bound":-0.00188930099225193,"upper_bound":-0.000698772541006254},"point_estimate":-0.0013890987740875493,"standard_error":0.0003151126075371842}}