{"mean":{"confidence_interval":{"confidence_level":0.95,"lower_bound":0.11341489220159441,"upper_bound":0.12518700341016145},"point_estimate":0.11908497938291251,"standard_error":0.0029662511314679577},"median":{"confidence_interval":{"confidence_level":0.95,"lower_bound":0.12232365503055231,"upper_bound":0.12519107826071862},"point_estimate":0.12374436524193255,"standard_error":0.0007373145283512582}}