{"mean":{"confidence_interval":{"confidence_level":0.95,"lower_bound":0.10111929472973244,"upper_bound":0.11294041281444821},"point_estimate":0.10717100312203232,"standard_error":0.0030054860807276545},"median":{"confidence_interval":{"confidence_level":0.95,"lower_bound":0.10482631145723165,"upper_bound":0.10704330626814884},"point_estimate":0.10590531598422936,"standard_error":0.0005719390331819998}}