{"mean":{"confidence_interval":{"confidence_level":0.95,"lower_bound":-0.0014088182310958393,"upper_bound":0.0023790662767977366},"point_estimate":0.0005684644852761433,"standard_error":0.0009619601378830495},"median":{"confidence_interval":{"confidence_level":0.95,"lower_bound":0.0004750644254885028,"upper_bound":0.0018911938958641183},"point_estimate":0.001245250747707649,"standard_error":0.00033616997187547993}}