{"mean":{"confidence_interval":{"confidence_level":0.95,"lower_bound":0.0009009752583923012,"upper_bound":0.010024785287546394},"point_estimate":0.005171178354090644,"standard_error":0.0023051194140496175},"median":{"confidence_interval":{"confidence_level":0.95,"lower_bound":-0.0010440703577365706,"upper_bound":0.0015791594813403531},"point_estimate":0.0003163656005362725,"standard_error":0.0006766483619211006}}