{"mean":{"confidence_interval":{"confidence_level":0.95,"lower_bound":0.08985946468031758,"upper_bound":0.0998708868445479},"point_estimate":0.09529134631306091,"standard_error":0.002488346719738764},"median":{"confidence_interval":{"confidence_level":0.95,"lower_bound":0.09520991694349301,"upper_bound":0.09667534181411996},"point_estimate":0.0959093177419088,"standard_error":0.00038605846739452244}}