{"mean":{"confidence_interval":{"confidence_level":0.95,"lower_bound":0.10429117497521938,"upper_bound":0.12109891056711101},"point_estimate":0.112021440561894,"standard_error":0.004213798128581252},"median":{"confidence_interval":{"confidence_level":0.95,"lower_bound":0.10277611696714084,"upper_bound":0.10521517165448713},"point_estimate":0.10370197183632013,"standard_error":0.000636870913010805}}