{"mean":{"confidence_interval":{"confidence_level":0.95,"lower_bound":-0.010331419339616718,"upper_bound":0.0026482107906503787},"point_estimate":-0.004256937089345714,"standard_error":0.003287916539894414},"median":{"confidence_interval":{"confidence_level":0.95,"lower_bound":-0.004729358823556163,"upper_bound":-0.0028806747990337556},"point_estimate":-0.0037171789864142157,"standard_error":0.0004273795644031987}}