{"mean":{"confidence_interval":{"confidence_level":0.95,"lower_bound":-0.005258731770713078,"upper_bound":0.007151772495044533},"point_estimate":0.0010321581668562008,"standard_error":0.0031829809523440094},"median":{"confidence_interval":{"confidence_level":0.95,"lower_bound":0.0015457664116145242,"upper_bound":0.0036459183230931748},"point_estimate":0.002727302397542042,"standard_error":0.0005184237186540607}}