{"mean":{"confidence_interval":{"confidence_level":0.95,"lower_bound":0.11856557958960172,"upper_bound":0.12484597882351975},"point_estimate":0.12193616319758438,"standard_error":0.0016016963537355674},"median":{"confidence_interval":{"confidence_level":0.95,"lower_bound":0.12194200499660601,"upper_bound":0.12354295494947598},"point_estimate":0.12284011493731373,"standard_error":0.0004154864885885485}}