{"mean":{"confidence_interval":{"confidence_level":0.95,"lower_bound":0.15584547851850697,"upper_bound":0.15973954932443324},"point_estimate":0.15749113491808586,"standard_error":0.0010101799669201975},"median":{"confidence_interval":{"confidence_level":0.95,"lower_bound":0.155234864799906,"upper_bound":0.156506672033224},"point_estimate":0.1556341585685339,"standard_error":0.0003216904015376493}}