{"mean":{"confidence_interval":{"confidence_level":0.95,"lower_bound":-0.12324691593989176,"upper_bound":-0.10730546076861602},"point_estimate":-0.1143140161261007,"standard_error":0.004113271368284053},"median":{"confidence_interval":{"confidence_level":0.95,"lower_bound":-0.1069133727241629,"upper_bound":-0.10467377305689402},"point_estimate":-0.10557368594241379,"standard_error":0.0006124413007842997}}