{"mean":{"confidence_interval":{"confidence_level":0.95,"lower_bound":-0.004213612550744965,"upper_bound":0.0010094008204354623},"point_estimate":-0.0013765173820445842,"standard_error":0.0013329365107518077},"median":{"confidence_interval":{"confidence_level":0.95,"lower_bound":-0.0004905814141354936,"upper_bound":0.0008935857324495204},"point_estimate":0.0001660813082897672,"standard_error":0.0003599606008561928}}