{"mean":{"confidence_interval":{"confidence_level":0.95,"lower_bound":-0.022288999084869924,"upper_bound":0.00039453361662595095},"point_estimate":-0.008760674415061231,"standard_error":0.0059469110855746975},"median":{"confidence_interval":{"confidence_level":0.95,"lower_bound":-0.0016594979461574588,"upper_bound":-0.0002962631257726889},"point_estimate":-0.0008128247019072443,"standard_error":0.00034603348813320463}}