{"mean":{"confidence_interval":{"confidence_level":0.95,"lower_bound":0.0013707726052386412,"upper_bound":0.012950244446044788},"point_estimate":0.00641883054375425,"standard_error":0.003000058803279608},"median":{"confidence_interval":{"confidence_level":0.95,"lower_bound":-0.0007306251311168799,"upper_bound":0.00032308000523451064},"point_estimate":-0.00041321416167983127,"standard_error":0.00027782339730089}}