{"mean":{"confidence_interval":{"confidence_level":0.95,"lower_bound":-0.1120324904912181,"upper_bound":-0.10611718471577414},"point_estimate":-0.10938670663122685,"standard_error":0.001488222917580273},"median":{"confidence_interval":{"confidence_level":0.95,"lower_bound":-0.11142295400581992,"upper_bound":-0.11029216999478653},"point_estimate":-0.11094605137789748,"standard_error":0.0002912260117476186}}