{"mean":{"confidence_interval":{"confidence_level":0.95,"lower_bound":0.11541000382657485,"upper_bound":0.12752283708467343},"point_estimate":0.12073655920478021,"standard_error":0.003096088909220632},"median":{"confidence_interval":{"confidence_level":0.95,"lower_bound":0.11500363782264707,"upper_bound":0.11656229173553134},"point_estimate":0.11583863792261484,"standard_error":0.0003962389516569654}}