{"mean":{"confidence_interval":{"confidence_level":0.95,"lower_bound":6537714.6964374995,"upper_bound":6548382.585},"point_estimate":6542115.54625,"standard_error":2761.9611473439913},"median":{"confidence_interval":{"confidence_level":0.95,"lower_bound":6535535.0,"upper_bound":6538034.75},"point_estimate":6536608.9375,"standard_error":568.5864577006347},"median_abs_dev":{"confidence_interval":{"confidence_level":0.95,"lower_bound":3386.5363273769617,"upper_bound":5311.877718195319},"point_estimate":4196.221238002181,"standard_error":472.19994105286713},"slope":null,"std_dev":{"confidence_interval":{"confidence_level":0.95,"lower_bound":5420.124550059495,"upper_bound":44393.84339201316},"point_estimate":27719.010220560373,"standard_error":10331.951720318433}}