{"mean":{"confidence_interval":{"confidence_level":0.95,"lower_bound":6537387.82125,"upper_bound":6545231.72865625},"point_estimate":6540782.09625,"standard_error":2019.5718958863076},"median":{"confidence_interval":{"confidence_level":0.95,"lower_bound":6534928.75,"upper_bound":6537493.5625},"point_estimate":6536119.1875,"standard_error":607.0892899033969},"median_abs_dev":{"confidence_interval":{"confidence_level":0.95,"lower_bound":4597.171868383884,"upper_bound":7520.673691481352},"point_estimate":6039.093005284667,"standard_error":684.2255189087647},"slope":null,"std_dev":{"confidence_interval":{"confidence_level":0.95,"lower_bound":7009.801886482609,"upper_bound":29990.051007973907},"point_estimate":20319.74873140733,"standard_error":5873.948948326682}}