{"mean":{"confidence_interval":{"confidence_level":0.95,"lower_bound":6536044.53434375,"upper_bound":6543328.4018749995},"point_estimate":6538850.49875,"standard_error":1955.4689907223158},"median":{"confidence_interval":{"confidence_level":0.95,"lower_bound":6534408.75,"upper_bound":6536577.25},"point_estimate":6535984.3125,"standard_error":579.1102731796879},"median_abs_dev":{"confidence_interval":{"confidence_level":0.95,"lower_bound":3187.1266309171915,"upper_bound":4872.935463488102},"point_estimate":4104.3000396341085,"standard_error":433.6855365979552},"slope":null,"std_dev":{"confidence_interval":{"confidence_level":0.95,"lower_bound":5185.988949600674,"upper_bound":32444.759230782107},"point_estimate":19617.632406629335,"standard_error":9062.616346902338}}