{"mean":{"confidence_interval":{"confidence_level":0.95,"lower_bound":7380934.009071426,"upper_bound":7383940.195714284},"point_estimate":7382359.3714285735,"standard_error":769.4835492412385},"median":{"confidence_interval":{"confidence_level":0.95,"lower_bound":7379587.0,"upper_bound":7381441.142857143},"point_estimate":7380488.285714285,"standard_error":506.27895597125774},"median_abs_dev":{"confidence_interval":{"confidence_level":0.95,"lower_bound":3463.988938501311,"upper_bound":5497.057102408123},"point_estimate":4404.698621801066,"standard_error":521.8623960757053},"slope":null,"std_dev":{"confidence_interval":{"confidence_level":0.95,"lower_bound":5521.228000845589,"upper_bound":9662.928689699169},"point_estimate":7728.040581614892,"standard_error":1056.8930272536609}}