{"mean":{"confidence_interval":{"confidence_level":0.95,"lower_bound":6536049.635,"upper_bound":6565326.6575},"point_estimate":6546799.74625,"standard_error":8115.9011470042005},"median":{"confidence_interval":{"confidence_level":0.95,"lower_bound":6532986.75,"upper_bound":6536836.3125},"point_estimate":6535270.9375,"standard_error":1192.3295351128247},"median_abs_dev":{"confidence_interval":{"confidence_level":0.95,"lower_bound":4580.585281178355,"upper_bound":7686.817551031709},"point_estimate":5753.970497846603,"standard_error":763.3309350799119},"slope":null,"std_dev":{"confidence_interval":{"confidence_level":0.95,"lower_bound":7330.528046528822,"upper_bound":137388.32848748562},"point_estimate":81460.91677445883,"standard_error":41803.42354524015}}