{"mean":{"confidence_interval":{"confidence_level":0.95,"lower_bound":7380458.184392857,"upper_bound":7387733.571214289},"point_estimate":7383171.455714289,"standard_error":2000.9670211359098},"median":{"confidence_interval":{"confidence_level":0.95,"lower_bound":7379647.142857143,"upper_bound":7381178.571428572},"point_estimate":7380548.714285715,"standard_error":389.75645484312815},"median_abs_dev":{"confidence_interval":{"confidence_level":0.95,"lower_bound":2649.194352967596,"upper_bound":4612.474418112111},"point_estimate":3514.92683759718,"standard_error":503.19842150788514},"slope":null,"std_dev":{"confidence_interval":{"confidence_level":0.95,"lower_bound":4173.639117201928,"upper_bound":33741.05932222191},"point_estimate":20102.930797565303,"standard_error":10072.579949774828}}