{"mean":{"confidence_interval":{"confidence_level":0.95,"lower_bound":6532684.1566875,"upper_bound":6539659.956250001},"point_estimate":6535628.97375,"standard_error":1798.5679122752572},"median":{"confidence_interval":{"confidence_level":0.95,"lower_bound":6530100.875,"upper_bound":6531965.0},"point_estimate":6530915.5,"standard_error":502.7681464961617},"median_abs_dev":{"confidence_interval":{"confidence_level":0.95,"lower_bound":3657.6459485013056,"upper_bound":6362.948437035084},"point_estimate":4930.478874966502,"standard_error":676.9539120180311},"slope":null,"std_dev":{"confidence_interval":{"confidence_level":0.95,"lower_bound":7261.332696773501,"upper_bound":28331.721247255708},"point_estimate":18116.96820182259,"standard_error":6288.778864843001}}