{"mean":{"confidence_interval":{"confidence_level":0.95,"lower_bound":7389130.989607141,"upper_bound":7412792.928571428},"point_estimate":7398586.549999999,"standard_error":6221.644334338838},"median":{"confidence_interval":{"confidence_level":0.95,"lower_bound":7385377.285714285,"upper_bound":7388571.285714285},"point_estimate":7386192.714285715,"standard_error":807.0139066903452},"median_abs_dev":{"confidence_interval":{"confidence_level":0.95,"lower_bound":5540.476101636887,"upper_bound":8535.539848463679},"point_estimate":6780.5650796203145,"standard_error":757.4660047449238},"slope":null,"std_dev":{"confidence_interval":{"confidence_level":0.95,"lower_bound":16385.741850598708,"upper_bound":101137.62703359651},"point_estimate":62168.23925467191,"standard_error":25811.286308263505}}