{"mean":{"confidence_interval":{"confidence_level":0.95,"lower_bound":7382466.7332500005,"upper_bound":7410844.716499999},"point_estimate":7394449.521428571,"standard_error":7344.924005169472},"median":{"confidence_interval":{"confidence_level":0.95,"lower_bound":7377025.285714285,"upper_bound":7379139.0},"point_estimate":7378133.357142857,"standard_error":556.2059679916406},"median_abs_dev":{"confidence_interval":{"confidence_level":0.95,"lower_bound":3357.8771403852706,"upper_bound":6363.636787022568},"point_estimate":4946.483012182569,"standard_error":785.2814361506148},"slope":null,"std_dev":{"confidence_interval":{"confidence_level":0.95,"lower_bound":15536.018892506912,"upper_bound":116380.86110524676},"point_estimate":74210.39183523739,"standard_error":25923.251047674148}}