{"mean":{"confidence_interval":{"confidence_level":0.95,"lower_bound":7379423.871392863,"upper_bound":7382041.328571431},"point_estimate":7380664.505714288,"standard_error":666.7578442856027},"median":{"confidence_interval":{"confidence_level":0.95,"lower_bound":7378072.857142857,"upper_bound":7379855.857142857},"point_estimate":7378947.642857143,"standard_error":429.65576822106846},"median_abs_dev":{"confidence_interval":{"confidence_level":0.95,"lower_bound":3086.6672452008006,"upper_bound":5450.913825727493},"point_estimate":4404.592721803045,"standard_error":575.591785037451},"slope":null,"std_dev":{"confidence_interval":{"confidence_level":0.95,"lower_bound":4822.952115414359,"upper_bound":8281.51026376811},"point_estimate":6696.744860206637,"standard_error":882.67852694689}}