{"mean":{"confidence_interval":{"confidence_level":0.95,"lower_bound":6526694.7659375,"upper_bound":6536549.026374999},"point_estimate":6530997.45125,"standard_error":2546.8764822645767},"median":{"confidence_interval":{"confidence_level":0.95,"lower_bound":6524560.625,"upper_bound":6526559.1875},"point_estimate":6525366.375,"standard_error":467.8108399238502},"median_abs_dev":{"confidence_interval":{"confidence_level":0.95,"lower_bound":2341.3033459335566,"upper_bound":4054.262290522456},"point_estimate":3157.196643948555,"standard_error":419.60138104430183},"slope":null,"std_dev":{"confidence_interval":{"confidence_level":0.95,"lower_bound":8295.472234450057,"upper_bound":37244.85808370356},"point_estimate":25511.79425491434,"standard_error":7219.117294332994}}