{"mean":{"confidence_interval":{"confidence_level":0.95,"lower_bound":6525141.451125,"upper_bound":6536507.17353125},"point_estimate":6530136.96125,"standard_error":3011.416735199351},"median":{"confidence_interval":{"confidence_level":0.95,"lower_bound":6522618.125,"upper_bound":6524817.9375},"point_estimate":6523457.3125,"standard_error":462.90713156570166},"median_abs_dev":{"confidence_interval":{"confidence_level":0.95,"lower_bound":2680.9114024043083,"upper_bound":4451.4346075337335},"point_estimate":3436.759401485324,"standard_error":429.0677757204221},"slope":null,"std_dev":{"confidence_interval":{"confidence_level":0.95,"lower_bound":15496.979177016925,"upper_bound":41973.18376490704},"point_estimate":30305.967624784098,"standard_error":7650.118984045015}}