{"mean":{"confidence_interval":{"confidence_level":0.95,"lower_bound":6532890.741125,"upper_bound":6536778.445625},"point_estimate":6534705.7025,"standard_error":997.272102773842},"median":{"confidence_interval":{"confidence_level":0.95,"lower_bound":6530327.375,"upper_bound":6532784.5},"point_estimate":6531231.0,"standard_error":542.4058093603633},"median_abs_dev":{"confidence_interval":{"confidence_level":0.95,"lower_bound":3419.0539146121596,"upper_bound":5863.497570902109},"point_estimate":4509.049832448363,"standard_error":639.705703666392},"slope":null,"std_dev":{"confidence_interval":{"confidence_level":0.95,"lower_bound":6634.8074468525665,"upper_bound":13569.420217451672},"point_estimate":10067.090913568414,"standard_error":1840.3211581622256}}