{"mean":{"confidence_interval":{"confidence_level":0.95,"lower_bound":6523782.828718751,"upper_bound":6531555.288093749},"point_estimate":6527111.60125,"standard_error":2023.30557592602},"median":{"confidence_interval":{"confidence_level":0.95,"lower_bound":6522173.1875,"upper_bound":6523405.5625},"point_estimate":6522949.0625,"standard_error":355.8002273054137},"median_abs_dev":{"confidence_interval":{"confidence_level":0.95,"lower_bound":2290.0609843432903,"upper_bound":3914.897892996669},"point_estimate":3126.525356993079,"standard_error":421.71487029080174},"slope":null,"std_dev":{"confidence_interval":{"confidence_level":0.95,"lower_bound":5508.442542361935,"upper_bound":31335.704679194612},"point_estimate":20316.56561348212,"standard_error":6846.534628981994}}