{"mean":{"confidence_interval":{"confidence_level":0.95,"lower_bound":7384728.187142855,"upper_bound":7430518.801392856},"point_estimate":7403245.762857145,"standard_error":12125.831833866756},"median":{"confidence_interval":{"confidence_level":0.95,"lower_bound":7381162.857142857,"upper_bound":7384098.5},"point_estimate":7382539.142857143,"standard_error":716.9303213616348},"median_abs_dev":{"confidence_interval":{"confidence_level":0.95,"lower_bound":4168.012126002598,"upper_bound":8327.44635215857},"point_estimate":6312.592987928677,"standard_error":1036.5528033749017},"slope":null,"std_dev":{"confidence_interval":{"confidence_level":0.95,"lower_bound":7887.396517301725,"upper_bound":192938.9073413343},"point_estimate":121535.9132689324,"standard_error":49208.78210857618}}