{"mean":{"confidence_interval":{"confidence_level":0.95,"lower_bound":6525656.66290625,"upper_bound":6527335.476031249},"point_estimate":6526450.03,"standard_error":428.8844399864235},"median":{"confidence_interval":{"confidence_level":0.95,"lower_bound":6524717.0,"upper_bound":6526313.6875},"point_estimate":6525728.8125,"standard_error":330.0238671291999},"median_abs_dev":{"confidence_interval":{"confidence_level":0.95,"lower_bound":2243.7297351658344,"upper_bound":3817.3242822289467},"point_estimate":2803.5038877278566,"standard_error":406.60164516728054},"slope":null,"std_dev":{"confidence_interval":{"confidence_level":0.95,"lower_bound":2966.5299067066844,"upper_bound":5625.525555254586},"point_estimate":4308.480461269251,"standard_error":693.00739982928}}