{"mean":{"confidence_interval":{"confidence_level":0.95,"lower_bound":7382532.266392857,"upper_bound":7391149.421428573},"point_estimate":7386059.372857142,"standard_error":2247.338366250493},"median":{"confidence_interval":{"confidence_level":0.95,"lower_bound":7379825.785714285,"upper_bound":7382506.857142857},"point_estimate":7380821.571428571,"standard_error":726.1614176744914},"median_abs_dev":{"confidence_interval":{"confidence_level":0.95,"lower_bound":3498.8300378841386,"upper_bound":6676.6771814641015},"point_estimate":4891.626813157151,"standard_error":794.0210659464361},"slope":null,"std_dev":{"confidence_interval":{"confidence_level":0.95,"lower_bound":7092.510656325127,"upper_bound":35961.47112808905},"point_estimate":22425.4039998236,"standard_error":8573.451131905515}}