{"mean":{"confidence_interval":{"confidence_level":0.95,"lower_bound":6536774.8728125,"upper_bound":6635965.9386875},"point_estimate":6576636.7575,"standard_error":26897.43688153979},"median":{"confidence_interval":{"confidence_level":0.95,"lower_bound":6533152.6875,"upper_bound":6535612.9375},"point_estimate":6534457.0625,"standard_error":650.0025846819382},"median_abs_dev":{"confidence_interval":{"confidence_level":0.95,"lower_bound":3160.161843895912,"upper_bound":5276.8536103796205},"point_estimate":4029.150753468275,"standard_error":547.3574105754672},"slope":null,"std_dev":{"confidence_interval":{"confidence_level":0.95,"lower_bound":11841.035980667953,"upper_bound":426531.6558057555},"point_estimate":270999.67745103897,"standard_error":113381.635809522}}