{"mean":{"confidence_interval":{"confidence_level":0.95,"lower_bound":6538078.0778125,"upper_bound":6556006.437125},"point_estimate":6545323.98125,"standard_error":4724.9734544763},"median":{"confidence_interval":{"confidence_level":0.95,"lower_bound":6534412.0,"upper_bound":6536224.125},"point_estimate":6535055.6875,"standard_error":466.3754386694321},"median_abs_dev":{"confidence_interval":{"confidence_level":0.95,"lower_bound":2606.781403720379,"upper_bound":4685.57189181447},"point_estimate":3431.292314082384,"standard_error":541.0026531558166},"slope":null,"std_dev":{"confidence_interval":{"confidence_level":0.95,"lower_bound":11548.04523130206,"upper_bound":77103.84804393444},"point_estimate":47491.87821719319,"standard_error":19426.839863903122}}