{"mean":{"confidence_interval":{"confidence_level":0.95,"lower_bound":6533754.742000001,"upper_bound":6536413.50125},"point_estimate":6535014.7025,"standard_error":679.6348461933432},"median":{"confidence_interval":{"confidence_level":0.95,"lower_bound":6532146.75,"upper_bound":6534564.4375},"point_estimate":6533525.0625,"standard_error":663.3306809119283},"median_abs_dev":{"confidence_interval":{"confidence_level":0.95,"lower_bound":3208.3463430404663,"upper_bound":5640.644262358546},"point_estimate":4274.243061617017,"standard_error":603.0593367767877},"slope":null,"std_dev":{"confidence_interval":{"confidence_level":0.95,"lower_bound":4887.4833621226135,"upper_bound":8716.68025742193},"point_estimate":6836.05108204987,"standard_error":988.769382924432}}