{"mean":{"confidence_interval":{"confidence_level":0.95,"lower_bound":6534488.865375,"upper_bound":6542660.05834375},"point_estimate":6537943.24,"standard_error":2128.1822872390353},"median":{"confidence_interval":{"confidence_level":0.95,"lower_bound":6533049.625,"upper_bound":6534464.875},"point_estimate":6533752.25,"standard_error":317.3008161228792},"median_abs_dev":{"confidence_interval":{"confidence_level":0.95,"lower_bound":2818.051899969578,"upper_bound":4538.145856931806},"point_estimate":3935.561630129814,"standard_error":458.24400248758957},"slope":null,"std_dev":{"confidence_interval":{"confidence_level":0.95,"lower_bound":5137.253731028426,"upper_bound":32872.97924516196},"point_estimate":21381.72933907019,"standard_error":7404.231902786023}}