{"mean":{"confidence_interval":{"confidence_level":0.95,"lower_bound":6525162.938875,"upper_bound":6534297.53753125},"point_estimate":6529161.92,"standard_error":2344.55231717614},"median":{"confidence_interval":{"confidence_level":0.95,"lower_bound":6523963.875,"upper_bound":6525160.5625},"point_estimate":6524791.125,"standard_error":310.337035448816},"median_abs_dev":{"confidence_interval":{"confidence_level":0.95,"lower_bound":2393.287007510662,"upper_bound":3860.227018967271},"point_estimate":3202.8792556375265,"standard_error":377.88256255363973},"slope":null,"std_dev":{"confidence_interval":{"confidence_level":0.95,"lower_bound":3818.9668335093793,"upper_bound":34984.34967212289},"point_estimate":23718.051701106822,"standard_error":7491.0419666421885}}