{"mean":{"confidence_interval":{"confidence_level":0.95,"lower_bound":7379469.556285714,"upper_bound":7413947.148499999},"point_estimate":7393906.599999995,"standard_error":9178.992747189744},"median":{"confidence_interval":{"confidence_level":0.95,"lower_bound":7377038.428571428,"upper_bound":7379286.0},"point_estimate":7378348.142857143,"standard_error":506.0252613676679},"median_abs_dev":{"confidence_interval":{"confidence_level":0.95,"lower_bound":3327.0417084324495,"upper_bound":5210.88618498875},"point_estimate":4335.757723025012,"standard_error":481.7608299188903},"slope":null,"std_dev":{"confidence_interval":{"confidence_level":0.95,"lower_bound":6231.932826702842,"upper_bound":143172.20438617788},"point_estimate":92016.86939137608,"standard_error":35679.42067830496}}