{"mean":{"confidence_interval":{"confidence_level":0.95,"lower_bound":6522497.413500001,"upper_bound":6524835.831062499},"point_estimate":6523518.86,"standard_error":600.7881152297609},"median":{"confidence_interval":{"confidence_level":0.95,"lower_bound":6521137.625,"upper_bound":6523364.8125},"point_estimate":6522121.0625,"standard_error":575.3934136071056},"median_abs_dev":{"confidence_interval":{"confidence_level":0.95,"lower_bound":2136.982537060976,"upper_bound":3926.9440177828074},"point_estimate":3109.1048073023558,"standard_error":466.95626805421284},"slope":null,"std_dev":{"confidence_interval":{"confidence_level":0.95,"lower_bound":3057.238867142163,"upper_bound":9189.412441266299},"point_estimate":6059.012679369685,"standard_error":1876.1728765893633}}