{"mean":{"confidence_interval":{"confidence_level":0.95,"lower_bound":6534340.870124999,"upper_bound":6542474.698187499},"point_estimate":6537815.17875,"standard_error":2102.741902604942},"median":{"confidence_interval":{"confidence_level":0.95,"lower_bound":6532521.25,"upper_bound":6534824.875},"point_estimate":6533629.25,"standard_error":577.8510669303778},"median_abs_dev":{"confidence_interval":{"confidence_level":0.95,"lower_bound":3769.1397830843925,"upper_bound":5700.504236295819},"point_estimate":4703.455753996968,"standard_error":489.2912073089359},"slope":null,"std_dev":{"confidence_interval":{"confidence_level":0.95,"lower_bound":6231.769983916572,"upper_bound":32020.038241549064},"point_estimate":21092.836145945123,"standard_error":6899.625205494109}}