{"mean":{"confidence_interval":{"confidence_level":0.95,"lower_bound":6527554.359625,"upper_bound":6545118.530625001},"point_estimate":6535158.305,"standard_error":4530.825450793754},"median":{"confidence_interval":{"confidence_level":0.95,"lower_bound":6523707.5,"upper_bound":6525653.625},"point_estimate":6524804.4375,"standard_error":522.7781751135864},"median_abs_dev":{"confidence_interval":{"confidence_level":0.95,"lower_bound":2713.713926821947,"upper_bound":4391.1831345409155},"point_estimate":3581.590886414051,"standard_error":424.95185661306147},"slope":null,"std_dev":{"confidence_interval":{"confidence_level":0.95,"lower_bound":17246.394397657077,"upper_bound":68587.60272996606},"point_estimate":45597.23718470515,"standard_error":13449.504560783636}}