{"mean":{"confidence_interval":{"confidence_level":0.95,"lower_bound":7382925.653392856,"upper_bound":7387962.67057143},"point_estimate":7385198.35,"standard_error":1282.9420109897799},"median":{"confidence_interval":{"confidence_level":0.95,"lower_bound":7380989.142857143,"upper_bound":7383470.428571428},"point_estimate":7382149.214285715,"standard_error":591.4871469671167},"median_abs_dev":{"confidence_interval":{"confidence_level":0.95,"lower_bound":3419.405039292932,"upper_bound":6133.841733602926},"point_estimate":4739.766215852427,"standard_error":712.2610736214415},"slope":null,"std_dev":{"confidence_interval":{"confidence_level":0.95,"lower_bound":6829.240878210186,"upper_bound":18167.704584838473},"point_estimate":12894.781935769495,"standard_error":2911.5386588722495}}