{"mean":{"confidence_interval":{"confidence_level":0.95,"lower_bound":6523825.170375001,"upper_bound":6534143.870125},"point_estimate":6528346.2125,"standard_error":2633.2586952704946},"median":{"confidence_interval":{"confidence_level":0.95,"lower_bound":6522552.25,"upper_bound":6523822.125},"point_estimate":6523113.9375,"standard_error":353.91412278482784},"median_abs_dev":{"confidence_interval":{"confidence_level":0.95,"lower_bound":2568.9704712666576,"upper_bound":4283.416648954153},"point_estimate":3332.0507783442736,"standard_error":445.3425792451013},"slope":null,"std_dev":{"confidence_interval":{"confidence_level":0.95,"lower_bound":4749.371411085503,"upper_bound":38836.700934274784},"point_estimate":26321.840613041575,"standard_error":7784.31298986179}}