{"mean":{"confidence_interval":{"confidence_level":0.95,"lower_bound":13069485.522,"upper_bound":13090624.619562501},"point_estimate":13077620.0025,"standard_error":5669.044858026623},"median":{"confidence_interval":{"confidence_level":0.95,"lower_bound":13065751.5,"upper_bound":13070343.5},"point_estimate":13068592.875,"standard_error":1260.8126242682056},"median_abs_dev":{"confidence_interval":{"confidence_level":0.95,"lower_bound":9181.000337004662,"upper_bound":15381.242693178354},"point_estimate":11777.77419090271,"standard_error":1544.9518117267412},"slope":null,"std_dev":{"confidence_interval":{"confidence_level":0.95,"lower_bound":12931.734101300635,"upper_bound":94815.35199362956},"point_estimate":57088.75849673785,"standard_error":26612.21104034791}}