{"mean":{"confidence_interval":{"confidence_level":0.95,"lower_bound":7379528.221107141,"upper_bound":7382164.7836785745},"point_estimate":7380733.837142852,"standard_error":673.846516019779},"median":{"confidence_interval":{"confidence_level":0.95,"lower_bound":7378607.571428572,"upper_bound":7380289.285714285},"point_estimate":7379248.857142857,"standard_error":461.6965121217155},"median_abs_dev":{"confidence_interval":{"confidence_level":0.95,"lower_bound":2580.775011681124,"upper_bound":4335.65182302699},"point_estimate":3118.754944630933,"standard_error":462.5061995828573},"slope":null,"std_dev":{"confidence_interval":{"confidence_level":0.95,"lower_bound":4076.3315087297055,"upper_bound":9533.836541146646},"point_estimate":6780.82798760544,"standard_error":1472.3532412822694}}