{"mean":{"confidence_interval":{"confidence_level":0.95,"lower_bound":8501482.376374999,"upper_bound":8525314.151666667},"point_estimate":8511408.146666663,"standard_error":6214.983256939352},"median":{"confidence_interval":{"confidence_level":0.95,"lower_bound":8494956.666666666,"upper_bound":8499273.166666666},"point_estimate":8497016.25,"standard_error":1100.6428495893315},"median_abs_dev":{"confidence_interval":{"confidence_level":0.95,"lower_bound":13569.0020591039,"upper_bound":20620.741733908653},"point_estimate":17578.199487924114,"standard_error":1740.7226029348392},"slope":null,"std_dev":{"confidence_interval":{"confidence_level":0.95,"lower_bound":25462.46010796447,"upper_bound":98711.64364577933},"point_estimate":62475.92144397726,"standard_error":23363.24124566099}}