{"mean":{"confidence_interval":{"confidence_level":0.95,"lower_bound":9605719.081999999,"upper_bound":9615280.391625002},"point_estimate":9610172.54166667,"standard_error":2442.7207313708964},"median":{"confidence_interval":{"confidence_level":0.95,"lower_bound":9601684.666666666,"upper_bound":9607236.166666666},"point_estimate":9605026.333333332,"standard_error":1577.3498054363442},"median_abs_dev":{"confidence_interval":{"confidence_level":0.95,"lower_bound":8731.62119623451,"upper_bound":16048.156315086431},"point_estimate":12197.473533453858,"standard_error":1763.7971222426304},"slope":null,"std_dev":{"confidence_interval":{"confidence_level":0.95,"lower_bound":15972.916670917477,"upper_bound":31885.47951209786},"point_estimate":24547.24223090541,"standard_error":4081.815926149139}}