{"mean":{"confidence_interval":{"confidence_level":0.95,"lower_bound":14155437.09875,"upper_bound":14178669.953312501},"point_estimate":14166137.0875,"standard_error":5958.13294935866},"median":{"confidence_interval":{"confidence_level":0.95,"lower_bound":14143198.75,"upper_bound":14158241.25},"point_estimate":14149943.75,"standard_error":4274.008977729032},"median_abs_dev":{"confidence_interval":{"confidence_level":0.95,"lower_bound":21380.57422041893,"upper_bound":37195.28281465173},"point_estimate":26539.46615383029,"standard_error":4201.41955811394},"slope":null,"std_dev":{"confidence_interval":{"confidence_level":0.95,"lower_bound":36318.1543732432,"upper_bound":82392.06012546184},"point_estimate":59738.161269929384,"standard_error":12154.486645712575}}