{"mean":{"confidence_interval":{"confidence_level":0.95,"lower_bound":14114648.59275,"upper_bound":14137343.8103125},"point_estimate":14124363.065,"standard_error":5866.186010278627},"median":{"confidence_interval":{"confidence_level":0.95,"lower_bound":14106711.0,"upper_bound":14118067.0},"point_estimate":14112449.625,"standard_error":2652.689729311421},"median_abs_dev":{"confidence_interval":{"confidence_level":0.95,"lower_bound":23881.34972602129,"upper_bound":37045.442921686896},"point_estimate":31201.316446065903,"standard_error":3224.088451285331},"slope":null,"std_dev":{"confidence_interval":{"confidence_level":0.95,"lower_bound":27115.349997534897,"upper_bound":91443.73380453653},"point_estimate":58993.75554757335,"standard_error":20043.956310074216}}