{"mean":{"confidence_interval":{"confidence_level":0.95,"lower_bound":8507573.675666664,"upper_bound":8532809.938375002},"point_estimate":8517825.419999996,"standard_error":6595.026829379328},"median":{"confidence_interval":{"confidence_level":0.95,"lower_bound":8499794.166666666,"upper_bound":8507530.333333334},"point_estimate":8503403.833333332,"standard_error":2116.0217925154834},"median_abs_dev":{"confidence_interval":{"confidence_level":0.95,"lower_bound":10061.636922620239,"upper_bound":18260.195475817647},"point_estimate":12827.45497226715,"standard_error":2116.6039482113665},"slope":null,"std_dev":{"confidence_interval":{"confidence_level":0.95,"lower_bound":21816.433789167466,"upper_bound":106399.96490040362},"point_estimate":66187.00277019864,"standard_error":26134.497948243705}}