{"mean":{"confidence_interval":{"confidence_level":0.95,"lower_bound":14115389.5890625,"upper_bound":14146555.4464375},"point_estimate":14128715.2,"standard_error":8062.556869276958},"median":{"confidence_interval":{"confidence_level":0.95,"lower_bound":14108300.0,"upper_bound":14117477.0},"point_estimate":14113999.25,"standard_error":2824.792881197078},"median_abs_dev":{"confidence_interval":{"confidence_level":0.95,"lower_bound":13923.467002809048,"upper_bound":25103.012104332447},"point_estimate":20436.89933717251,"standard_error":2872.7811655490204},"slope":null,"std_dev":{"confidence_interval":{"confidence_level":0.95,"lower_bound":29151.622944608218,"upper_bound":124999.59667804994},"point_estimate":80753.00392701259,"standard_error":26223.804701951798}}