{"mean":{"confidence_interval":{"confidence_level":0.95,"lower_bound":9616315.629374996,"upper_bound":10161520.918166665},"point_estimate":9801010.551666666,"standard_error":176106.08081310723},"median":{"confidence_interval":{"confidence_level":0.95,"lower_bound":9604530.5,"upper_bound":9610794.833333334},"point_estimate":9608114.166666666,"standard_error":1521.4393750912895},"median_abs_dev":{"confidence_interval":{"confidence_level":0.95,"lower_bound":8824.558593332307,"upper_bound":16796.62220180081},"point_estimate":12490.781228243384,"standard_error":2071.0040319981504},"slope":null,"std_dev":{"confidence_interval":{"confidence_level":0.95,"lower_bound":29578.083361200817,"upper_bound":3001747.5659353347},"point_estimate":1751202.6795672297,"standard_error":1073770.2364379733}}