{"mean":{"confidence_interval":{"confidence_level":0.95,"lower_bound":15952757.8290625,"upper_bound":16071321.987750001},"point_estimate":15999813.44,"standard_error":31446.50270891217},"median":{"confidence_interval":{"confidence_level":0.95,"lower_bound":15937538.5,"upper_bound":15955708.5},"point_estimate":15947952.875,"standard_error":4591.977882204811},"median_abs_dev":{"confidence_interval":{"confidence_level":0.95,"lower_bound":18712.49194091187,"upper_bound":35110.93257665634},"point_estimate":27857.497530430555,"standard_error":4117.117076780174},"slope":null,"std_dev":{"confidence_interval":{"confidence_level":0.95,"lower_bound":35263.89411540341,"upper_bound":516178.0740040293},"point_estimate":316450.47357945965,"standard_error":134716.97854949045}}