{"mean":{"confidence_interval":{"confidence_level":0.95,"lower_bound":8501023.260791667,"upper_bound":8535160.912375},"point_estimate":8515794.549999999,"standard_error":8824.225130359404},"median":{"confidence_interval":{"confidence_level":0.95,"lower_bound":8487470.333333334,"upper_bound":8496908.833333332},"point_estimate":8492432.0,"standard_error":2413.2605527362575},"median_abs_dev":{"confidence_interval":{"confidence_level":0.95,"lower_bound":10006.808522343636,"upper_bound":19920.707446337667},"point_estimate":14450.284193455713,"standard_error":2655.213668729384},"slope":null,"std_dev":{"confidence_interval":{"confidence_level":0.95,"lower_bound":31272.705689787897,"upper_bound":131414.37728384938},"point_estimate":88597.806722534,"standard_error":26683.643614757693}}