{"mean":{"confidence_interval":{"confidence_level":0.95,"lower_bound":8507486.901291665,"upper_bound":8573807.434916666},"point_estimate":8534834.573333334,"standard_error":17304.113583718594},"median":{"confidence_interval":{"confidence_level":0.95,"lower_bound":8493237.333333334,"upper_bound":8499295.166666666},"point_estimate":8495928.166666668,"standard_error":1343.8401931725425},"median_abs_dev":{"confidence_interval":{"confidence_level":0.95,"lower_bound":8508.517698944075,"upper_bound":15588.587388248128},"point_estimate":11720.694091917465,"standard_error":1800.9315105126782},"slope":null,"std_dev":{"confidence_interval":{"confidence_level":0.95,"lower_bound":48018.56643051168,"upper_bound":278822.1835762424},"point_estimate":174444.78094795495,"standard_error":65717.34077194972}}