{"mean":{"confidence_interval":{"confidence_level":0.95,"lower_bound":15935104.914375,"upper_bound":15946766.251249999},"point_estimate":15940576.625,"standard_error":2980.1761187663105},"median":{"confidence_interval":{"confidence_level":0.95,"lower_bound":15931619.75,"upper_bound":15937795.5},"point_estimate":15933764.5,"standard_error":1438.9946167206515},"median_abs_dev":{"confidence_interval":{"confidence_level":0.95,"lower_bound":11885.72600148619,"upper_bound":22599.08607378602},"point_estimate":15867.340893298388,"standard_error":2893.125586295578},"slope":null,"std_dev":{"confidence_interval":{"confidence_level":0.95,"lower_bound":19819.572218965655,"upper_bound":39019.71319297289},"point_estimate":29899.404693186527,"standard_error":4926.361234273244}}