{"mean":{"confidence_interval":{"confidence_level":0.95,"lower_bound":14125147.380375002,"upper_bound":14138577.838},"point_estimate":14131476.1925,"standard_error":3425.3699179337004},"median":{"confidence_interval":{"confidence_level":0.95,"lower_bound":14119050.0,"upper_bound":14128012.875},"point_estimate":14122386.25,"standard_error":2352.6381340321823},"median_abs_dev":{"confidence_interval":{"confidence_level":0.95,"lower_bound":14629.179957155138,"upper_bound":25869.701615720987},"point_estimate":21185.056348890066,"standard_error":2844.4423401464132},"slope":null,"std_dev":{"confidence_interval":{"confidence_level":0.95,"lower_bound":24067.471795069618,"upper_bound":43262.1580317918},"point_estimate":34319.98131632427,"standard_error":4898.2297351859515}}