{"mean":{"confidence_interval":{"confidence_level":0.95,"lower_bound":8507643.115000002,"upper_bound":8537283.747833332},"point_estimate":8520204.596666666,"standard_error":7733.276409764179},"median":{"confidence_interval":{"confidence_level":0.95,"lower_bound":8501599.916666666,"upper_bound":8508057.083333334},"point_estimate":8505965.833333332,"standard_error":1453.9783311497426},"median_abs_dev":{"confidence_interval":{"confidence_level":0.95,"lower_bound":12900.102370977402,"upper_bound":22461.018951239963},"point_estimate":16830.84555119276,"standard_error":2460.474091680748},"slope":null,"std_dev":{"confidence_interval":{"confidence_level":0.95,"lower_bound":20302.812438714038,"upper_bound":119887.45205517107},"point_estimate":77588.05881527704,"standard_error":26931.39256192613}}