{"mean":{"confidence_interval":{"confidence_level":0.95,"lower_bound":8511150.50070833,"upper_bound":8543694.645166665},"point_estimate":8524905.291666664,"standard_error":8453.004662395593},"median":{"confidence_interval":{"confidence_level":0.95,"lower_bound":8504496.166666666,"upper_bound":8514301.166666666},"point_estimate":8508880.166666668,"standard_error":2541.617571019179},"median_abs_dev":{"confidence_interval":{"confidence_level":0.95,"lower_bound":15587.172740775117,"upper_bound":24985.145406425},"point_estimate":20496.821086109147,"standard_error":2285.556200428364},"slope":null,"std_dev":{"confidence_interval":{"confidence_level":0.95,"lower_bound":20688.85160194482,"upper_bound":130434.09866594482},"point_estimate":85061.40990859967,"standard_error":29618.0538959504}}