{"mean":{"confidence_interval":{"confidence_level":0.95,"lower_bound":8502173.271291668,"upper_bound":8511175.473416667},"point_estimate":8506413.300000003,"standard_error":2311.175810458176},"median":{"confidence_interval":{"confidence_level":0.95,"lower_bound":8497503.166666666,"upper_bound":8504771.666666666},"point_estimate":8500151.416666668,"standard_error":1955.7525344156018},"median_abs_dev":{"confidence_interval":{"confidence_level":0.95,"lower_bound":9991.858972608123,"upper_bound":17037.356283776473},"point_estimate":12656.708875300801,"standard_error":1907.5632789661997},"slope":null,"std_dev":{"confidence_interval":{"confidence_level":0.95,"lower_bound":15607.978953196669,"upper_bound":29832.072294866553},"point_estimate":23197.887961028082,"standard_error":3637.4210036534896}}