{"mean":{"confidence_interval":{"confidence_level":0.95,"lower_bound":15931719.015625,"upper_bound":15945601.5489375},"point_estimate":15938302.56,"standard_error":3560.3118587787167},"median":{"confidence_interval":{"confidence_level":0.95,"lower_bound":15919615.5,"upper_bound":15937116.25},"point_estimate":15926980.0,"standard_error":4564.214145816354},"median_abs_dev":{"confidence_interval":{"confidence_level":0.95,"lower_bound":14966.39732116834,"upper_bound":30955.78399104997},"point_estimate":22098.708582669497,"standard_error":3810.110263303981},"slope":null,"std_dev":{"confidence_interval":{"confidence_level":0.95,"lower_bound":26273.55100461568,"upper_bound":43958.49901726233},"point_estimate":35753.20550568816,"standard_error":4528.900274648756}}