{"mean":{"confidence_interval":{"confidence_level":0.95,"lower_bound":8505821.246541666,"upper_bound":8524485.247041665},"point_estimate":8513732.771666668,"standard_error":4829.274316902287},"median":{"confidence_interval":{"confidence_level":0.95,"lower_bound":8496553.333333334,"upper_bound":8507582.916666668},"point_estimate":8501879.75,"standard_error":2408.307433330276},"median_abs_dev":{"confidence_interval":{"confidence_level":0.95,"lower_bound":12428.882679342303,"upper_bound":21444.078919291034},"point_estimate":15549.261423944967,"standard_error":2248.7808600071517},"slope":null,"std_dev":{"confidence_interval":{"confidence_level":0.95,"lower_bound":21683.847479807366,"upper_bound":75376.26593968301},"point_estimate":48477.316432554886,"standard_error":16871.60529053597}}