{"mean":{"confidence_interval":{"confidence_level":0.95,"lower_bound":15940524.2484375,"upper_bound":15965763.5584375},"point_estimate":15950893.9875,"standard_error":6561.874692172296},"median":{"confidence_interval":{"confidence_level":0.95,"lower_bound":15930229.0,"upper_bound":15948623.5},"point_estimate":15940140.875,"standard_error":3740.876441677654},"median_abs_dev":{"confidence_interval":{"confidence_level":0.95,"lower_bound":21104.625300318003,"upper_bound":31574.375664442778},"point_estimate":25577.629420906305,"standard_error":2668.215528708926},"slope":null,"std_dev":{"confidence_interval":{"confidence_level":0.95,"lower_bound":25564.9740444548,"upper_bound":105389.05509311958},"point_estimate":66023.49577948486,"standard_error":25674.79028507531}}