{"mean":{"confidence_interval":{"confidence_level":0.95,"lower_bound":8505918.593708338,"upper_bound":8548853.38420833},"point_estimate":8523728.666666668,"standard_error":11272.58216600127},"median":{"confidence_interval":{"confidence_level":0.95,"lower_bound":8498957.166666666,"upper_bound":8506198.666666666},"point_estimate":8502000.583333332,"standard_error":1994.5598319421597},"median_abs_dev":{"confidence_interval":{"confidence_level":0.95,"lower_bound":12496.9185743849,"upper_bound":20663.984233141407},"point_estimate":16624.146404864707,"standard_error":2035.59184906019},"slope":null,"std_dev":{"confidence_interval":{"confidence_level":0.95,"lower_bound":22915.891236395593,"upper_bound":179625.0652775716},"point_estimate":113572.8081698637,"standard_error":42843.90614437545}}