{"mean":{"confidence_interval":{"confidence_level":0.95,"lower_bound":8502158.222125,"upper_bound":8560937.204833332},"point_estimate":8523744.823333336,"standard_error":16594.914269050445},"median":{"confidence_interval":{"confidence_level":0.95,"lower_bound":8496732.583333332,"upper_bound":8501257.666666666},"point_estimate":8498981.75,"standard_error":1299.457849807209},"median_abs_dev":{"confidence_interval":{"confidence_level":0.95,"lower_bound":7702.8481632471085,"upper_bound":15787.095169723034},"point_estimate":11925.045788287656,"standard_error":2131.1112919777142},"slope":null,"std_dev":{"confidence_interval":{"confidence_level":0.95,"lower_bound":16642.52773033376,"upper_bound":283370.02458558185},"point_estimate":167537.76300251074,"standard_error":87591.6623818437}}