{"mean":{"confidence_interval":{"confidence_level":0.95,"lower_bound":8511051.078499997,"upper_bound":8590059.112375},"point_estimate":8541497.158333333,"standard_error":21142.495692146527},"median":{"confidence_interval":{"confidence_level":0.95,"lower_bound":8505088.5,"upper_bound":8510330.75},"point_estimate":8507029.583333332,"standard_error":1531.8444941874575},"median_abs_dev":{"confidence_interval":{"confidence_level":0.95,"lower_bound":9555.480380355852,"upper_bound":16615.12725502391},"point_estimate":12759.378923473902,"standard_error":1825.6775090615465},"slope":null,"std_dev":{"confidence_interval":{"confidence_level":0.95,"lower_bound":24852.155026882934,"upper_bound":353335.28063041583},"point_estimate":213254.57304855622,"standard_error":97897.51421427345}}