{"mean":{"confidence_interval":{"confidence_level":0.95,"lower_bound":8495241.218750002,"upper_bound":8502011.323333334},"point_estimate":8498445.330000002,"standard_error":1729.5119160666745},"median":{"confidence_interval":{"confidence_level":0.95,"lower_bound":8492591.583333334,"upper_bound":8496113.5},"point_estimate":8493743.333333332,"standard_error":816.4161500010842},"median_abs_dev":{"confidence_interval":{"confidence_level":0.95,"lower_bound":6316.617187857628,"upper_bound":14234.689447284205},"point_estimate":9414.633382859147,"standard_error":2012.2397809219856},"slope":null,"std_dev":{"confidence_interval":{"confidence_level":0.95,"lower_bound":12531.817209689185,"upper_bound":21952.080996016903},"point_estimate":17450.205235142235,"standard_error":2419.975742457195}}