{"mean":{"confidence_interval":{"confidence_level":0.95,"lower_bound":0.02571956721440231,"upper_bound":0.03485338998277462},"point_estimate":0.030753600424084926,"standard_error":0.002339299305972875},"median":{"confidence_interval":{"confidence_level":0.95,"lower_bound":0.029511228528186776,"upper_bound":0.03399438586180392},"point_estimate":0.03222257653276395,"standard_error":0.0010711859387267002}}