{"mean":{"confidence_interval":{"confidence_level":0.95,"lower_bound":-0.011917588609250757,"upper_bound":0.00045990454260863925},"point_estimate":-0.005804828897999492,"standard_error":0.003151929049265821},"median":{"confidence_interval":{"confidence_level":0.95,"lower_bound":-0.01472465186842495,"upper_bound":-0.0005193167668597898},"point_estimate":-0.009328756754572676,"standard_error":0.0036003170173607084}}