{"mean":{"confidence_interval":{"confidence_level":0.95,"lower_bound":0.0663771722480674,"upper_bound":0.0855343883944529},"point_estimate":0.07524073987185798,"standard_error":0.004819101333091755},"median":{"confidence_interval":{"confidence_level":0.95,"lower_bound":0.0568002217050083,"upper_bound":0.0666720547157984},"point_estimate":0.061161845336225484,"standard_error":0.0028895752690182392}}