{"mean":{"confidence_interval":{"confidence_level":0.95,"lower_bound":-0.007195723548095819,"upper_bound":-0.0007425708723783206},"point_estimate":-0.003842375331510328,"standard_error":0.001646287604094358},"median":{"confidence_interval":{"confidence_level":0.95,"lower_bound":-0.0043794057582515755,"upper_bound":-0.0005935202532914338},"point_estimate":-0.0027045730466043194,"standard_error":0.0009008438897556393}}