{"mean":{"confidence_interval":{"confidence_level":0.95,"lower_bound":-0.052165402331515495,"upper_bound":-0.04123317790055943},"point_estimate":-0.04642525519105456,"standard_error":0.0027915448029784675},"median":{"confidence_interval":{"confidence_level":0.95,"lower_bound":-0.044640860285009576,"upper_bound":-0.039019326203713955},"point_estimate":-0.04212879151798399,"standard_error":0.001499770116740758}}