{"mean":{"confidence_interval":{"confidence_level":0.95,"lower_bound":-0.22280096168805288,"upper_bound":-0.20350114683202197},"point_estimate":-0.2119753904577948,"standard_error":0.0049882231626256655},"median":{"confidence_interval":{"confidence_level":0.95,"lower_bound":-0.20805522811500565,"upper_bound":-0.20376696514126613},"point_estimate":-0.2055480931740099,"standard_error":0.001155612641352231}}