{"mean":{"confidence_interval":{"confidence_level":0.95,"lower_bound":-0.031527669190425676,"upper_bound":-0.022477262373002887},"point_estimate":-0.027114572058178354,"standard_error":0.0023239993779590996},"median":{"confidence_interval":{"confidence_level":0.95,"lower_bound":-0.028035494136273063,"upper_bound":-0.015611191075560082},"point_estimate":-0.02134044279242442,"standard_error":0.003321833599282891}}