{"mean":{"confidence_interval":{"confidence_level":0.95,"lower_bound":-0.00834121997574415,"upper_bound":0.002337285956299311},"point_estimate":-0.0029550511317925077,"standard_error":0.0027192110141274223},"median":{"confidence_interval":{"confidence_level":0.95,"lower_bound":-0.004872207876884471,"upper_bound":0.0019265295960660218},"point_estimate":-0.0012812690801004,"standard_error":0.0017790780842502176}}