{"mean":{"confidence_interval":{"confidence_level":0.95,"lower_bound":-0.06454534602614977,"upper_bound":-0.05324056990192195},"point_estimate":-0.059125887334630756,"standard_error":0.0029380669108888735},"median":{"confidence_interval":{"confidence_level":0.95,"lower_bound":-0.06207983851271448,"upper_bound":-0.0552311709658323},"point_estimate":-0.05840071782001666,"standard_error":0.0018591021035640049}}