{"mean":{"confidence_interval":{"confidence_level":0.95,"lower_bound":-0.0608879180008752,"upper_bound":-0.05209880117545527},"point_estimate":-0.05650136002788597,"standard_error":0.002245835916061291},"median":{"confidence_interval":{"confidence_level":0.95,"lower_bound":-0.05817767154315412,"upper_bound":-0.05276538220974081},"point_estimate":-0.05555085759630296,"standard_error":0.0012915623404092735}}