{"mean":{"confidence_interval":{"confidence_level":0.95,"lower_bound":-0.19108662781318966,"upper_bound":-0.18207579903976115},"point_estimate":-0.18680088143285534,"standard_error":0.0023118613996073014},"median":{"confidence_interval":{"confidence_level":0.95,"lower_bound":-0.19156325445702715,"upper_bound":-0.1844365753910926},"point_estimate":-0.1884225321096773,"standard_error":0.0018364442192282165}}