{"mean":{"confidence_interval":{"confidence_level":0.95,"lower_bound":-0.06234715954687281,"upper_bound":-0.052464773857248806},"point_estimate":-0.057442863212605055,"standard_error":0.002511172013277926},"median":{"confidence_interval":{"confidence_level":0.95,"lower_bound":-0.05842013757614806,"upper_bound":-0.05362684480581992},"point_estimate":-0.05560427662069101,"standard_error":0.001176115647910869}}