{"mean":{"confidence_interval":{"confidence_level":0.95,"lower_bound":-0.026168864041377398,"upper_bound":-0.015851688739188727},"point_estimate":-0.021011922024949947,"standard_error":0.002639388852117935},"median":{"confidence_interval":{"confidence_level":0.95,"lower_bound":-0.026166114724754608,"upper_bound":-0.01592805141832454},"point_estimate":-0.021931854355573654,"standard_error":0.0026189915264274955}}