{"mean":{"confidence_interval":{"confidence_level":0.95,"lower_bound":0.04869370864238661,"upper_bound":0.060798165724986974},"point_estimate":0.05453504335404169,"standard_error":0.003113370387514606},"median":{"confidence_interval":{"confidence_level":0.95,"lower_bound":0.053401033589971725,"upper_bound":0.06003455014469594},"point_estimate":0.05766187264982214,"standard_error":0.0019384919664598552}}