{"mean":{"confidence_interval":{"confidence_level":0.95,"lower_bound":-0.001936538186269831,"upper_bound":0.010129385842309694},"point_estimate":0.004224051303778342,"standard_error":0.0030699878159482228},"median":{"confidence_interval":{"confidence_level":0.95,"lower_bound":-0.0004697449975096246,"upper_bound":0.006782010554759577},"point_estimate":0.0026797852342688167,"standard_error":0.001978730085352951}}