{"mean":{"confidence_interval":{"confidence_level":0.95,"lower_bound":-0.006474846277077711,"upper_bound":-0.0005785769030996179},"point_estimate":-0.003655657656102429,"standard_error":0.0015079589543526006},"median":{"confidence_interval":{"confidence_level":0.95,"lower_bound":-0.003936955432571332,"upper_bound":0.0005653914553904738},"point_estimate":-0.0018398234317335005,"standard_error":0.0011220167739327458}}