{"mean":{"confidence_interval":{"confidence_level":0.95,"lower_bound":-0.009114355862727172,"upper_bound":-0.0010401302834793414},"point_estimate":-0.004822260840529502,"standard_error":0.0020585605712012257},"median":{"confidence_interval":{"confidence_level":0.95,"lower_bound":-0.006149397370893682,"upper_bound":-0.0024573850128096764},"point_estimate":-0.004154035221327623,"standard_error":0.0009746466077421145}}