{"mean":{"confidence_interval":{"confidence_level":0.95,"lower_bound":-0.0021279004741252597,"upper_bound":0.00590371703875466},"point_estimate":0.0019901433812701264,"standard_error":0.0020487855925160714},"median":{"confidence_interval":{"confidence_level":0.95,"lower_bound":-0.0008093690280116528,"upper_bound":0.0043888067000286135},"point_estimate":0.0016338759303167194,"standard_error":0.0013112442096489074}}