{"mean":{"confidence_interval":{"confidence_level":0.95,"lower_bound":-0.014497892460306175,"upper_bound":-0.006852864221993504},"point_estimate":-0.010613129336510374,"standard_error":0.0019578726811196614},"median":{"confidence_interval":{"confidence_level":0.95,"lower_bound":-0.014280019294308777,"upper_bound":-0.008483816770470942},"point_estimate":-0.011348965759945817,"standard_error":0.0015367573993334623}}