{"mean":{"confidence_interval":{"confidence_level":0.95,"lower_bound":0.2420446318708923,"upper_bound":0.25244133483865705},"point_estimate":0.24707580255280792,"standard_error":0.0026676830292525575},"median":{"confidence_interval":{"confidence_level":0.95,"lower_bound":0.24842110481480084,"upper_bound":0.25444882928889423},"point_estimate":0.2506804478131537,"standard_error":0.0015716092429836673}}