{"mean":{"confidence_interval":{"confidence_level":0.95,"lower_bound":0.03752394333986534,"upper_bound":0.049228706377399616},"point_estimate":0.04329554866881291,"standard_error":0.0029934758398369164},"median":{"confidence_interval":{"confidence_level":0.95,"lower_bound":0.03420629538679143,"upper_bound":0.04123897323134429},"point_estimate":0.0378859837740706,"standard_error":0.0017678817779403816}}