{"mean":{"confidence_interval":{"confidence_level":0.95,"lower_bound":-0.002261102327791161,"upper_bound":0.01515432859066581},"point_estimate":0.005755693754215807,"standard_error":0.0044529622576730795},"median":{"confidence_interval":{"confidence_level":0.95,"lower_bound":-0.007034974993686394,"upper_bound":0.0011114142495656232},"point_estimate":-0.00338627119218593,"standard_error":0.002037289888480737}}