{"mean":{"confidence_interval":{"confidence_level":0.95,"lower_bound":0.03830402198320332,"upper_bound":0.04535786564051174},"point_estimate":0.04192920892414742,"standard_error":0.0017933497017627613},"median":{"confidence_interval":{"confidence_level":0.95,"lower_bound":0.04032932794369315,"upper_bound":0.04360328378131495},"point_estimate":0.04223405185765983,"standard_error":0.0008634565940126482}}