{"mean":{"confidence_interval":{"confidence_level":0.95,"lower_bound":-0.01176478371170949,"upper_bound":0.002535263413317154},"point_estimate":-0.004460239849880199,"standard_error":0.0036523942496917024},"median":{"confidence_interval":{"confidence_level":0.95,"lower_bound":-0.01632981465765493,"upper_bound":-0.0001593901717366064},"point_estimate":-0.010735734130388197,"standard_error":0.0043431587012153}}