{"mean":{"confidence_interval":{"confidence_level":0.95,"lower_bound":0.012665207307610034,"upper_bound":0.02762451494014594},"point_estimate":0.02011655478917862,"standard_error":0.0038017702166170926},"median":{"confidence_interval":{"confidence_level":0.95,"lower_bound":0.013191151260913525,"upper_bound":0.03280195875552305},"point_estimate":0.024582812640457252,"standard_error":0.004997393579281498}}