{"mean":{"confidence_interval":{"confidence_level":0.95,"lower_bound":0.02324176436066218,"upper_bound":0.03282856845035216},"point_estimate":0.028134902938436346,"standard_error":0.0024493996772082137},"median":{"confidence_interval":{"confidence_level":0.95,"lower_bound":0.026006936068214248,"upper_bound":0.03260607742972099},"point_estimate":0.029105590912064994,"standard_error":0.0017080375705648687}}