{"mean":{"confidence_interval":{"confidence_level":0.95,"lower_bound":-0.014552838309068027,"upper_bound":-0.00766028050897643},"point_estimate":-0.011255230206764888,"standard_error":0.0017482132636479602},"median":{"confidence_interval":{"confidence_level":0.95,"lower_bound":-0.0150544987115111,"upper_bound":-0.010456582987975582},"point_estimate":-0.012979124351278681,"standard_error":0.0011571574504451673}}