{"mean":{"confidence_interval":{"confidence_level":0.95,"lower_bound":0.03045690147665801,"upper_bound":0.03729573682170196},"point_estimate":0.03389768540997218,"standard_error":0.0017353387358691856},"median":{"confidence_interval":{"confidence_level":0.95,"lower_bound":0.031882663592742055,"upper_bound":0.03590855901432993},"point_estimate":0.03363687543170579,"standard_error":0.0010650374045310957}}