{"mean":{"confidence_interval":{"confidence_level":0.95,"lower_bound":-0.00363185909421571,"upper_bound":0.0036832746206579775},"point_estimate":0.0000353496981111423,"standard_error":0.0018647496727437092},"median":{"confidence_interval":{"confidence_level":0.95,"lower_bound":-0.004103594310676084,"upper_bound":0.0006372385336244069},"point_estimate":-0.0012384526365651904,"standard_error":0.0012455751668836734}}