{"mean":{"confidence_interval":{"confidence_level":0.95,"lower_bound":0.05583740126889168,"upper_bound":0.06905160476810968},"point_estimate":0.06254666386863628,"standard_error":0.0033734095456810797},"median":{"confidence_interval":{"confidence_level":0.95,"lower_bound":0.06016715447643661,"upper_bound":0.06608142042068528},"point_estimate":0.06276565338462037,"standard_error":0.0014829690149160233}}