{"mean":{"confidence_interval":{"confidence_level":0.95,"lower_bound":-0.042153899481347,"upper_bound":-0.03715849386593725},"point_estimate":-0.03959543330079229,"standard_error":0.001265936394066145},"median":{"confidence_interval":{"confidence_level":0.95,"lower_bound":-0.03937381025406994,"upper_bound":-0.035935263099839194},"point_estimate":-0.0375003140592004,"standard_error":0.0008964836992436441}}