{"mean":{"confidence_interval":{"confidence_level":0.95,"lower_bound":0.14214289598778077,"upper_bound":0.15313574459835885},"point_estimate":0.14759083725509847,"standard_error":0.002793399875050906},"median":{"confidence_interval":{"confidence_level":0.95,"lower_bound":0.14860751990588184,"upper_bound":0.1554254390487281},"point_estimate":0.15277671761918454,"standard_error":0.0017456428755414112}}