{"mean":{"confidence_interval":{"confidence_level":0.95,"lower_bound":-0.09543158776385667,"upper_bound":-0.08498555011506302},"point_estimate":-0.09055466881965568,"standard_error":0.0026544408156462013},"median":{"confidence_interval":{"confidence_level":0.95,"lower_bound":-0.09816163311496806,"upper_bound":-0.08929409147311484},"point_estimate":-0.09440639231122572,"standard_error":0.0022480916179804665}}