{"mean":{"confidence_interval":{"confidence_level":0.95,"lower_bound":0.020181831025954573,"upper_bound":0.04057857539393006},"point_estimate":0.031038183622807525,"standard_error":0.0051865789475782085},"median":{"confidence_interval":{"confidence_level":0.95,"lower_bound":0.030263214848215814,"upper_bound":0.039264188044100035},"point_estimate":0.03563572634787038,"standard_error":0.002332215581682835}}