{"mean":{"confidence_interval":{"confidence_level":0.95,"lower_bound":-0.0400783976008973,"upper_bound":-0.03540460959958289},"point_estimate":-0.03777059278607309,"standard_error":0.0011992252053430873},"median":{"confidence_interval":{"confidence_level":0.95,"lower_bound":-0.03857463297476982,"upper_bound":-0.034662688701779354},"point_estimate":-0.03661180285160959,"standard_error":0.0009939597477325172}}