{"mean":{"confidence_interval":{"confidence_level":0.95,"lower_bound":-0.028494318012832504,"upper_bound":-0.025623162098128836},"point_estimate":-0.026902872499149133,"standard_error":0.0007319444956259829},"median":{"confidence_interval":{"confidence_level":0.95,"lower_bound":-0.028316198323640407,"upper_bound":-0.02663918289895033},"point_estimate":-0.02717854605528991,"standard_error":0.0004343872974507819}}