{"mean":{"confidence_interval":{"confidence_level":0.95,"lower_bound":0.0005663336978771695,"upper_bound":0.003908295488454233},"point_estimate":0.0022756097212104365,"standard_error":0.0008497332012204556},"median":{"confidence_interval":{"confidence_level":0.95,"lower_bound":0.001230445306039347,"upper_bound":0.003888436765420833},"point_estimate":0.0026585573665387496,"standard_error":0.0007002021520433337}}