{"mean":{"confidence_interval":{"confidence_level":0.95,"lower_bound":-0.06387557253828238,"upper_bound":-0.05604639731583849},"point_estimate":-0.06034113607879732,"standard_error":0.0019886650038768872},"median":{"confidence_interval":{"confidence_level":0.95,"lower_bound":-0.061980481464168236,"upper_bound":-0.06010198253913113},"point_estimate":-0.06074159479467245,"standard_error":0.00047463110358697026}}