{"mean":{"confidence_interval":{"confidence_level":0.95,"lower_bound":0.007023353224116036,"upper_bound":0.014373836827448942},"point_estimate":0.011027122204404272,"standard_error":0.001879353298955823},"median":{"confidence_interval":{"confidence_level":0.95,"lower_bound":0.010517570093956374,"upper_bound":0.01513250591783355},"point_estimate":0.013445551688066493,"standard_error":0.0011891917663476089}}