{"mean":{"confidence_interval":{"confidence_level":0.95,"lower_bound":0.06928057296961837,"upper_bound":0.07928632539135051},"point_estimate":0.0730595417956712,"standard_error":0.0027957531554350726},"median":{"confidence_interval":{"confidence_level":0.95,"lower_bound":0.06861004136969906,"upper_bound":0.0701559222862882},"point_estimate":0.0693706987669751,"standard_error":0.0003876580320971893}}