{"mean":{"confidence_interval":{"confidence_level":0.95,"lower_bound":-0.07496758423966199,"upper_bound":-0.06569166184166997},"point_estimate":-0.06977937318147054,"standard_error":0.0023752518182046474},"median":{"confidence_interval":{"confidence_level":0.95,"lower_bound":-0.0692012036511227,"upper_bound":-0.06774496508407712},"point_estimate":-0.06847537970580098,"standard_error":0.00035314311869975233}}