{"mean":{"confidence_interval":{"confidence_level":0.95,"lower_bound":0.001551063052972335,"upper_bound":0.0035615247607618194},"point_estimate":0.002637156482070413,"standard_error":0.0005108014944514524},"median":{"confidence_interval":{"confidence_level":0.95,"lower_bound":0.0011875869216686485,"upper_bound":0.003553739134474432},"point_estimate":0.0024937590608244964,"standard_error":0.0006322781310162431}}