{"mean":{"confidence_interval":{"confidence_level":0.95,"lower_bound":0.005749283225608965,"upper_bound":0.007803439312624488},"point_estimate":0.0067136730960684066,"standard_error":0.0005271686167853175},"median":{"confidence_interval":{"confidence_level":0.95,"lower_bound":0.005992329063931874,"upper_bound":0.007658577648385956},"point_estimate":0.006878492098579603,"standard_error":0.0004550097673102732}}