{"mean":{"confidence_interval":{"confidence_level":0.95,"lower_bound":-0.13305501398964134,"upper_bound":-0.12976275767658613},"point_estimate":-0.1313803763645045,"standard_error":0.0008363847295053733},"median":{"confidence_interval":{"confidence_level":0.95,"lower_bound":-0.13353496445898883,"upper_bound":-0.13121721694435615},"point_estimate":-0.13213896210583043,"standard_error":0.0006035584361088927}}