{"mean":{"confidence_interval":{"confidence_level":0.95,"lower_bound":-0.011972098749900129,"upper_bound":-0.005354845876765142},"point_estimate":-0.007832938946765622,"standard_error":0.0018480940380228013},"median":{"confidence_interval":{"confidence_level":0.95,"lower_bound":-0.006888853411672002,"upper_bound":-0.004933580129691917},"point_estimate":-0.006183601852536635,"standard_error":0.0004977313563123764}}