{"mean":{"confidence_interval":{"confidence_level":0.95,"lower_bound":0.05351434422873857,"upper_bound":0.06076491473853791},"point_estimate":0.05654286238890993,"standard_error":0.001839743630238804},"median":{"confidence_interval":{"confidence_level":0.95,"lower_bound":0.05315418011440687,"upper_bound":0.054943343334681316},"point_estimate":0.054078543628632625,"standard_error":0.0004385543959150502}}