{"mean":{"confidence_interval":{"confidence_level":0.95,"lower_bound":-0.0030716079593867294,"upper_bound":0.0027381877468248992},"point_estimate":-0.0008420515677897145,"standard_error":0.00148289163467043},"median":{"confidence_interval":{"confidence_level":0.95,"lower_bound":-0.0038070880161438225,"upper_bound":-0.0015477324902506417},"point_estimate":-0.003067289053309774,"standard_error":0.0005980599883731549}}