{"mean":{"confidence_interval":{"confidence_level":0.95,"lower_bound":-0.007238712032802755,"upper_bound":-0.004828966754141906},"point_estimate":-0.006046172114454018,"standard_error":0.0006121001514146998},"median":{"confidence_interval":{"confidence_level":0.95,"lower_bound":-0.007534486390347825,"upper_bound":-0.0054450302661111834},"point_estimate":-0.006157366982957213,"standard_error":0.0005524013074248626}}