{"mean":{"confidence_interval":{"confidence_level":0.95,"lower_bound":0.07641712327249818,"upper_bound":0.08154596741267217},"point_estimate":0.07904155997999052,"standard_error":0.0013252321344202759},"median":{"confidence_interval":{"confidence_level":0.95,"lower_bound":0.07950399928960739,"upper_bound":0.08538414007312323},"point_estimate":0.08217258128434102,"standard_error":0.0015617888912062116}}