{"mean":{"confidence_interval":{"confidence_level":0.95,"lower_bound":-0.07561596369347534,"upper_bound":-0.06748534390839936},"point_estimate":-0.07093646779350404,"standard_error":0.0021005644173911564},"median":{"confidence_interval":{"confidence_level":0.95,"lower_bound":-0.06856754549117938,"upper_bound":-0.06628192160727737},"point_estimate":-0.06734210714392552,"standard_error":0.0005922541370093419}}