{"mean":{"confidence_interval":{"confidence_level":0.95,"lower_bound":-0.010966042113555138,"upper_bound":-0.006154623818070637},"point_estimate":-0.008579019778074404,"standard_error":0.0012418209716436013},"median":{"confidence_interval":{"confidence_level":0.95,"lower_bound":-0.013619506369973333,"upper_bound":-0.008921884819267811},"point_estimate":-0.012122713408456609,"standard_error":0.0012022664460640006}}