{"mean":{"confidence_interval":{"confidence_level":0.95,"lower_bound":-0.023984543987041564,"upper_bound":-0.018809025204044975},"point_estimate":-0.021416501103408092,"standard_error":0.0013292476954934321},"median":{"confidence_interval":{"confidence_level":0.95,"lower_bound":-0.02139254128572543,"upper_bound":-0.016473886352099454},"point_estimate":-0.019430220248519592,"standard_error":0.0012513224532166843}}