{"mean":{"confidence_interval":{"confidence_level":0.95,"lower_bound":-0.06685738917087021,"upper_bound":-0.060159049964787006},"point_estimate":-0.06299214466746694,"standard_error":0.0017437138619624125},"median":{"confidence_interval":{"confidence_level":0.95,"lower_bound":-0.06151474360675102,"upper_bound":-0.05979102965487426},"point_estimate":-0.060535612211217726,"standard_error":0.00044630856168641046}}