{"mean":{"confidence_interval":{"confidence_level":0.95,"lower_bound":0.0035338444335662866,"upper_bound":0.010247777774852418},"point_estimate":0.0068407992106753746,"standard_error":0.0017144046819878884},"median":{"confidence_interval":{"confidence_level":0.95,"lower_bound":0.0036811613356326238,"upper_bound":0.0062575364361225905},"point_estimate":0.004944832079282646,"standard_error":0.0006974779625675662}}