{"mean":{"confidence_interval":{"confidence_level":0.95,"lower_bound":0.024244306114887336,"upper_bound":0.028062979659141164},"point_estimate":0.026282365352435555,"standard_error":0.0009712190152514565},"median":{"confidence_interval":{"confidence_level":0.95,"lower_bound":0.02628430295615969,"upper_bound":0.027849215935018323},"point_estimate":0.026686294713383907,"standard_error":0.00041354375022113743}}