{"mean":{"confidence_interval":{"confidence_level":0.95,"lower_bound":-0.000641278576779869,"upper_bound":0.009446470135936247},"point_estimate":0.003545484721840575,"standard_error":0.0026328308009025184},"median":{"confidence_interval":{"confidence_level":0.95,"lower_bound":-0.0012352448382698666,"upper_bound":0.0013938829332002013},"point_estimate":0.000041387153127292464,"standard_error":0.000681966761160153}}