{"mean":{"confidence_interval":{"confidence_level":0.95,"lower_bound":-0.00428690962720381,"upper_bound":0.002586400274475081},"point_estimate":-0.0004301274634590513,"standard_error":0.0017615515814061301},"median":{"confidence_interval":{"confidence_level":0.95,"lower_bound":0.00021123807758538504,"upper_bound":0.002700823472925107},"point_estimate":0.0016872832324323905,"standard_error":0.0006770788580833479}}