{"mean":{"confidence_interval":{"confidence_level":0.95,"lower_bound":-0.01285771615727021,"upper_bound":0.004194846744101168},"point_estimate":-0.00458987030872926,"standard_error":0.004286866387050489},"median":{"confidence_interval":{"confidence_level":0.95,"lower_bound":-0.008103500814007458,"upper_bound":-0.006029890317463704},"point_estimate":-0.007070151191212348,"standard_error":0.0005328834141204876}}