{"mean":{"confidence_interval":{"confidence_level":0.95,"lower_bound":0.035831392927104404,"upper_bound":0.043761353395593394},"point_estimate":0.040101966397267486,"standard_error":0.0020316618673340983},"median":{"confidence_interval":{"confidence_level":0.95,"lower_bound":0.03588006845612024,"upper_bound":0.04381665569505433},"point_estimate":0.039619478547419096,"standard_error":0.002045464977966957}}