{"mean":{"confidence_interval":{"confidence_level":0.95,"lower_bound":-0.00846365131194092,"upper_bound":0.0001834722744209289},"point_estimate":-0.0032409322097014526,"standard_error":0.002312046176805321},"median":{"confidence_interval":{"confidence_level":0.95,"lower_bound":-0.0022743121531003663,"upper_bound":-0.0005814124004770264},"point_estimate":-0.0014637141306715895,"standard_error":0.00043427842058741723}}