{"mean":{"confidence_interval":{"confidence_level":0.95,"lower_bound":1.7652011000912924,"upper_bound":1.7785657227911562},"point_estimate":1.7721192245300688,"standard_error":0.0034148764126566665},"median":{"confidence_interval":{"confidence_level":0.95,"lower_bound":1.7704712438603822,"upper_bound":1.7820835505548058},"point_estimate":1.7752573968199732,"standard_error":0.0031056133342580424}}