{"mean":{"confidence_interval":{"confidence_level":0.95,"lower_bound":-0.07067756300858086,"upper_bound":-0.06621357448146571},"point_estimate":-0.0683360337857396,"standard_error":0.0011340421651555163},"median":{"confidence_interval":{"confidence_level":0.95,"lower_bound":-0.06931480044754734,"upper_bound":-0.06603064499263689},"point_estimate":-0.06717151181371461,"standard_error":0.0008322198878980806}}