{"mean":{"confidence_interval":{"confidence_level":0.95,"lower_bound":0.09585756644086035,"upper_bound":0.12141959883691193},"point_estimate":0.10893856800356505,"standard_error":0.006312930218220173},"median":{"confidence_interval":{"confidence_level":0.95,"lower_bound":0.07646990882863029,"upper_bound":0.1007017622388644},"point_estimate":0.08566457079178824,"standard_error":0.005823532868929482}}