{"mean":{"confidence_interval":{"confidence_level":0.95,"lower_bound":0.16933183308844543,"upper_bound":0.17617670067938335},"point_estimate":0.17270896845307582,"standard_error":0.001754311481322145},"median":{"confidence_interval":{"confidence_level":0.95,"lower_bound":0.17126004794797933,"upper_bound":0.17625237367564206},"point_estimate":0.1730703575163084,"standard_error":0.0013351384866715499}}