{"mean":{"confidence_interval":{"confidence_level":0.95,"lower_bound":-0.0274803892265199,"upper_bound":0.015620218000907174},"point_estimate":-0.0019861812285315583,"standard_error":0.01150339641750202},"median":{"confidence_interval":{"confidence_level":0.95,"lower_bound":0.004263891564985078,"upper_bound":0.008364895149933327},"point_estimate":0.005848571932660196,"standard_error":0.0010929099238059592}}