{"mean":{"confidence_interval":{"confidence_level":0.95,"lower_bound":-0.002771027533942144,"upper_bound":0.005700551245936784},"point_estimate":0.0012252367800607011,"standard_error":0.002172101592587045},"median":{"confidence_interval":{"confidence_level":0.95,"lower_bound":-0.0017498490508593978,"upper_bound":0.0006340103438797762},"point_estimate":-0.0005148025132140077,"standard_error":0.0005963757362774594}}