{"mean":{"confidence_interval":{"confidence_level":0.95,"lower_bound":-0.09389977948364468,"upper_bound":-0.08796059222342921},"point_estimate":-0.09049935416894817,"standard_error":0.0015337264625038126},"median":{"confidence_interval":{"confidence_level":0.95,"lower_bound":-0.0902836245066962,"upper_bound":-0.08669562170196654},"point_estimate":-0.08816300349670114,"standard_error":0.0009589707521026221}}