{"mean":{"confidence_interval":{"confidence_level":0.95,"lower_bound":1.4938492844465323,"upper_bound":1.5291672342568332},"point_estimate":1.5085449543567497,"standard_error":0.009555835480949277},"median":{"confidence_interval":{"confidence_level":0.95,"lower_bound":1.4941092382074017,"upper_bound":1.5004292954255467},"point_estimate":1.4977644435715054,"standard_error":0.0016217328851926846}}