{"mean":{"confidence_interval":{"confidence_level":0.95,"lower_bound":1.7247944082664,"upper_bound":1.7424723116512857},"point_estimate":1.7335826157111134,"standard_error":0.0044847015296421225},"median":{"confidence_interval":{"confidence_level":0.95,"lower_bound":1.7297735930322706,"upper_bound":1.74114267127819},"point_estimate":1.7369979360548133,"standard_error":0.002985922150856054}}