{"mean":{"confidence_interval":{"confidence_level":0.95,"lower_bound":-0.002452541696595217,"upper_bound":0.004071194265242754},"point_estimate":0.0010728619673834316,"standard_error":0.0016657527232390946},"median":{"confidence_interval":{"confidence_level":0.95,"lower_bound":0.000679648919227283,"upper_bound":0.0035332330500708496},"point_estimate":0.0021976648308961177,"standard_error":0.0007385392639747305}}