{"mean":{"confidence_interval":{"confidence_level":0.95,"lower_bound":-0.006201511631986499,"upper_bound":0.01087707298086603},"point_estimate":0.002314706237994457,"standard_error":0.004357249466234908},"median":{"confidence_interval":{"confidence_level":0.95,"lower_bound":-0.0018479127885001612,"upper_bound":0.0013218153707170721},"point_estimate":-0.0000975413461055119,"standard_error":0.0008213381082211081}}