{"mean":{"confidence_interval":{"confidence_level":0.95,"lower_bound":-0.10151236372962298,"upper_bound":-0.08617633197772548},"point_estimate":-0.09346843596755994,"standard_error":0.0038882700847017305},"median":{"confidence_interval":{"confidence_level":0.95,"lower_bound":-0.09353146438881932,"upper_bound":-0.09115226256732445},"point_estimate":-0.09225980072472462,"standard_error":0.0006120469129549585}}