{"mean":{"confidence_interval":{"confidence_level":0.95,"lower_bound":-0.11086460801245171,"upper_bound":-0.10020326124085664},"point_estimate":-0.10541149555777607,"standard_error":0.0026807782154255858},"median":{"confidence_interval":{"confidence_level":0.95,"lower_bound":-0.11243137319490293,"upper_bound":-0.1074304723832199},"point_estimate":-0.11057789362245429,"standard_error":0.0012492802450983316}}