{"mean":{"confidence_interval":{"confidence_level":0.95,"lower_bound":-0.08904499637560168,"upper_bound":-0.08265034224191724},"point_estimate":-0.0860717469439446,"standard_error":0.0016662414496316856},"median":{"confidence_interval":{"confidence_level":0.95,"lower_bound":-0.08888271376964096,"upper_bound":-0.08586328822084044},"point_estimate":-0.08719225777381401,"standard_error":0.0007700449242795862}}