{"mean":{"confidence_interval":{"confidence_level":0.95,"lower_bound":-0.11736660018813512,"upper_bound":-0.10704189197573935},"point_estimate":-0.11175087474638801,"standard_error":0.0026490941156665842},"median":{"confidence_interval":{"confidence_level":0.95,"lower_bound":-0.11054926533389152,"upper_bound":-0.10735524623092907},"point_estimate":-0.10850114664027877,"standard_error":0.0008638533522692793}}