{"mean":{"confidence_interval":{"confidence_level":0.95,"lower_bound":-0.00812223262372855,"upper_bound":-0.0006845688426857954},"point_estimate":-0.0045711836646282755,"standard_error":0.0019049945882438656},"median":{"confidence_interval":{"confidence_level":0.95,"lower_bound":-0.010121873820307048,"upper_bound":-0.006744192858934017},"point_estimate":-0.008213958187177517,"standard_error":0.000911685188376577}}