{"mean":{"confidence_interval":{"confidence_level":0.95,"lower_bound":0.09223814917622859,"upper_bound":0.10668154162125218},"point_estimate":0.10028556713116776,"standard_error":0.0036804107069555764},"median":{"confidence_interval":{"confidence_level":0.95,"lower_bound":0.10125042844187049,"upper_bound":0.1038682415928216},"point_estimate":0.10248954610113792,"standard_error":0.0006691361071869448}}