{"mean":{"confidence_interval":{"confidence_level":0.95,"lower_bound":0.10126880403664205,"upper_bound":0.11635167518899876},"point_estimate":0.10740287128996728,"standard_error":0.0038895015484057102},"median":{"confidence_interval":{"confidence_level":0.95,"lower_bound":0.100456451071121,"upper_bound":0.10358534051747738},"point_estimate":0.10188658383985127,"standard_error":0.0007707716595540577}}