{"mean":{"confidence_interval":{"confidence_level":0.95,"lower_bound":-0.006632860845989219,"upper_bound":0.0033410613577979477},"point_estimate":-0.0020118579653313207,"standard_error":0.0025576218979863215},"median":{"confidence_interval":{"confidence_level":0.95,"lower_bound":-0.007447599353115009,"upper_bound":0.0012837159472820492},"point_estimate":-0.0025853746848089054,"standard_error":0.0021628997593218396}}