{"mean":{"confidence_interval":{"confidence_level":0.95,"lower_bound":0.007212477361004422,"upper_bound":0.01489195652599924},"point_estimate":0.010437875826466492,"standard_error":0.001956862444993379},"median":{"confidence_interval":{"confidence_level":0.95,"lower_bound":0.006247441701380474,"upper_bound":0.010319809473878339},"point_estimate":0.008621572951995837,"standard_error":0.001043509338152711}}