{"mean":{"confidence_interval":{"confidence_level":0.95,"lower_bound":1.595348012680438,"upper_bound":1.6042772992012402},"point_estimate":1.6000436064864907,"standard_error":0.0022788700418900918},"median":{"confidence_interval":{"confidence_level":0.95,"lower_bound":1.6006945490033853,"upper_bound":1.6056751413316461},"point_estimate":1.603024442388119,"standard_error":0.001249839062763619}}