{"mean":{"confidence_interval":{"confidence_level":0.95,"lower_bound":-0.10642465382645704,"upper_bound":-0.08156590978795633},"point_estimate":-0.09427598188242381,"standard_error":0.006336373302439254},"median":{"confidence_interval":{"confidence_level":0.95,"lower_bound":-0.09126746319393253,"upper_bound":-0.07047163679999455},"point_estimate":-0.07887119794128028,"standard_error":0.005152759272979905}}