{"mean":{"confidence_interval":{"confidence_level":0.95,"lower_bound":0.001313066322041418,"upper_bound":0.013051057211276973},"point_estimate":0.006052564519962722,"standard_error":0.003000393163621844},"median":{"confidence_interval":{"confidence_level":0.95,"lower_bound":0.0026142775723621003,"upper_bound":0.007087235893731281},"point_estimate":0.004538375100639147,"standard_error":0.0012226859458587965}}