{"mean":{"confidence_interval":{"confidence_level":0.95,"lower_bound":0.04383074223876753,"upper_bound":0.05624949117296184},"point_estimate":0.050157081771949885,"standard_error":0.0031705281264681785},"median":{"confidence_interval":{"confidence_level":0.95,"lower_bound":0.046003474764026595,"upper_bound":0.058177050488187554},"point_estimate":0.05102868020404472,"standard_error":0.0034943141514520016}}