{"mean":{"confidence_interval":{"confidence_level":0.95,"lower_bound":-0.15728759712703025,"upper_bound":-0.14813905870610491},"point_estimate":-0.15219706300453129,"standard_error":0.0023625007626539786},"median":{"confidence_interval":{"confidence_level":0.95,"lower_bound":-0.15259666556705653,"upper_bound":-0.14844505844844724},"point_estimate":-0.15036694623128077,"standard_error":0.0010500541063131255}}