{"mean":{"confidence_interval":{"confidence_level":0.95,"lower_bound":0.020682141714897306,"upper_bound":0.03260762864079911},"point_estimate":0.026858612200130638,"standard_error":0.0030694660750848813},"median":{"confidence_interval":{"confidence_level":0.95,"lower_bound":0.01042526068037132,"upper_bound":0.025452932099906622},"point_estimate":0.016674578224569414,"standard_error":0.00429274667079929}}