{"mean":{"confidence_interval":{"confidence_level":0.95,"lower_bound":-0.22635499284593774,"upper_bound":-0.22393614484905328},"point_estimate":-0.22516558082544924,"standard_error":0.0006152096655215748},"median":{"confidence_interval":{"confidence_level":0.95,"lower_bound":-0.22534264662877446,"upper_bound":-0.22374362745178222},"point_estimate":-0.2245712132636234,"standard_error":0.00039271751240800893}}