{"mean":{"confidence_interval":{"confidence_level":0.95,"lower_bound":0.013892472120292283,"upper_bound":0.02684272748758431},"point_estimate":0.0204901354656164,"standard_error":0.0032580282543812184},"median":{"confidence_interval":{"confidence_level":0.95,"lower_bound":0.007582169591464183,"upper_bound":0.01840971074577883},"point_estimate":0.011720751184702172,"standard_error":0.002641646747802888}}