{"mean":{"confidence_interval":{"confidence_level":0.95,"lower_bound":0.08930303125274783,"upper_bound":0.09699924666211328},"point_estimate":0.093640676850272,"standard_error":0.0019807027617567145},"median":{"confidence_interval":{"confidence_level":0.95,"lower_bound":0.09400117026964,"upper_bound":0.09762928391637571},"point_estimate":0.09564615760306006,"standard_error":0.0009249181012603396}}