{"mean":{"confidence_interval":{"confidence_level":0.95,"lower_bound":-0.025181450519046567,"upper_bound":-0.013028392150232968},"point_estimate":-0.019658133799362987,"standard_error":0.003077006382940087},"median":{"confidence_interval":{"confidence_level":0.95,"lower_bound":-0.02787536213887285,"upper_bound":-0.020923268760930758},"point_estimate":-0.024350813504757207,"standard_error":0.0015935645883807348}}