{"mean":{"confidence_interval":{"confidence_level":0.95,"lower_bound":-0.6173655075672557,"upper_bound":-0.6151533565188865},"point_estimate":-0.6164143933275985,"standard_error":0.0005629902459390002},"median":{"confidence_interval":{"confidence_level":0.95,"lower_bound":-0.6178125060380186,"upper_bound":-0.6165773329335527},"point_estimate":-0.6171156390902065,"standard_error":0.0003151421272762404}}