{"mean":{"confidence_interval":{"confidence_level":0.95,"lower_bound":0.015217288277671843,"upper_bound":0.029230855611279385},"point_estimate":0.02236947689140223,"standard_error":0.003555979144787446},"median":{"confidence_interval":{"confidence_level":0.95,"lower_bound":0.0294928089451576,"upper_bound":0.03277479567552244},"point_estimate":0.03176132522431341,"standard_error":0.0008443914860953984}}