{"mean":{"confidence_interval":{"confidence_level":0.95,"lower_bound":-0.07490596262252316,"upper_bound":-0.06650435741978494},"point_estimate":-0.07087403320498431,"standard_error":0.0021574370964856466},"median":{"confidence_interval":{"confidence_level":0.95,"lower_bound":-0.07460752268431858,"upper_bound":-0.07056020140921782},"point_estimate":-0.07278518944658974,"standard_error":0.001102880493997656}}