{"mean":{"confidence_interval":{"confidence_level":0.95,"lower_bound":0.03424398166518406,"upper_bound":0.04860067036435246},"point_estimate":0.04107407170714783,"standard_error":0.0036578011386165306},"median":{"confidence_interval":{"confidence_level":0.95,"lower_bound":0.03328745838008551,"upper_bound":0.03629722003492009},"point_estimate":0.034692738490690544,"standard_error":0.0007635481788819115}}