{"mean":{"confidence_interval":{"confidence_level":0.95,"lower_bound":-0.00026472738454918826,"upper_bound":0.024754200766638604},"point_estimate":0.010947077894939428,"standard_error":0.0063724557232727975},"median":{"confidence_interval":{"confidence_level":0.95,"lower_bound":-0.00007919940257855266,"upper_bound":0.004409104345880044},"point_estimate":0.002332747394087953,"standard_error":0.0011694962838423378}}