{"mean":{"confidence_interval":{"confidence_level":0.95,"lower_bound":0.00043444420708741485,"upper_bound":0.013020886456142028},"point_estimate":0.00798565239306237,"standard_error":0.003333549378859092},"median":{"confidence_interval":{"confidence_level":0.95,"lower_bound":0.00969920214788278,"upper_bound":0.013832004329925152},"point_estimate":0.011553170489238651,"standard_error":0.0010746861588489718}}