{"mean":{"confidence_interval":{"confidence_level":0.95,"lower_bound":-0.060192402607884145,"upper_bound":-0.05062190783974794},"point_estimate":-0.05564531531340544,"standard_error":0.002421922152752779},"median":{"confidence_interval":{"confidence_level":0.95,"lower_bound":-0.06316263765752328,"upper_bound":-0.05814516228600464},"point_estimate":-0.06119093987156199,"standard_error":0.0012438685302911278}}