{"mean":{"confidence_interval":{"confidence_level":0.95,"lower_bound":0.09564705243306681,"upper_bound":0.09900037610057465},"point_estimate":0.09727978796223624,"standard_error":0.0008516049192181353},"median":{"confidence_interval":{"confidence_level":0.95,"lower_bound":0.09451379359236234,"upper_bound":0.09852925369492005},"point_estimate":0.09613145444836202,"standard_error":0.00107111170806758}}