{"mean":{"confidence_interval":{"confidence_level":0.95,"lower_bound":0.0013495273171899255,"upper_bound":0.00663889317546622},"point_estimate":0.004052110309350487,"standard_error":0.001341416975490292},"median":{"confidence_interval":{"confidence_level":0.95,"lower_bound":0.002886675683752893,"upper_bound":0.008424887856655294},"point_estimate":0.00607430975065637,"standard_error":0.0014414720794302194}}