{"mean":{"confidence_interval":{"confidence_level":0.95,"lower_bound":-0.016382616739535748,"upper_bound":0.006129236779789101},"point_estimate":-0.00371007709125315,"standard_error":0.005829670077971977},"median":{"confidence_interval":{"confidence_level":0.95,"lower_bound":0.008773328462437169,"upper_bound":0.011634068100018881},"point_estimate":0.009915634032914511,"standard_error":0.0007222649676940963}}