{"mean":{"confidence_interval":{"confidence_level":0.95,"lower_bound":-0.09350867227018989,"upper_bound":-0.08928864968993547},"point_estimate":-0.09145583116332257,"standard_error":0.0010665128294989443},"median":{"confidence_interval":{"confidence_level":0.95,"lower_bound":-0.09302622081852896,"upper_bound":-0.09051929498321076},"point_estimate":-0.09172394023020025,"standard_error":0.0006226944019150094}}