{"mean":{"confidence_interval":{"confidence_level":0.95,"lower_bound":0.03634730780765243,"upper_bound":0.05528293706390738},"point_estimate":0.04511037826783992,"standard_error":0.004809543478691622},"median":{"confidence_interval":{"confidence_level":0.95,"lower_bound":0.043721151217777754,"upper_bound":0.05506550157444079},"point_estimate":0.05146089628508799,"standard_error":0.0029167707073797975}}