{"mean":{"confidence_interval":{"confidence_level":0.95,"lower_bound":0.06955483386743502,"upper_bound":0.07467576970775584},"point_estimate":0.0720137922502837,"standard_error":0.0013129103000881915},"median":{"confidence_interval":{"confidence_level":0.95,"lower_bound":0.06894339231682234,"upper_bound":0.0722311392761581},"point_estimate":0.07030007001430083,"standard_error":0.0008005825776130727}}