{"mean":{"confidence_interval":{"confidence_level":0.95,"lower_bound":0.0779418838772242,"upper_bound":0.09287369275840976},"point_estimate":0.08685764925704054,"standard_error":0.003952122838607324},"median":{"confidence_interval":{"confidence_level":0.95,"lower_bound":0.08869696630995712,"upper_bound":0.09371785674238833},"point_estimate":0.09059491789811136,"standard_error":0.0012849536039457384}}