{"mean":{"confidence_interval":{"confidence_level":0.95,"lower_bound":-0.046433618632935075,"upper_bound":-0.037353321313265006},"point_estimate":-0.041500263309077634,"standard_error":0.0023134583391536973},"median":{"confidence_interval":{"confidence_level":0.95,"lower_bound":-0.04333183755077474,"upper_bound":-0.036765025015511044},"point_estimate":-0.04042789127633206,"standard_error":0.001693667512902349}}