{"mean":{"confidence_interval":{"confidence_level":0.95,"lower_bound":-0.006204880561940181,"upper_bound":-0.0013566477851102627},"point_estimate":-0.003638360145898356,"standard_error":0.0012307845171137817},"median":{"confidence_interval":{"confidence_level":0.95,"lower_bound":-0.004039350824185495,"upper_bound":-0.0003397931357709272},"point_estimate":-0.002252574689057041,"standard_error":0.0009294477945814763}}