{"mean":{"confidence_interval":{"confidence_level":0.95,"lower_bound":-0.007750409967851029,"upper_bound":0.006087107093529526},"point_estimate":-0.0007513280180866388,"standard_error":0.003530761512702783},"median":{"confidence_interval":{"confidence_level":0.95,"lower_bound":-0.0023871706550503413,"upper_bound":0.003783773480758274},"point_estimate":0.0014862295994151342,"standard_error":0.001618103133886926}}