{"mean":{"confidence_interval":{"confidence_level":0.95,"lower_bound":-0.007965937893246665,"upper_bound":0.0021881790030897114},"point_estimate":-0.0031191052186371193,"standard_error":0.0025797949288039377},"median":{"confidence_interval":{"confidence_level":0.95,"lower_bound":-0.007299196286356693,"upper_bound":-0.0017543515194620163},"point_estimate":-0.004450487957694982,"standard_error":0.0013882563077651218}}