{"mean":{"confidence_interval":{"confidence_level":0.95,"lower_bound":-0.011921923677733785,"upper_bound":-0.002118486133068025},"point_estimate":-0.006630487910519567,"standard_error":0.0024965782775126177},"median":{"confidence_interval":{"confidence_level":0.95,"lower_bound":-0.007307026986568488,"upper_bound":-0.0024017615272545756},"point_estimate":-0.005004798372794994,"standard_error":0.0012894367797181097}}