{"mean":{"confidence_interval":{"confidence_level":0.95,"lower_bound":-0.01689568882535554,"upper_bound":-0.0018188574656790835},"point_estimate":-0.008003971242709906,"standard_error":0.003938563108325581},"median":{"confidence_interval":{"confidence_level":0.95,"lower_bound":-0.0043611739440830855,"upper_bound":-0.0010475729835790482},"point_estimate":-0.0026181269302198995,"standard_error":0.0008530393820324567}}