{"mean":{"confidence_interval":{"confidence_level":0.95,"lower_bound":7194234.8148125,"upper_bound":7274609.5881875},"point_estimate":7233711.53375,"standard_error":20511.064048085947},"median":{"confidence_interval":{"confidence_level":0.95,"lower_bound":7098710.9375,"upper_bound":7207385.5},"point_estimate":7152260.75,"standard_error":32956.796352510326},"median_abs_dev":{"confidence_interval":{"confidence_level":0.95,"lower_bound":97081.94355145097,"upper_bound":232132.2531413287},"point_estimate":162322.36545570195,"standard_error":39144.34572011892},"slope":null,"std_dev":{"confidence_interval":{"confidence_level":0.95,"lower_bound":178936.67113179856,"upper_bound":229275.95751287072},"point_estimate":206153.524516313,"standard_error":12874.362621016477}}