{"mean":{"confidence_interval":{"confidence_level":0.95,"lower_bound":7074829.709656251,"upper_bound":7161740.5425},"point_estimate":7112439.1775,"standard_error":22487.419830216306},"median":{"confidence_interval":{"confidence_level":0.95,"lower_bound":7046042.25,"upper_bound":7073077.625},"point_estimate":7058864.875,"standard_error":7254.655443795096},"median_abs_dev":{"confidence_interval":{"confidence_level":0.95,"lower_bound":50888.66883404553,"upper_bound":87495.45212164521},"point_estimate":70045.43575644493,"standard_error":8988.466841899639},"slope":null,"std_dev":{"confidence_interval":{"confidence_level":0.95,"lower_bound":100985.38627401953,"upper_bound":347859.4092877861},"point_estimate":226730.96070744528,"standard_error":72338.73945808447}}