{"mean":{"confidence_interval":{"confidence_level":0.95,"lower_bound":6727241.570250004,"upper_bound":6862096.797150001},"point_estimate":6784153.512,"standard_error":35101.79313075313},"median":{"confidence_interval":{"confidence_level":0.95,"lower_bound":6704110.8,"upper_bound":6749807.4},"point_estimate":6729811.9,"standard_error":12789.332156878474},"median_abs_dev":{"confidence_interval":{"confidence_level":0.95,"lower_bound":72738.7268686289,"upper_bound":115811.96260392679},"point_estimate":92206.45060300882,"standard_error":11280.259708524338},"slope":null,"std_dev":{"confidence_interval":{"confidence_level":0.95,"lower_bound":86949.1800989195,"upper_bound":554954.7494623251},"point_estimate":353167.09643263376,"standard_error":122140.08299943406}}