{"mean":{"confidence_interval":{"confidence_level":0.95,"lower_bound":6473841.365,"upper_bound":6495732.38625},"point_estimate":6482375.82,"standard_error":5793.944796163854},"median":{"confidence_interval":{"confidence_level":0.95,"lower_bound":6470461.625,"upper_bound":6476473.25},"point_estimate":6472749.4375,"standard_error":1534.3896898849105},"median_abs_dev":{"confidence_interval":{"confidence_level":0.95,"lower_bound":10350.864378735423,"upper_bound":16056.835702434182},"point_estimate":13178.367853537202,"standard_error":1383.617579699748},"slope":null,"std_dev":{"confidence_interval":{"confidence_level":0.95,"lower_bound":15730.209826930166,"upper_bound":94715.96835668437},"point_estimate":57738.86379171141,"standard_error":25230.828485191385}}