{"mean":{"confidence_interval":{"confidence_level":0.95,"lower_bound":9073444.461666668,"upper_bound":9147843.823916662},"point_estimate":9110909.143333334,"standard_error":18939.637880687358},"median":{"confidence_interval":{"confidence_level":0.95,"lower_bound":9066129.5,"upper_bound":9140911.75},"point_estimate":9107913.666666668,"standard_error":20130.889055772477},"median_abs_dev":{"confidence_interval":{"confidence_level":0.95,"lower_bound":139349.81862604525,"upper_bound":219843.38349700067},"point_estimate":192452.8431832795,"standard_error":19904.384976425197},"slope":null,"std_dev":{"confidence_interval":{"confidence_level":0.95,"lower_bound":152947.8458044708,"upper_bound":228040.94943572575},"point_estimate":190570.40607800632,"standard_error":19273.074885984355}}