{"mean":{"confidence_interval":{"confidence_level":0.95,"lower_bound":7042468.89084375,"upper_bound":7054643.18090625},"point_estimate":7048325.5425,"standard_error":3122.280028713474},"median":{"confidence_interval":{"confidence_level":0.95,"lower_bound":7033798.0625,"upper_bound":7045523.4375},"point_estimate":7039260.1875,"standard_error":2757.044087888934},"median_abs_dev":{"confidence_interval":{"confidence_level":0.95,"lower_bound":15841.117406263947,"upper_bound":29819.16262060404},"point_estimate":24389.04755450785,"standard_error":3503.837363013248},"slope":null,"std_dev":{"confidence_interval":{"confidence_level":0.95,"lower_bound":25167.805352990592,"upper_bound":37132.52397787896},"point_estimate":31476.810042722926,"standard_error":3055.5581524712043}}