{"mean":{"confidence_interval":{"confidence_level":0.95,"lower_bound":6165441.861722222,"upper_bound":6173440.463305555},"point_estimate":6169420.22111111,"standard_error":2037.6943336754102},"median":{"confidence_interval":{"confidence_level":0.95,"lower_bound":6164415.666666667,"upper_bound":6172995.333333333},"point_estimate":6167637.944444444,"standard_error":2090.230176621382},"median_abs_dev":{"confidence_interval":{"confidence_level":0.95,"lower_bound":15320.77629466959,"upper_bound":25579.544445872078},"point_estimate":20532.85650213598,"standard_error":2590.786966077031},"slope":null,"std_dev":{"confidence_interval":{"confidence_level":0.95,"lower_bound":17048.01905388594,"upper_bound":23923.41383991881},"point_estimate":20513.023192230157,"standard_error":1753.2692970143148}}