{"mean":{"confidence_interval":{"confidence_level":0.95,"lower_bound":7017398.98375,"upper_bound":7052869.51534375},"point_estimate":7032253.53,"standard_error":9193.802934573105},"median":{"confidence_interval":{"confidence_level":0.95,"lower_bound":7014167.125,"upper_bound":7023459.625},"point_estimate":7018375.875,"standard_error":2198.882744913388},"median_abs_dev":{"confidence_interval":{"confidence_level":0.95,"lower_bound":16548.03960621357,"upper_bound":27646.968334168196},"point_estimate":21678.113502636552,"standard_error":2857.087774689366},"slope":null,"std_dev":{"confidence_interval":{"confidence_level":0.95,"lower_bound":24915.70367736049,"upper_bound":145182.69826170776},"point_estimate":91960.89424373128,"standard_error":31914.287495630986}}