{"mean":{"confidence_interval":{"confidence_level":0.95,"lower_bound":8509925.874250002,"upper_bound":9112794.110125003},"point_estimate":8716318.006666668,"standard_error":190097.9260862181},"median":{"confidence_interval":{"confidence_level":0.95,"lower_bound":8498924.666666668,"upper_bound":8506330.666666666},"point_estimate":8503042.166666668,"standard_error":1993.6509011655605},"median_abs_dev":{"confidence_interval":{"confidence_level":0.95,"lower_bound":11788.115325719122,"upper_bound":20366.970038414922},"point_estimate":16027.399915459073,"standard_error":2113.0477203929927},"slope":null,"std_dev":{"confidence_interval":{"confidence_level":0.95,"lower_bound":27004.457422227995,"upper_bound":3280971.39798298},"point_estimate":1915395.666417686,"standard_error":1154870.8910347086}}