{"mean":{"confidence_interval":{"confidence_level":0.95,"lower_bound":8501533.890708333,"upper_bound":8510811.183916666},"point_estimate":8505899.718333334,"standard_error":2368.0833461982957},"median":{"confidence_interval":{"confidence_level":0.95,"lower_bound":8495222.666666666,"upper_bound":8502933.916666668},"point_estimate":8499744.583333334,"standard_error":2044.1177820706373},"median_abs_dev":{"confidence_interval":{"confidence_level":0.95,"lower_bound":9525.210630895548,"upper_bound":17074.856796861615},"point_estimate":13282.860264182551,"standard_error":1915.5831251110196},"slope":null,"std_dev":{"confidence_interval":{"confidence_level":0.95,"lower_bound":15839.81280285592,"upper_bound":30608.26043740802},"point_estimate":23843.138412304586,"standard_error":3762.447024245921}}