{"mean":{"confidence_interval":{"confidence_level":0.95,"lower_bound":8505972.915791672,"upper_bound":8518388.165416662},"point_estimate":8511532.571666667,"standard_error":3188.00761343481},"median":{"confidence_interval":{"confidence_level":0.95,"lower_bound":8499828.333333334,"upper_bound":8507661.333333334},"point_estimate":8503788.333333334,"standard_error":2094.876335154982},"median_abs_dev":{"confidence_interval":{"confidence_level":0.95,"lower_bound":9762.667549177533,"upper_bound":16071.87791466805},"point_estimate":13026.123368740082,"standard_error":1671.8501840989368},"slope":null,"std_dev":{"confidence_interval":{"confidence_level":0.95,"lower_bound":16668.671274352226,"upper_bound":46817.06552266713},"point_estimate":32195.746209676414,"standard_error":8021.79815777533}}