{"mean":{"confidence_interval":{"confidence_level":0.95,"lower_bound":9603705.20825,"upper_bound":9676731.70366667},"point_estimate":9631856.870000003,"standard_error":19591.781538492552},"median":{"confidence_interval":{"confidence_level":0.95,"lower_bound":9599349.5,"upper_bound":9604934.333333334},"point_estimate":9602179.916666668,"standard_error":1418.6437970317982},"median_abs_dev":{"confidence_interval":{"confidence_level":0.95,"lower_bound":9513.59693109805,"upper_bound":16260.662311314616},"point_estimate":13279.400864243047,"standard_error":1755.090234131902},"slope":null,"std_dev":{"confidence_interval":{"confidence_level":0.95,"lower_bound":17005.968864264203,"upper_bound":325850.7590288051},"point_estimate":197598.8809932875,"standard_error":89653.95710502053}}