{"mean":{"confidence_interval":{"confidence_level":0.95,"lower_bound":14127327.63025,"upper_bound":14146252.8795},"point_estimate":14136121.0225,"standard_error":4830.985130429045},"median":{"confidence_interval":{"confidence_level":0.95,"lower_bound":14115526.75,"upper_bound":14132413.25},"point_estimate":14122026.25,"standard_error":3616.965950329935},"median_abs_dev":{"confidence_interval":{"confidence_level":0.95,"lower_bound":19330.13845682144,"upper_bound":35904.494212567806},"point_estimate":29084.904983639717,"standard_error":4653.320658780314},"slope":null,"std_dev":{"confidence_interval":{"confidence_level":0.95,"lower_bound":30607.25148385497,"upper_bound":67076.84912804277},"point_estimate":48718.265189359176,"standard_error":9646.354683466492}}