{"mean":{"confidence_interval":{"confidence_level":0.95,"lower_bound":9603284.496875001,"upper_bound":9614150.158208339},"point_estimate":9608048.798333336,"standard_error":2793.4552677201827},"median":{"confidence_interval":{"confidence_level":0.95,"lower_bound":9597912.5,"upper_bound":9604330.5},"point_estimate":9602201.416666668,"standard_error":1727.2971970689687},"median_abs_dev":{"confidence_interval":{"confidence_level":0.95,"lower_bound":8263.270953297615,"upper_bound":13726.034106313722},"point_estimate":10771.088808774948,"standard_error":1449.6713997051029},"slope":null,"std_dev":{"confidence_interval":{"confidence_level":0.95,"lower_bound":14220.866008802275,"upper_bound":42125.66211570387},"point_estimate":28102.996236979376,"standard_error":8235.846041091909}}