{"mean":{"confidence_interval":{"confidence_level":0.95,"lower_bound":9607954.768250005,"upper_bound":9642666.931666665},"point_estimate":9622344.22,"standard_error":9076.979832470079},"median":{"confidence_interval":{"confidence_level":0.95,"lower_bound":9603169.666666666,"upper_bound":9607671.416666666},"point_estimate":9606110.75,"standard_error":1171.2617087895799},"median_abs_dev":{"confidence_interval":{"confidence_level":0.95,"lower_bound":6912.004627286928,"upper_bound":12110.247235000134},"point_estimate":9593.16312968731,"standard_error":1376.7940855025631},"slope":null,"std_dev":{"confidence_interval":{"confidence_level":0.95,"lower_bound":12723.387025714426,"upper_bound":143110.20171550574},"point_estimate":91262.61026823254,"standard_error":34464.26576037096}}