{"mean":{"confidence_interval":{"confidence_level":0.95,"lower_bound":8549347.248166671,"upper_bound":8726389.127666667},"point_estimate":8610237.94166667,"standard_error":55808.70038867564},"median":{"confidence_interval":{"confidence_level":0.95,"lower_bound":8540982.583333332,"upper_bound":8551108.833333334},"point_estimate":8545217.0,"standard_error":2737.377168342849},"median_abs_dev":{"confidence_interval":{"confidence_level":0.95,"lower_bound":14577.417141198652,"upper_bound":24617.213512958017},"point_estimate":19016.321462392345,"standard_error":2493.0102537333573},"slope":null,"std_dev":{"confidence_interval":{"confidence_level":0.95,"lower_bound":25063.03831040314,"upper_bound":961099.057695179},"point_estimate":560951.1448122438,"standard_error":337524.9064635995}}