{"mean":{"confidence_interval":{"confidence_level":0.95,"lower_bound":8508008.013333332,"upper_bound":8559213.548333332},"point_estimate":8529244.72166667,"standard_error":13321.071325829113},"median":{"confidence_interval":{"confidence_level":0.95,"lower_bound":8497617.166666666,"upper_bound":8503758.666666668},"point_estimate":8499443.75,"standard_error":1702.0769413617536},"median_abs_dev":{"confidence_interval":{"confidence_level":0.95,"lower_bound":9672.111578282933,"upper_bound":16359.00810956955},"point_estimate":12628.168825804727,"standard_error":1709.3719175230337},"slope":null,"std_dev":{"confidence_interval":{"confidence_level":0.95,"lower_bound":34548.549147477344,"upper_bound":213752.982026216},"point_estimate":134219.33768796374,"standard_error":49619.30576122467}}