{"mean":{"confidence_interval":{"confidence_level":0.95,"lower_bound":8515386.281625003,"upper_bound":8536938.169333333},"point_estimate":8525590.405,"standard_error":5495.732603665766},"median":{"confidence_interval":{"confidence_level":0.95,"lower_bound":8497317.833333334,"upper_bound":8511427.5},"point_estimate":8503632.083333332,"standard_error":3701.9769748594954},"median_abs_dev":{"confidence_interval":{"confidence_level":0.95,"lower_bound":14086.182349920273,"upper_bound":29776.784971356854},"point_estimate":21258.012622592993,"standard_error":3949.5272456578114},"slope":null,"std_dev":{"confidence_interval":{"confidence_level":0.95,"lower_bound":39177.01220766034,"upper_bound":69459.57462161045},"point_estimate":55238.19859458577,"standard_error":7757.772107137739}}