{"mean":{"confidence_interval":{"confidence_level":0.95,"lower_bound":9606195.881624997,"upper_bound":9613578.062208334},"point_estimate":9609575.541666664,"standard_error":1894.029215788899},"median":{"confidence_interval":{"confidence_level":0.95,"lower_bound":9602338.833333334,"upper_bound":9606690.333333334},"point_estimate":9603816.166666668,"standard_error":1124.8460529362594},"median_abs_dev":{"confidence_interval":{"confidence_level":0.95,"lower_bound":5733.831848204596,"upper_bound":10425.67390240727},"point_estimate":8651.341496407986,"standard_error":1297.676803826255},"slope":null,"std_dev":{"confidence_interval":{"confidence_level":0.95,"lower_bound":11402.365093015116,"upper_bound":25945.380458467516},"point_estimate":19007.039163456095,"standard_error":3764.904255248505}}