{"mean":{"confidence_interval":{"confidence_level":0.95,"lower_bound":14125827.623625,"upper_bound":14153288.85775},"point_estimate":14137275.945,"standard_error":7135.588636540019},"median":{"confidence_interval":{"confidence_level":0.95,"lower_bound":14118474.875,"upper_bound":14130120.125},"point_estimate":14123729.5,"standard_error":2767.398954590337},"median_abs_dev":{"confidence_interval":{"confidence_level":0.95,"lower_bound":19213.939683884382,"upper_bound":31510.6238655746},"point_estimate":27533.178786188364,"standard_error":3247.4183050365455},"slope":null,"std_dev":{"confidence_interval":{"confidence_level":0.95,"lower_bound":28253.009239906372,"upper_bound":113462.4123821883},"point_estimate":71725.19967909314,"standard_error":26610.745218025724}}