{"mean":{"confidence_interval":{"confidence_level":0.95,"lower_bound":8502341.131624999,"upper_bound":8525327.922291664},"point_estimate":8511056.495,"standard_error":6250.047544389072},"median":{"confidence_interval":{"confidence_level":0.95,"lower_bound":8498947.25,"upper_bound":8505853.416666666},"point_estimate":8502436.916666666,"standard_error":1722.8615302285561},"median_abs_dev":{"confidence_interval":{"confidence_level":0.95,"lower_bound":10585.763812065125,"upper_bound":16847.771900889955},"point_estimate":13492.277510464652,"standard_error":1605.4160029499799},"slope":null,"std_dev":{"confidence_interval":{"confidence_level":0.95,"lower_bound":14661.835967369123,"upper_bound":104527.61784310048},"point_estimate":62694.69978198582,"standard_error":30273.66248748284}}