{"mean":{"confidence_interval":{"confidence_level":0.95,"lower_bound":8514013.8075,"upper_bound":8531629.165208332},"point_estimate":8521693.928333335,"standard_error":4519.369242148436},"median":{"confidence_interval":{"confidence_level":0.95,"lower_bound":8505523.0,"upper_bound":8517822.5},"point_estimate":8511285.25,"standard_error":3376.4269390932627},"median_abs_dev":{"confidence_interval":{"confidence_level":0.95,"lower_bound":17453.290440144458,"upper_bound":29822.896919287734},"point_estimate":23657.106480002403,"standard_error":3028.832447034964},"slope":null,"std_dev":{"confidence_interval":{"confidence_level":0.95,"lower_bound":24046.923803511225,"upper_bound":67981.7006434974},"point_estimate":45386.68136164744,"standard_error":13358.520779659064}}