{"mean":{"confidence_interval":{"confidence_level":0.95,"lower_bound":12368417.601549998,"upper_bound":12378824.070149995},"point_estimate":12373280.629999997,"standard_error":2661.264699846121},"median":{"confidence_interval":{"confidence_level":0.95,"lower_bound":12362088.6,"upper_bound":12370580.4},"point_estimate":12365218.2,"standard_error":2445.9397282848868},"median_abs_dev":{"confidence_interval":{"confidence_level":0.95,"lower_bound":11131.912870869577,"upper_bound":19092.77420103467},"point_estimate":15778.718479872578,"standard_error":1996.8903948931054},"slope":null,"std_dev":{"confidence_interval":{"confidence_level":0.95,"lower_bound":17863.80798715076,"upper_bound":34685.99284364282},"point_estimate":26735.018933156905,"standard_error":4332.272870313279}}