{"mean":{"confidence_interval":{"confidence_level":0.95,"lower_bound":9610519.032333333,"upper_bound":9708799.163541669},"point_estimate":9645563.114999998,"standard_error":28908.54391232798},"median":{"confidence_interval":{"confidence_level":0.95,"lower_bound":9604653.416666666,"upper_bound":9609946.5},"point_estimate":9607073.666666668,"standard_error":1539.0781408480018},"median_abs_dev":{"confidence_interval":{"confidence_level":0.95,"lower_bound":8156.276655196683,"upper_bound":13185.379315913184},"point_estimate":10773.683358728886,"standard_error":1220.1557775533747},"slope":null,"std_dev":{"confidence_interval":{"confidence_level":0.95,"lower_bound":16758.245891799794,"upper_bound":496704.78843984863},"point_estimate":291744.4697521369,"standard_error":162688.69869746317}}