{"mean":{"confidence_interval":{"confidence_level":0.95,"lower_bound":9597392.161583342,"upper_bound":9608875.821250001},"point_estimate":9602210.485,"standard_error":2985.2081468076185},"median":{"confidence_interval":{"confidence_level":0.95,"lower_bound":9593929.666666666,"upper_bound":9598783.5},"point_estimate":9596500.0,"standard_error":1258.8202634495328},"median_abs_dev":{"confidence_interval":{"confidence_level":0.95,"lower_bound":8646.399496495746,"upper_bound":14137.949799000296},"point_estimate":11837.57238984062,"standard_error":1425.644695328272},"slope":null,"std_dev":{"confidence_interval":{"confidence_level":0.95,"lower_bound":12630.134952212939,"upper_bound":47199.244674358364},"point_estimate":30110.708668637366,"standard_error":10770.558104270336}}