{"mean":{"confidence_interval":{"confidence_level":0.95,"lower_bound":8504478.609916665,"upper_bound":8578556.426416669},"point_estimate":8534367.636666667,"standard_error":19542.669631926237},"median":{"confidence_interval":{"confidence_level":0.95,"lower_bound":8499115.166666666,"upper_bound":8504325.833333334},"point_estimate":8501802.666666668,"standard_error":1177.5829278300969},"median_abs_dev":{"confidence_interval":{"confidence_level":0.95,"lower_bound":9134.298437833786,"upper_bound":15806.492519379583},"point_estimate":12844.751971961909,"standard_error":1764.4409192883472},"slope":null,"std_dev":{"confidence_interval":{"confidence_level":0.95,"lower_bound":16136.95756390249,"upper_bound":323644.66545240907},"point_estimate":197046.73868863538,"standard_error":84897.8805510991}}