{"mean":{"confidence_interval":{"confidence_level":0.95,"lower_bound":48001939.6075,"upper_bound":48130442.99},"point_estimate":48064539.62,"standard_error":32980.30891258484},"median":{"confidence_interval":{"confidence_level":0.95,"lower_bound":47929887.0,"upper_bound":48047081.75},"point_estimate":47990157.25,"standard_error":29028.02302378166},"median_abs_dev":{"confidence_interval":{"confidence_level":0.95,"lower_bound":194116.4161049947,"upper_bound":368559.156806767},"point_estimate":289859.0437039733,"standard_error":46819.853071554964},"slope":null,"std_dev":{"confidence_interval":{"confidence_level":0.95,"lower_bound":277598.1876501798,"upper_bound":379675.8022875497},"point_estimate":332302.5549618409,"standard_error":25998.11142835293}}