{"mean":{"confidence_interval":{"confidence_level":0.95,"lower_bound":48102950.885,"upper_bound":48553153.472},"point_estimate":48302192.52,"standard_error":116077.51166272732},"median":{"confidence_interval":{"confidence_level":0.95,"lower_bound":47935800.5,"upper_bound":48166397.5},"point_estimate":48022529.5,"standard_error":56466.025224234596},"median_abs_dev":{"confidence_interval":{"confidence_level":0.95,"lower_bound":343751.1820971966,"upper_bound":555529.8394873738},"point_estimate":453412.0598003268,"standard_error":55032.72860910741},"slope":null,"std_dev":{"confidence_interval":{"confidence_level":0.95,"lower_bound":622942.8038077086,"upper_bound":1704948.1475241794},"point_estimate":1162108.9981520814,"standard_error":306866.19062451844}}