{"mean":{"confidence_interval":{"confidence_level":0.95,"lower_bound":45942125.1395,"upper_bound":46263783.433125},"point_estimate":46102479.74,"standard_error":81967.24013432598},"median":{"confidence_interval":{"confidence_level":0.95,"lower_bound":45868900.5,"upper_bound":46504380.0},"point_estimate":46143963.5,"standard_error":168227.9918549841},"median_abs_dev":{"confidence_interval":{"confidence_level":0.95,"lower_bound":777215.6005516648,"upper_bound":1241571.0272777067},"point_estimate":1096570.6000819802,"standard_error":119813.52705968086},"slope":null,"std_dev":{"confidence_interval":{"confidence_level":0.95,"lower_bound":741612.6728128049,"upper_bound":896783.5579626849},"point_estimate":823415.4742939954,"standard_error":39559.823992500846}}