{"mean":{"confidence_interval":{"confidence_level":0.95,"lower_bound":47559601.657625005,"upper_bound":47815633.6835},"point_estimate":47681752.31,"standard_error":65564.24046669656},"median":{"confidence_interval":{"confidence_level":0.95,"lower_bound":47437221.0,"upper_bound":47603481.25},"point_estimate":47533983.0,"standard_error":42195.94874285188},"median_abs_dev":{"confidence_interval":{"confidence_level":0.95,"lower_bound":303457.82131254673,"upper_bound":590606.6722646356},"point_estimate":480008.79137814045,"standard_error":79139.39207611767},"slope":null,"std_dev":{"confidence_interval":{"confidence_level":0.95,"lower_bound":489608.874697209,"upper_bound":816354.3360351633},"point_estimate":659241.2586009438,"standard_error":84210.9879581844}}