{"mean":{"confidence_interval":{"confidence_level":0.95,"lower_bound":13562.439710218856,"upper_bound":13730.856740910674},"point_estimate":13647.171134133374,"standard_error":42.889320793832624},"median":{"confidence_interval":{"confidence_level":0.95,"lower_bound":13602.776470588235,"upper_bound":13808.695652173914},"point_estimate":13731.37834224599,"standard_error":52.52412872547789},"median_abs_dev":{"confidence_interval":{"confidence_level":0.95,"lower_bound":300.0805405217301,"upper_bound":609.8657752192299},"point_estimate":417.7164287696182,"standard_error":83.4861163617634},"slope":{"confidence_interval":{"confidence_level":0.95,"lower_bound":13752.704981685634,"upper_bound":13902.604215460799},"point_estimate":13828.9559772425,"standard_error":38.25857872120165},"std_dev":{"confidence_interval":{"confidence_level":0.95,"lower_bound":380.16889783420555,"upper_bound":474.6543761002458},"point_estimate":430.5334119120487,"standard_error":24.073708854981717}}