{"mean":{"confidence_interval":{"confidence_level":0.95,"lower_bound":21609.092428571428,"upper_bound":21940.26321428571},"point_estimate":21772.238571428574,"standard_error":84.324580785477},"median":{"confidence_interval":{"confidence_level":0.95,"lower_bound":21384.285714285714,"upper_bound":21893.714285714286},"point_estimate":21635.928571428572,"standard_error":118.93804471909185},"median_abs_dev":{"confidence_interval":{"confidence_level":0.95,"lower_bound":666.428688168523,"upper_bound":1072.5551809583408},"point_estimate":895.4903841018677,"standard_error":102.47948398869644},"slope":null,"std_dev":{"confidence_interval":{"confidence_level":0.95,"lower_bound":726.5715703168922,"upper_bound":948.7581855580949},"point_estimate":846.3884176653346,"standard_error":56.870743071389136}}