{"mean":{"confidence_interval":{"confidence_level":0.95,"lower_bound":17361.195014470613,"upper_bound":17540.950458786992},"point_estimate":17443.3666793906,"standard_error":45.79768286294724},"median":{"confidence_interval":{"confidence_level":0.95,"lower_bound":17346.08788314176,"upper_bound":17526.93859649123},"point_estimate":17422.719696969696,"standard_error":44.988841382689515},"median_abs_dev":{"confidence_interval":{"confidence_level":0.95,"lower_bound":262.82714114869833,"upper_bound":416.93703200498436},"point_estimate":320.940953498482,"standard_error":39.55692358448074},"slope":{"confidence_interval":{"confidence_level":0.95,"lower_bound":17446.99463127412,"upper_bound":17801.772890200573},"point_estimate":17598.13336239594,"standard_error":92.01392418130371},"std_dev":{"confidence_interval":{"confidence_level":0.95,"lower_bound":286.9849716492395,"upper_bound":663.8390718850726},"point_estimate":459.3757720729723,"standard_error":114.84600960143236}}