{"mean":{"confidence_interval":{"confidence_level":0.95,"lower_bound":24236.41846428571,"upper_bound":24653.7314642857},"point_estimate":24432.93142857143,"standard_error":106.58374766375863},"median":{"confidence_interval":{"confidence_level":0.95,"lower_bound":23928.0,"upper_bound":24348.14285714286},"point_estimate":24119.928571428572,"standard_error":99.43500598139546},"median_abs_dev":{"confidence_interval":{"confidence_level":0.95,"lower_bound":498.89489114284515,"upper_bound":955.1120830433691},"point_estimate":698.1986876044944,"standard_error":115.20752360683557},"slope":null,"std_dev":{"confidence_interval":{"confidence_level":0.95,"lower_bound":752.5130281345163,"upper_bound":1389.5244425031012},"point_estimate":1070.486731103071,"standard_error":165.54559403085133}}