{"mean":{"confidence_interval":{"confidence_level":0.95,"lower_bound":25288.26620833332,"upper_bound":26251.73045833333},"point_estimate":25666.476666666673,"standard_error":254.49555025518254},"median":{"confidence_interval":{"confidence_level":0.95,"lower_bound":25114.416666666668,"upper_bound":25469.0},"point_estimate":25263.75,"standard_error":79.80532898398442},"median_abs_dev":{"confidence_interval":{"confidence_level":0.95,"lower_bound":550.9094402194032,"upper_bound":956.6476330161067},"point_estimate":788.7431859970093,"standard_error":101.41464547416702},"slope":null,"std_dev":{"confidence_interval":{"confidence_level":0.95,"lower_bound":809.5935243992179,"upper_bound":4187.680750701129},"point_estimate":2555.035597523602,"standard_error":1122.1202735473155}}