{"mean":{"confidence_interval":{"confidence_level":0.95,"lower_bound":20789.295934690414,"upper_bound":21136.4188792329},"point_estimate":20956.67661759823,"standard_error":88.80977487540527},"median":{"confidence_interval":{"confidence_level":0.95,"lower_bound":20558.865783438247,"upper_bound":20626.66738393323},"point_estimate":20591.35839506173,"standard_error":16.156123879075228},"median_abs_dev":{"confidence_interval":{"confidence_level":0.95,"lower_bound":138.56098177961096,"upper_bound":381.9683498853727},"point_estimate":199.01069949715628,"standard_error":66.78807677856362},"slope":{"confidence_interval":{"confidence_level":0.95,"lower_bound":20571.35264865583,"upper_bound":20667.922420463394},"point_estimate":20615.647116890792,"standard_error":24.663249345513385},"std_dev":{"confidence_interval":{"confidence_level":0.95,"lower_bound":737.535343654773,"upper_bound":1009.4348189821742},"point_estimate":891.0266341864086,"standard_error":69.35532617216651}}