{"mean":{"confidence_interval":{"confidence_level":0.95,"lower_bound":21771.496845157977,"upper_bound":22131.943909339672},"point_estimate":21944.448599406518,"standard_error":92.01688811809464},"median":{"confidence_interval":{"confidence_level":0.95,"lower_bound":21509.200779727096,"upper_bound":21595.69213361382},"point_estimate":21552.018687231946,"standard_error":25.57017925234989},"median_abs_dev":{"confidence_interval":{"confidence_level":0.95,"lower_bound":113.11762638296636,"upper_bound":274.6355545211526},"point_estimate":166.31141882522124,"standard_error":41.618304079504384},"slope":{"confidence_interval":{"confidence_level":0.95,"lower_bound":21531.53451759075,"upper_bound":21641.09548521997},"point_estimate":21579.340875818925,"standard_error":28.288843834769338},"std_dev":{"confidence_interval":{"confidence_level":0.95,"lower_bound":750.8400543684141,"upper_bound":1062.339157779218},"point_estimate":920.9557676397751,"standard_error":79.70079251006663}}