{"mean":{"confidence_interval":{"confidence_level":0.95,"lower_bound":-0.013163711575713964,"upper_bound":-0.003461169533105318},"point_estimate":-0.008145411258396407,"standard_error":0.0024812261203766115},"median":{"confidence_interval":{"confidence_level":0.95,"lower_bound":0.00280895277667903,"upper_bound":0.006658817612477108},"point_estimate":0.004687303126457376,"standard_error":0.0009495292625190645}}