{"mean":{"confidence_interval":{"confidence_level":0.95,"lower_bound":0.0005253893986834406,"upper_bound":0.12767602824090918},"point_estimate":0.046719331091165106,"standard_error":0.03669780780911553},"median":{"confidence_interval":{"confidence_level":0.95,"lower_bound":0.0030691086548089164,"upper_bound":0.007227140550141176},"point_estimate":0.005339115163274011,"standard_error":0.0010312432285722677}}