{"mean":{"confidence_interval":{"confidence_level":0.95,"lower_bound":-0.005844018368433401,"upper_bound":-0.001432905509799052},"point_estimate":-0.0036499223053625407,"standard_error":0.0011150628739386066},"median":{"confidence_interval":{"confidence_level":0.95,"lower_bound":-0.005571449313584774,"upper_bound":-0.003477743459606719},"point_estimate":-0.0042489496423155915,"standard_error":0.0005432160383464973}}