{"mean":{"confidence_interval":{"confidence_level":0.95,"lower_bound":-0.019960226189616386,"upper_bound":0.002967295621039499},"point_estimate":-0.007523142452069864,"standard_error":0.005894891610692352},"median":{"confidence_interval":{"confidence_level":0.95,"lower_bound":0.003959078780781944,"upper_bound":0.006439980081226289},"point_estimate":0.005299199699794421,"standard_error":0.0006163559998568549}}