{"mean":{"confidence_interval":{"confidence_level":0.95,"lower_bound":-0.004348249650605006,"upper_bound":0.006065855292442577},"point_estimate":0.0008092038337004226,"standard_error":0.002629212323711159},"median":{"confidence_interval":{"confidence_level":0.95,"lower_bound":-0.0017260821867753488,"upper_bound":0.0017447613093259928},"point_estimate":0.00010997079052743608,"standard_error":0.0008565673681151606}}