{"mean":{"confidence_interval":{"confidence_level":0.95,"lower_bound":-0.0005878473432814331,"upper_bound":0.0032132988764449083},"point_estimate":0.0013168185236007712,"standard_error":0.0009627026500857082},"median":{"confidence_interval":{"confidence_level":0.95,"lower_bound":-0.0006362059304482193,"upper_bound":0.0014985765016559682},"point_estimate":0.0003976808748580307,"standard_error":0.0005525648807061666}}