{"mean":{"confidence_interval":{"confidence_level":0.95,"lower_bound":-0.030403248518888117,"upper_bound":-0.016001164476948115},"point_estimate":-0.02312985621866337,"standard_error":0.0036611161064489654},"median":{"confidence_interval":{"confidence_level":0.95,"lower_bound":-0.036573307951355494,"upper_bound":-0.013425201779271867},"point_estimate":-0.026103931060351804,"standard_error":0.006389316957707434}}