{"mean":{"confidence_interval":{"confidence_level":0.95,"lower_bound":0.0433405691816702,"upper_bound":0.058634440098369246},"point_estimate":0.05115707215897136,"standard_error":0.003891081025221886},"median":{"confidence_interval":{"confidence_level":0.95,"lower_bound":0.05098405786916027,"upper_bound":0.05785926158594745},"point_estimate":0.05448245139047603,"standard_error":0.0017850585246302797}}