{"mean":{"confidence_interval":{"confidence_level":0.95,"lower_bound":-0.008075737159542995,"upper_bound":0.004752383372129993},"point_estimate":-0.0015376498163320873,"standard_error":0.0032581148526397903},"median":{"confidence_interval":{"confidence_level":0.95,"lower_bound":0.0008023788313005209,"upper_bound":0.004206633463767817},"point_estimate":0.0029248929799603474,"standard_error":0.0008801956024309479}}