{"mean":{"confidence_interval":{"confidence_level":0.95,"lower_bound":-0.009977119220758146,"upper_bound":0.001519462206833355},"point_estimate":-0.004196831663505707,"standard_error":0.002924002417045944},"median":{"confidence_interval":{"confidence_level":0.95,"lower_bound":-0.005093502617560364,"upper_bound":-0.001548435642261925},"point_estimate":-0.0034545927658098385,"standard_error":0.000929800202296604}}