{"mean":{"confidence_interval":{"confidence_level":0.95,"lower_bound":0.04074141727645331,"upper_bound":0.048796259707031366},"point_estimate":0.04475200698092374,"standard_error":0.0020530651597981645},"median":{"confidence_interval":{"confidence_level":0.95,"lower_bound":0.04571620507374741,"upper_bound":0.04796609225415405},"point_estimate":0.04680432268908419,"standard_error":0.0005294562069492617}}