{"mean":{"confidence_interval":{"confidence_level":0.95,"lower_bound":-0.006630732462615775,"upper_bound":0.00739636476702678},"point_estimate":0.00017620246778626836,"standard_error":0.0035790867941140163},"median":{"confidence_interval":{"confidence_level":0.95,"lower_bound":-0.004103437665083587,"upper_bound":-0.0008852235688274757},"point_estimate":-0.002630044381959573,"standard_error":0.0007570123264535131}}