{"mean":{"confidence_interval":{"confidence_level":0.95,"lower_bound":-0.0075259302811808825,"upper_bound":0.006925549244564223},"point_estimate":-0.0003951138115028119,"standard_error":0.0036610642645386257},"median":{"confidence_interval":{"confidence_level":0.95,"lower_bound":-0.0010650186249059335,"upper_bound":0.0020682306233001935},"point_estimate":0.0003537529939612316,"standard_error":0.0008259991697564503}}