{"mean":{"confidence_interval":{"confidence_level":0.95,"lower_bound":-0.08858221588599942,"upper_bound":-0.06771655699332516},"point_estimate":-0.07917137661469109,"standard_error":0.0054228060885343765},"median":{"confidence_interval":{"confidence_level":0.95,"lower_bound":-0.08593720978557878,"upper_bound":-0.08306384412788093},"point_estimate":-0.08451041301724627,"standard_error":0.0007220003558779645}}