{"mean":{"confidence_interval":{"confidence_level":0.95,"lower_bound":-0.21027348890691946,"upper_bound":-0.19897185686095942},"point_estimate":-0.20473513411638922,"standard_error":0.002884043855550844},"median":{"confidence_interval":{"confidence_level":0.95,"lower_bound":-0.20255562300276242,"upper_bound":-0.1994344004212263},"point_estimate":-0.20087519999750247,"standard_error":0.0007626814310830156}}