{"mean":{"confidence_interval":{"confidence_level":0.95,"lower_bound":-0.0012832976593410389,"upper_bound":0.010796584606448853},"point_estimate":0.004552189560455666,"standard_error":0.003047359143451018},"median":{"confidence_interval":{"confidence_level":0.95,"lower_bound":0.000553429941397888,"upper_bound":0.004140343842794936},"point_estimate":0.002233854221747489,"standard_error":0.0009047004677706583}}