{"mean":{"confidence_interval":{"confidence_level":0.95,"lower_bound":0.08733446055341203,"upper_bound":0.10828720636336957},"point_estimate":0.09759221301069787,"standard_error":0.005426164751911392},"median":{"confidence_interval":{"confidence_level":0.95,"lower_bound":0.08935516191706694,"upper_bound":0.09398149751101736},"point_estimate":0.09168854123925074,"standard_error":0.0012021165897164125}}