{"mean":{"confidence_interval":{"confidence_level":0.95,"lower_bound":-0.01710822557195605,"upper_bound":0.005483831537983307},"point_estimate":-0.003974351185806135,"standard_error":0.005820237069398993},"median":{"confidence_interval":{"confidence_level":0.95,"lower_bound":-0.002500571498415316,"upper_bound":0.001716935262935487},"point_estimate":-0.0005938725077877516,"standard_error":0.0010572234846554724}}