{"mean":{"confidence_interval":{"confidence_level":0.95,"lower_bound":0.1501434912468889,"upper_bound":0.16554886177885855},"point_estimate":0.15758995132480114,"standard_error":0.00392466601220862},"median":{"confidence_interval":{"confidence_level":0.95,"lower_bound":0.1594751069595612,"upper_bound":0.16317674538451038},"point_estimate":0.16202468166618167,"standard_error":0.0009296007626713579}}