{"mean":{"confidence_interval":{"confidence_level":0.95,"lower_bound":-0.06445381896730805,"upper_bound":-0.05763779769215772},"point_estimate":-0.061021052947833776,"standard_error":0.0017322758817081335},"median":{"confidence_interval":{"confidence_level":0.95,"lower_bound":-0.06262864796928813,"upper_bound":-0.05989583839522228},"point_estimate":-0.06123701522833713,"standard_error":0.0007328779372643957}}