{"mean":{"confidence_interval":{"confidence_level":0.95,"lower_bound":-0.017410327147290676,"upper_bound":0.0010843308432980613},"point_estimate":-0.008611259934748872,"standard_error":0.004686695787252623},"median":{"confidence_interval":{"confidence_level":0.95,"lower_bound":-0.01731043686180611,"upper_bound":-0.013480461422592072},"point_estimate":-0.015198684159340115,"standard_error":0.0009667849995678898}}