{"mean":{"confidence_interval":{"confidence_level":0.95,"lower_bound":-0.09244850875257442,"upper_bound":-0.08149790987393189},"point_estimate":-0.08701911193794132,"standard_error":0.0027731151515204685},"median":{"confidence_interval":{"confidence_level":0.95,"lower_bound":-0.08779810330349824,"upper_bound":-0.08414370059878984},"point_estimate":-0.0864728593139904,"standard_error":0.0009536689744772699}}