{"mean":{"confidence_interval":{"confidence_level":0.95,"lower_bound":-0.07684618854116534,"upper_bound":-0.07062803594962698},"point_estimate":-0.07376393230787692,"standard_error":0.0015751796640359323},"median":{"confidence_interval":{"confidence_level":0.95,"lower_bound":-0.07711123460097147,"upper_bound":-0.07346050220980582},"point_estimate":-0.07578213599227845,"standard_error":0.0008845320783038579}}