{"mean":{"confidence_interval":{"confidence_level":0.95,"lower_bound":-0.0050357013520564275,"upper_bound":0.010361677056172806},"point_estimate":0.002535912226797832,"standard_error":0.0039042239835463638},"median":{"confidence_interval":{"confidence_level":0.95,"lower_bound":-0.004650284034628194,"upper_bound":-0.00005051617649542983},"point_estimate":-0.0022569888438381813,"standard_error":0.0011130131470062378}}