{"mean":{"confidence_interval":{"confidence_level":0.95,"lower_bound":0.006661664809280665,"upper_bound":0.01379421886882891},"point_estimate":0.010093574917254156,"standard_error":0.001841183324154462},"median":{"confidence_interval":{"confidence_level":0.95,"lower_bound":0.00727936541139762,"upper_bound":0.011646519791399195},"point_estimate":0.009945330947302766,"standard_error":0.001113126804954815}}