{"mean":{"confidence_interval":{"confidence_level":0.95,"lower_bound":-0.026681853824604942,"upper_bound":-0.012946920634530512},"point_estimate":-0.019823867304299414,"standard_error":0.0034427843970836424},"median":{"confidence_interval":{"confidence_level":0.95,"lower_bound":-0.021173155736690874,"upper_bound":-0.017403138244741295},"point_estimate":-0.019006009153151426,"standard_error":0.00099106657053783}}