{"mean":{"confidence_interval":{"confidence_level":0.95,"lower_bound":-0.009807212629673519,"upper_bound":-0.004491329863754161},"point_estimate":-0.0072488892264745974,"standard_error":0.0013510238453781722},"median":{"confidence_interval":{"confidence_level":0.95,"lower_bound":-0.009703770693799352,"upper_bound":-0.005114159948578556},"point_estimate":-0.007915432604050365,"standard_error":0.0011237678475519196}}