{"mean":{"confidence_interval":{"confidence_level":0.95,"lower_bound":-0.007148249856956157,"upper_bound":-0.0025481377217497787},"point_estimate":-0.004855198606355859,"standard_error":0.0011768279357300573},"median":{"confidence_interval":{"confidence_level":0.95,"lower_bound":-0.0021220690468445446,"upper_bound":0.0012532987445945665},"point_estimate":-0.000013626161732505082,"standard_error":0.0009008202214509526}}