{"mean":{"confidence_interval":{"confidence_level":0.95,"lower_bound":-0.08832572282716038,"upper_bound":-0.08515660590568534},"point_estimate":-0.08688974096118929,"standard_error":0.0008104490630181252},"median":{"confidence_interval":{"confidence_level":0.95,"lower_bound":-0.08826201114368903,"upper_bound":-0.0863129362967403},"point_estimate":-0.08729322916564164,"standard_error":0.00048575211257708323}}