{"mean":{"confidence_interval":{"confidence_level":0.95,"lower_bound":-0.009955036277263202,"upper_bound":0.01507956328235021},"point_estimate":0.002111356961124633,"standard_error":0.006562177361895612},"median":{"confidence_interval":{"confidence_level":0.95,"lower_bound":-0.008776079734741593,"upper_bound":-0.004990269092686184},"point_estimate":-0.006957651491886319,"standard_error":0.0009809975165578522}}