{"mean":{"confidence_interval":{"confidence_level":0.95,"lower_bound":-0.06535470025503176,"upper_bound":-0.05530074296963308},"point_estimate":-0.0597658374757194,"standard_error":0.002507542940369829},"median":{"confidence_interval":{"confidence_level":0.95,"lower_bound":-0.06083126332161204,"upper_bound":-0.05855859467451634},"point_estimate":-0.05959213761935822,"standard_error":0.0005963035601080519}}