{"mean":{"confidence_interval":{"confidence_level":0.95,"lower_bound":-0.008942607957898073,"upper_bound":0.003977521772244589},"point_estimate":-0.00214558209551563,"standard_error":0.003264623119198717},"median":{"confidence_interval":{"confidence_level":0.95,"lower_bound":-0.002561021229105509,"upper_bound":0.002095815865480004},"point_estimate":-0.00029556394817886744,"standard_error":0.0011818075067139252}}