{"mean":{"confidence_interval":{"confidence_level":0.95,"lower_bound":-0.04639266081930676,"upper_bound":-0.03025918643701677},"point_estimate":-0.03828446000664065,"standard_error":0.004104350041521343},"median":{"confidence_interval":{"confidence_level":0.95,"lower_bound":-0.03909867662426371,"upper_bound":-0.0351401180565527},"point_estimate":-0.03715286183218791,"standard_error":0.0010283526163671263}}