{"mean":{"confidence_interval":{"confidence_level":0.95,"lower_bound":0.005852138445823896,"upper_bound":0.01875767549127166},"point_estimate":0.012159447807723378,"standard_error":0.0032932585413892267},"median":{"confidence_interval":{"confidence_level":0.95,"lower_bound":0.010976578623998368,"upper_bound":0.017095174273115576},"point_estimate":0.015586864771727882,"standard_error":0.0013144667029077238}}