{"mean":{"confidence_interval":{"confidence_level":0.95,"lower_bound":-0.032439391195641654,"upper_bound":-0.019790486145223968},"point_estimate":-0.0256205768354123,"standard_error":0.003201252573236311},"median":{"confidence_interval":{"confidence_level":0.95,"lower_bound":-0.020909458427483287,"upper_bound":-0.017187565894486223},"point_estimate":-0.019205610409895657,"standard_error":0.000980505523644222}}