{"mean":{"confidence_interval":{"confidence_level":0.95,"lower_bound":0.006203547736234158,"upper_bound":0.018491479826807072},"point_estimate":0.012443466673171866,"standard_error":0.0031157947976636646},"median":{"confidence_interval":{"confidence_level":0.95,"lower_bound":0.009371348735984553,"upper_bound":0.013229883590140545},"point_estimate":0.011204499536353829,"standard_error":0.0009630364333951226}}