{"mean":{"confidence_interval":{"confidence_level":0.95,"lower_bound":-0.07826902227671806,"upper_bound":-0.07122745668073008},"point_estimate":-0.07484395831671486,"standard_error":0.0017897065181807928},"median":{"confidence_interval":{"confidence_level":0.95,"lower_bound":-0.07647735066475106,"upper_bound":-0.07306431396156232},"point_estimate":-0.07456427576002778,"standard_error":0.0008344705574765774}}