{"mean":{"confidence_interval":{"confidence_level":0.95,"lower_bound":0.02628756428739686,"upper_bound":0.033013213966136},"point_estimate":0.029759202897857273,"standard_error":0.0017246265518476632},"median":{"confidence_interval":{"confidence_level":0.95,"lower_bound":0.024410543212155966,"upper_bound":0.03185294733548738},"point_estimate":0.028112607994902783,"standard_error":0.0019944185652995836}}