{"mean":{"confidence_interval":{"confidence_level":0.95,"lower_bound":-0.0049232860322678505,"upper_bound":0.008420192248715078},"point_estimate":0.0012932382107366802,"standard_error":0.0034068866874440145},"median":{"confidence_interval":{"confidence_level":0.95,"lower_bound":-0.0007257597925035553,"upper_bound":0.0027853598569886895},"point_estimate":0.0015616931527226985,"standard_error":0.0009085846877323321}}