{"mean":{"confidence_interval":{"confidence_level":0.95,"lower_bound":0.0010463541599899154,"upper_bound":0.004866960548736265},"point_estimate":0.0029101579896497753,"standard_error":0.000975482293145576},"median":{"confidence_interval":{"confidence_level":0.95,"lower_bound":0.002181114891988356,"upper_bound":0.004072420917541786},"point_estimate":0.002938836457603289,"standard_error":0.0004877274463275601}}