{"mean":{"confidence_interval":{"confidence_level":0.95,"lower_bound":-0.08625641308810121,"upper_bound":-0.07324330008352145},"point_estimate":-0.07976987335036967,"standard_error":0.003302247833302439},"median":{"confidence_interval":{"confidence_level":0.95,"lower_bound":-0.08391405048417233,"upper_bound":-0.08110141402524791},"point_estimate":-0.08220188723004063,"standard_error":0.0007531225806832854}}