{"mean":{"confidence_interval":{"confidence_level":0.95,"lower_bound":-0.14602856301189873,"upper_bound":-0.1356561405857308},"point_estimate":-0.1411500753009406,"standard_error":0.002635412857608859},"median":{"confidence_interval":{"confidence_level":0.95,"lower_bound":-0.14380690034422927,"upper_bound":-0.14153818603299073},"point_estimate":-0.1426654749455507,"standard_error":0.0005684883193386548}}