{"mean":{"confidence_interval":{"confidence_level":0.95,"lower_bound":-0.08817590133956067,"upper_bound":-0.07841076619689841},"point_estimate":-0.08324619402161892,"standard_error":0.002466342332836599},"median":{"confidence_interval":{"confidence_level":0.95,"lower_bound":-0.08504817538231324,"upper_bound":-0.08213061055672595},"point_estimate":-0.08360826898570406,"standard_error":0.0008036354387896671}}