{"mean":{"confidence_interval":{"confidence_level":0.95,"lower_bound":0.1562436032145314,"upper_bound":0.16946182032394938},"point_estimate":0.16282305848774636,"standard_error":0.0034053407849091496},"median":{"confidence_interval":{"confidence_level":0.95,"lower_bound":0.16119797054765161,"upper_bound":0.16511654699047248},"point_estimate":0.1634668970044022,"standard_error":0.001012904582589046}}