{"mean":{"confidence_interval":{"confidence_level":0.95,"lower_bound":1549998.4498314715,"upper_bound":1556487.471771359},"point_estimate":1552581.0030839306,"standard_error":1701.5213962301543},"median":{"confidence_interval":{"confidence_level":0.95,"lower_bound":1549063.103448276,"upper_bound":1551044.4078947366},"point_estimate":1550032.736888112,"standard_error":526.852882163015},"median_abs_dev":{"confidence_interval":{"confidence_level":0.95,"lower_bound":4069.368762711209,"upper_bound":6453.613040281226},"point_estimate":5291.722449974712,"standard_error":577.7206057856915},"slope":{"confidence_interval":{"confidence_level":0.95,"lower_bound":1550263.1799091185,"upper_bound":1553672.7974277234},"point_estimate":1551880.2410137432,"standard_error":871.9581088564278},"std_dev":{"confidence_interval":{"confidence_level":0.95,"lower_bound":5677.044693391935,"upper_bound":27773.491470032102},"point_estimate":17060.7014862443,"standard_error":7219.764034418758}}