{"mean":{"confidence_interval":{"confidence_level":0.95,"lower_bound":1424153.1490001567,"upper_bound":1427105.744580066},"point_estimate":1425576.2280471541,"standard_error":753.282357396279},"median":{"confidence_interval":{"confidence_level":0.95,"lower_bound":1422560.657142857,"upper_bound":1424978.6585365853},"point_estimate":1423918.01374269,"standard_error":662.4096044155226},"median_abs_dev":{"confidence_interval":{"confidence_level":0.95,"lower_bound":3542.443635153018,"upper_bound":6074.995315196592},"point_estimate":4883.014896945488,"standard_error":640.3607949071059},"slope":{"confidence_interval":{"confidence_level":0.95,"lower_bound":1422655.3138187055,"upper_bound":1425131.0100879115},"point_estimate":1423794.1319402985,"standard_error":632.474767897881},"std_dev":{"confidence_interval":{"confidence_level":0.95,"lower_bound":5530.115509743293,"upper_bound":9467.73576544635},"point_estimate":7560.120284706989,"standard_error":1009.3144955587532}}