{"mean":{"confidence_interval":{"confidence_level":0.95,"lower_bound":1389411.3283696692,"upper_bound":1402944.3331194553},"point_estimate":1394582.567648614,"standard_error":3659.2995774891797},"median":{"confidence_interval":{"confidence_level":0.95,"lower_bound":1385874.4141414142,"upper_bound":1389951.9622838402},"point_estimate":1388254.0877622378,"standard_error":1004.606974073144},"median_abs_dev":{"confidence_interval":{"confidence_level":0.95,"lower_bound":6509.846783374316,"upper_bound":10980.917553559184},"point_estimate":8841.972781753584,"standard_error":1140.4716297378843},"slope":{"confidence_interval":{"confidence_level":0.95,"lower_bound":1387392.6064570898,"upper_bound":1392985.6715037487},"point_estimate":1389990.4260795035,"standard_error":1429.9674575904958},"std_dev":{"confidence_interval":{"confidence_level":0.95,"lower_bound":9755.742419746945,"upper_bound":61288.429819717436},"point_estimate":36843.22462111484,"standard_error":17596.023741794488}}