{"mean":{"confidence_interval":{"confidence_level":0.95,"lower_bound":1382003.413604154,"upper_bound":1387815.8947978779},"point_estimate":1384760.4904531764,"standard_error":1482.0046478575712},"median":{"confidence_interval":{"confidence_level":0.95,"lower_bound":1376291.9682539683,"upper_bound":1391303.7719298245},"point_estimate":1387603.1643356644,"standard_error":4883.540217209347},"median_abs_dev":{"confidence_interval":{"confidence_level":0.95,"lower_bound":8728.220706461021,"upper_bound":18024.165117362325},"point_estimate":16029.34015816206,"standard_error":2412.2628956678523},"slope":{"confidence_interval":{"confidence_level":0.95,"lower_bound":1375946.3196960487,"upper_bound":1379764.025061336},"point_estimate":1377640.7635022905,"standard_error":975.5473430437797},"std_dev":{"confidence_interval":{"confidence_level":0.95,"lower_bound":10897.765454779847,"upper_bound":20047.059735966057},"point_estimate":14936.699365513077,"standard_error":2676.95692990859}}