{"mean":{"confidence_interval":{"confidence_level":0.95,"lower_bound":-0.016221356016681693,"upper_bound":-0.005194769318369177},"point_estimate":-0.011067818656578798,"standard_error":0.002721313994339007},"median":{"confidence_interval":{"confidence_level":0.95,"lower_bound":-0.014997102360018721,"upper_bound":-0.0104979829950691},"point_estimate":-0.013015564056629847,"standard_error":0.0011122322714061576}}