{"mean":{"confidence_interval":{"confidence_level":0.95,"lower_bound":0.1610889021430516,"upper_bound":0.18902611133394884},"point_estimate":0.17492307346522074,"standard_error":0.007132276692518732},"median":{"confidence_interval":{"confidence_level":0.95,"lower_bound":0.20003347475714553,"upper_bound":0.2299782131835224},"point_estimate":0.21998718686775787,"standard_error":0.011457996112679118}}