{"mean":{"confidence_interval":{"confidence_level":0.95,"lower_bound":-0.4116107508784331,"upper_bound":-0.4054101327340185},"point_estimate":-0.4084008261129244,"standard_error":0.0015791624167912934},"median":{"confidence_interval":{"confidence_level":0.95,"lower_bound":-0.4091020030368343,"upper_bound":-0.4032934931667036},"point_estimate":-0.40681945381593154,"standard_error":0.001477772181182875}}