{"mean":{"confidence_interval":{"confidence_level":0.95,"lower_bound":-0.0006664041305722109,"upper_bound":0.0067082944643159885},"point_estimate":0.003357787169193438,"standard_error":0.0018786571731514315},"median":{"confidence_interval":{"confidence_level":0.95,"lower_bound":0.0021988294135462105,"upper_bound":0.007632813629198207},"point_estimate":0.004624032361429942,"standard_error":0.001364157962164811}}