{"mean":{"confidence_interval":{"confidence_level":0.95,"lower_bound":-0.06644804460535547,"upper_bound":-0.04717562648883829},"point_estimate":-0.0570361952083408,"standard_error":0.004923844145717761},"median":{"confidence_interval":{"confidence_level":0.95,"lower_bound":-0.040977873128294484,"upper_bound":-0.03297968844088414},"point_estimate":-0.035692908535747137,"standard_error":0.002161836493596345}}