{"mean":{"confidence_interval":{"confidence_level":0.95,"lower_bound":-0.0026804238490228238,"upper_bound":0.030681522208104377},"point_estimate":0.012533734541592123,"standard_error":0.00811697454584855},"median":{"confidence_interval":{"confidence_level":0.95,"lower_bound":-0.011208293558589433,"upper_bound":-0.003992718006801101},"point_estimate":-0.0075141350868573875,"standard_error":0.0018489765079714544}}