{"mean":{"confidence_interval":{"confidence_level":0.95,"lower_bound":-0.09798915096017771,"upper_bound":-0.09144815612295294},"point_estimate":-0.09470231278944863,"standard_error":0.001654684340371137},"median":{"confidence_interval":{"confidence_level":0.95,"lower_bound":-0.09724640577465549,"upper_bound":-0.09139107128364467},"point_estimate":-0.09419493380904842,"standard_error":0.001517551475076077}}