{"mean":{"confidence_interval":{"confidence_level":0.95,"lower_bound":-0.09275616452018585,"upper_bound":-0.0744514766173876},"point_estimate":-0.08310317198336314,"standard_error":0.004671080239483041},"median":{"confidence_interval":{"confidence_level":0.95,"lower_bound":-0.06831164101505452,"upper_bound":-0.059882955759156316},"point_estimate":-0.06347978349363848,"standard_error":0.0021103010625338997}}