{"mean":{"confidence_interval":{"confidence_level":0.95,"lower_bound":0.003619543043877196,"upper_bound":0.01911428547466719},"point_estimate":0.011353733795768983,"standard_error":0.003985525298959045},"median":{"confidence_interval":{"confidence_level":0.95,"lower_bound":0.00005364298880294882,"upper_bound":0.01327797292447408},"point_estimate":0.007856199446080181,"standard_error":0.0036192150395994533}}