{"mean":{"confidence_interval":{"confidence_level":0.95,"lower_bound":-0.007386839296478498,"upper_bound":0.0020741635480165535},"point_estimate":-0.002698127826177621,"standard_error":0.0024072399063834508},"median":{"confidence_interval":{"confidence_level":0.95,"lower_bound":-0.0035072414247674377,"upper_bound":0.003788243768596782},"point_estimate":0.00048374616889179656,"standard_error":0.001816065313049577}}