{"mean":{"confidence_interval":{"confidence_level":0.95,"lower_bound":-0.16907379132952102,"upper_bound":-0.1454346507610894},"point_estimate":-0.1577272889987903,"standard_error":0.006040192617608902},"median":{"confidence_interval":{"confidence_level":0.95,"lower_bound":-0.18499822726923879,"upper_bound":-0.1798795548103389},"point_estimate":-0.1818886079331994,"standard_error":0.0013173334559445245}}