{"mean":{"confidence_interval":{"confidence_level":0.95,"lower_bound":0.21686360534970237,"upper_bound":0.22212461642243722},"point_estimate":0.21933848909529452,"standard_error":0.001316888386731968},"median":{"confidence_interval":{"confidence_level":0.95,"lower_bound":0.2178563170255726,"upper_bound":0.2224095617092383},"point_estimate":0.2198947961794646,"standard_error":0.0012513391081784794}}