{"mean":{"confidence_interval":{"confidence_level":0.95,"lower_bound":0.1026600459051017,"upper_bound":0.10968148934769047},"point_estimate":0.10627410324434328,"standard_error":0.0017902500453054937},"median":{"confidence_interval":{"confidence_level":0.95,"lower_bound":0.10354813798656881,"upper_bound":0.10918414336484296},"point_estimate":0.10670943233361374,"standard_error":0.0014435131347333777}}