{"mean":{"confidence_interval":{"confidence_level":0.95,"lower_bound":0.0975772067513489,"upper_bound":0.11420891425761469},"point_estimate":0.10579108628885558,"standard_error":0.004216965285358151},"median":{"confidence_interval":{"confidence_level":0.95,"lower_bound":0.09734400265221632,"upper_bound":0.12467833823267882},"point_estimate":0.11129826288487621,"standard_error":0.00710195438398607}}