{"mean":{"confidence_interval":{"confidence_level":0.95,"lower_bound":-0.04151015002695797,"upper_bound":-0.024276826487640128},"point_estimate":-0.03271101526202225,"standard_error":0.004401373249663063},"median":{"confidence_interval":{"confidence_level":0.95,"lower_bound":-0.013902454691851807,"upper_bound":-0.007506715716596478},"point_estimate":-0.010104264471260782,"standard_error":0.0016990920336604613}}