{"mean":{"confidence_interval":{"confidence_level":0.95,"lower_bound":-0.10935448127343014,"upper_bound":-0.10314014335335832},"point_estimate":-0.1063131425060404,"standard_error":0.0015408601156959435},"median":{"confidence_interval":{"confidence_level":0.95,"lower_bound":-0.10950703734397038,"upper_bound":-0.10494251130650467},"point_estimate":-0.10780572494482799,"standard_error":0.0011890189873613936}}