{"mean":{"confidence_interval":{"confidence_level":0.95,"lower_bound":0.5486585922095689,"upper_bound":0.5670366778804337},"point_estimate":0.5584097253939417,"standard_error":0.004636649076854483},"median":{"confidence_interval":{"confidence_level":0.95,"lower_bound":0.5517521847937594,"upper_bound":0.5617333124620947},"point_estimate":0.5580115697212695,"standard_error":0.0024517378560927764}}