{"mean":{"confidence_interval":{"confidence_level":0.95,"lower_bound":-0.09527867883588761,"upper_bound":-0.08880217965713778},"point_estimate":-0.09190159747443294,"standard_error":0.0016506982561554592},"median":{"confidence_interval":{"confidence_level":0.95,"lower_bound":-0.0954164756244511,"upper_bound":-0.09085034316304608},"point_estimate":-0.09337882129204533,"standard_error":0.0011940593027419289}}