{"mean":{"confidence_interval":{"confidence_level":0.95,"lower_bound":0.049517315430966234,"upper_bound":0.06995110306276035},"point_estimate":0.05994980032921071,"standard_error":0.00507441560280784},"median":{"confidence_interval":{"confidence_level":0.95,"lower_bound":0.03259466996067473,"upper_bound":0.0428041124679408},"point_estimate":0.03687259747130733,"standard_error":0.0026618969972101473}}