{"mean":{"confidence_interval":{"confidence_level":0.95,"lower_bound":0.17156867774891776,"upper_bound":0.18071453010171004},"point_estimate":0.1759240908343871,"standard_error":0.0023227383880671322},"median":{"confidence_interval":{"confidence_level":0.95,"lower_bound":0.171919372705867,"upper_bound":0.18244934609219832},"point_estimate":0.17634175254597162,"standard_error":0.0025936235988758207}}