{"mean":{"confidence_interval":{"confidence_level":0.95,"lower_bound":-0.006037815103565941,"upper_bound":0.004514876372848198},"point_estimate":-0.0017833915187628335,"standard_error":0.0027203578640134334},"median":{"confidence_interval":{"confidence_level":0.95,"lower_bound":-0.006532358671169562,"upper_bound":0.0012350194680519344},"point_estimate":-0.003490052296971413,"standard_error":0.001969609009829964}}