{"mean":{"confidence_interval":{"confidence_level":0.95,"lower_bound":0.019020234459259388,"upper_bound":0.028736835974966755},"point_estimate":0.02379942632905352,"standard_error":0.0024761698527224914},"median":{"confidence_interval":{"confidence_level":0.95,"lower_bound":0.019463231477048648,"upper_bound":0.02711859114368642},"point_estimate":0.024043406310038096,"standard_error":0.0018895497870435715}}