{"mean":{"confidence_interval":{"confidence_level":0.95,"lower_bound":-0.11001832111929742,"upper_bound":-0.09997495804292286},"point_estimate":-0.1041793826709293,"standard_error":0.0025893094599598637},"median":{"confidence_interval":{"confidence_level":0.95,"lower_bound":-0.10403677281455836,"upper_bound":-0.09978490238208593},"point_estimate":-0.10173782508123874,"standard_error":0.0010857663074122163}}