{"mean":{"confidence_interval":{"confidence_level":0.95,"lower_bound":-0.016386854766946124,"upper_bound":-0.009703165336586009},"point_estimate":-0.013049786279286435,"standard_error":0.0017116409963031794},"median":{"confidence_interval":{"confidence_level":0.95,"lower_bound":-0.018417652979266806,"upper_bound":-0.01047747395497356},"point_estimate":-0.014796646270671343,"standard_error":0.002046596614781976}}