{"mean":{"confidence_interval":{"confidence_level":0.95,"lower_bound":-0.007400088257841109,"upper_bound":-0.002274432855963276},"point_estimate":-0.0047633053508168155,"standard_error":0.001307227716429451},"median":{"confidence_interval":{"confidence_level":0.95,"lower_bound":-0.006137547258941445,"upper_bound":-0.001549522349147292},"point_estimate":-0.004104926160548139,"standard_error":0.0011461650745298064}}