{"mean":{"confidence_interval":{"confidence_level":0.95,"lower_bound":-0.000025064107361790017,"upper_bound":0.007722108011090938},"point_estimate":0.003839380975380724,"standard_error":0.001971775054589154},"median":{"confidence_interval":{"confidence_level":0.95,"lower_bound":-0.000619589534216557,"upper_bound":0.007221174638522676},"point_estimate":0.0036173927347888934,"standard_error":0.0020218058594245526}}