{"mean":{"confidence_interval":{"confidence_level":0.95,"lower_bound":-0.1650085684074378,"upper_bound":-0.14420884454269106},"point_estimate":-0.15473879543713343,"standard_error":0.005235378192873611},"median":{"confidence_interval":{"confidence_level":0.95,"lower_bound":-0.18981863351042128,"upper_bound":-0.1697209928333887},"point_estimate":-0.1829293790543517,"standard_error":0.008624256897530156}}