{"mean":{"confidence_interval":{"confidence_level":0.95,"lower_bound":0.0019007106416746803,"upper_bound":0.00877110298770575},"point_estimate":0.004836182206176209,"standard_error":0.0017560244483286191},"median":{"confidence_interval":{"confidence_level":0.95,"lower_bound":0.0023205533291582,"upper_bound":0.006490912371713176},"point_estimate":0.004500942236520977,"standard_error":0.0010749372334257449}}