{"mean":{"confidence_interval":{"confidence_level":0.95,"lower_bound":-0.020779788043801577,"upper_bound":-0.011869539236860523},"point_estimate":-0.016511540557097137,"standard_error":0.0022517668386443676},"median":{"confidence_interval":{"confidence_level":0.95,"lower_bound":-0.022406616535372237,"upper_bound":-0.012424131568365637},"point_estimate":-0.01744146437893046,"standard_error":0.002491821222756812}}