{"mean":{"confidence_interval":{"confidence_level":0.95,"lower_bound":-0.0004482784228403847,"upper_bound":0.008760795818304183},"point_estimate":0.00413625467919343,"standard_error":0.002332199236025153},"median":{"confidence_interval":{"confidence_level":0.95,"lower_bound":-0.001537335592738276,"upper_bound":0.008794838329583277},"point_estimate":0.0037018024089927604,"standard_error":0.002697878246213602}}