{"mean":{"confidence_interval":{"confidence_level":0.95,"lower_bound":0.00252672126491838,"upper_bound":0.012903856925740581},"point_estimate":0.00765902623531356,"standard_error":0.0026250055488720677},"median":{"confidence_interval":{"confidence_level":0.95,"lower_bound":0.00632057007035637,"upper_bound":0.010921147854869417},"point_estimate":0.008719201214135497,"standard_error":0.0011609534466981185}}