{"mean":{"confidence_interval":{"confidence_level":0.95,"lower_bound":-0.04758142641192015,"upper_bound":-0.035734580217500145},"point_estimate":-0.041642137238393606,"standard_error":0.0030138531060976553},"median":{"confidence_interval":{"confidence_level":0.95,"lower_bound":-0.042958620879946396,"upper_bound":-0.03697770036611725},"point_estimate":-0.039974097588346136,"standard_error":0.0014640375570420358}}