{"mean":{"confidence_interval":{"confidence_level":0.95,"lower_bound":-0.0035176800897782556,"upper_bound":0.009930288037746097},"point_estimate":0.0024890666248345017,"standard_error":0.0034868433802474237},"median":{"confidence_interval":{"confidence_level":0.95,"lower_bound":-0.006131192619401982,"upper_bound":0.0009463025654889989},"point_estimate":-0.002087583553467942,"standard_error":0.0018161978084061164}}