{"mean":{"confidence_interval":{"confidence_level":0.95,"lower_bound":0.031991629094983626,"upper_bound":0.04458070190209264},"point_estimate":0.03827059232711516,"standard_error":0.003203964796257616},"median":{"confidence_interval":{"confidence_level":0.95,"lower_bound":0.0354900575261754,"upper_bound":0.04742139481468466},"point_estimate":0.040288806177810166,"standard_error":0.0029581418309134536}}