{"mean":{"confidence_interval":{"confidence_level":0.95,"lower_bound":-0.09976699975999648,"upper_bound":-0.09032114370701612},"point_estimate":-0.09465841214924009,"standard_error":0.0024085342627579286},"median":{"confidence_interval":{"confidence_level":0.95,"lower_bound":-0.09610239739255166,"upper_bound":-0.09138200028668386},"point_estimate":-0.09375490197157066,"standard_error":0.0012220104435434434}}