{"mean":{"confidence_interval":{"confidence_level":0.95,"lower_bound":0.017327387439029823,"upper_bound":0.027556041326773015},"point_estimate":0.022195701869456963,"standard_error":0.0025957390045008646},"median":{"confidence_interval":{"confidence_level":0.95,"lower_bound":0.01337350207287713,"upper_bound":0.023745384172379844},"point_estimate":0.01780493474274114,"standard_error":0.0026294820721137436}}