{"mean":{"confidence_interval":{"confidence_level":0.95,"lower_bound":0.0022896283200919076,"upper_bound":0.007623347018482129},"point_estimate":0.005039348110365882,"standard_error":0.0013576076690078069},"median":{"confidence_interval":{"confidence_level":0.95,"lower_bound":0.005095447811414022,"upper_bound":0.009121742032132563},"point_estimate":0.007057744310913661,"standard_error":0.0010540100104725807}}