{"mean":{"confidence_interval":{"confidence_level":0.95,"lower_bound":0.003530088480040822,"upper_bound":0.012729494854272575},"point_estimate":0.008170801709743047,"standard_error":0.002340822565284241},"median":{"confidence_interval":{"confidence_level":0.95,"lower_bound":0.0036778286936940408,"upper_bound":0.010408093068765894},"point_estimate":0.0077045204487395935,"standard_error":0.0016843444420967884}}