{"mean":{"confidence_interval":{"confidence_level":0.95,"lower_bound":-0.002746988692336094,"upper_bound":0.00659760158189104},"point_estimate":0.0016589874519061798,"standard_error":0.002373457468598504},"median":{"confidence_interval":{"confidence_level":0.95,"lower_bound":-0.0024291482410798704,"upper_bound":0.007356289396330817},"point_estimate":0.0027986177728682726,"standard_error":0.00249580597033003}}