{"mean":{"confidence_interval":{"confidence_level":0.95,"lower_bound":0.05905939419962682,"upper_bound":0.0754523372409689},"point_estimate":0.0670764234092982,"standard_error":0.004201346828145887},"median":{"confidence_interval":{"confidence_level":0.95,"lower_bound":0.05035732505360668,"upper_bound":0.06699533341828134},"point_estimate":0.058589219058584385,"standard_error":0.004254390732089151}}