{"mean":{"confidence_interval":{"confidence_level":0.95,"lower_bound":0.10006191035706478,"upper_bound":0.11540852969939452},"point_estimate":0.1075552943846223,"standard_error":0.0038722785057270738},"median":{"confidence_interval":{"confidence_level":0.95,"lower_bound":0.0961606373716668,"upper_bound":0.11031744747938799},"point_estimate":0.10244783165956228,"standard_error":0.0033857689602670997}}