{"mean":{"confidence_interval":{"confidence_level":0.95,"lower_bound":-0.06997207284938753,"upper_bound":-0.05192711607374755},"point_estimate":-0.060866061511217984,"standard_error":0.004621053969300622},"median":{"confidence_interval":{"confidence_level":0.95,"lower_bound":-0.04480515561109955,"upper_bound":-0.034964594225953216},"point_estimate":-0.04046198420050007,"standard_error":0.0024972599107290854}}