{"mean":{"confidence_interval":{"confidence_level":0.95,"lower_bound":9198.599306209791,"upper_bound":9236.189479642726},"point_estimate":9218.179444742793,"standard_error":9.615979579101523},"median":{"confidence_interval":{"confidence_level":0.95,"lower_bound":9227.70722532954,"upper_bound":9251.794871794871},"point_estimate":9242.672188613295,"standard_error":7.571460035291335},"median_abs_dev":{"confidence_interval":{"confidence_level":0.95,"lower_bound":35.532176195020476,"upper_bound":68.51404269846928},"point_estimate":49.090353494104924,"standard_error":7.788919181385895},"slope":{"confidence_interval":{"confidence_level":0.95,"lower_bound":9235.711410888862,"upper_bound":9250.22982589407},"point_estimate":9242.45070324943,"standard_error":3.721987603988097},"std_dev":{"confidence_interval":{"confidence_level":0.95,"lower_bound":75.53154582018009,"upper_bound":115.36791316841447},"point_estimate":96.97711718415985,"standard_error":10.16393641313459}}