{"mean":{"confidence_interval":{"confidence_level":0.95,"lower_bound":8596.76383323665,"upper_bound":8668.86465939992},"point_estimate":8634.272582325088,"standard_error":18.41041218422209},"median":{"confidence_interval":{"confidence_level":0.95,"lower_bound":8667.194561157798,"upper_bound":8686.649213106295},"point_estimate":8676.96279537456,"standard_error":5.394718585231375},"median_abs_dev":{"confidence_interval":{"confidence_level":0.95,"lower_bound":35.18120273001673,"upper_bound":98.09563413388176},"point_estimate":55.122023057899874,"standard_error":14.631473812024126},"slope":{"confidence_interval":{"confidence_level":0.95,"lower_bound":8685.10965405347,"upper_bound":8707.041874298111},"point_estimate":8695.268860299551,"standard_error":5.599503207403838},"std_dev":{"confidence_interval":{"confidence_level":0.95,"lower_bound":143.8932940160667,"upper_bound":218.04030431883334},"point_estimate":184.57348169913118,"standard_error":18.973541766282906}}