{"mean":{"confidence_interval":{"confidence_level":0.95,"lower_bound":10295.003771602545,"upper_bound":10363.431154568412},"point_estimate":10325.563382735048,"standard_error":17.503055428791647},"median":{"confidence_interval":{"confidence_level":0.95,"lower_bound":10324.896781354051,"upper_bound":10343.931181630547},"point_estimate":10336.392150999156,"standard_error":4.233929858668024},"median_abs_dev":{"confidence_interval":{"confidence_level":0.95,"lower_bound":36.55245194285377,"upper_bound":59.17773402375927},"point_estimate":46.574072179134234,"standard_error":5.878736998279304},"slope":{"confidence_interval":{"confidence_level":0.95,"lower_bound":10338.035968184553,"upper_bound":10389.25525861053},"point_estimate":10358.403694225437,"standard_error":13.42043635233561},"std_dev":{"confidence_interval":{"confidence_level":0.95,"lower_bound":87.4364998623769,"upper_bound":271.4705729895735},"point_estimate":177.05144304700275,"standard_error":54.823069683907384}}