{"mean":{"confidence_interval":{"confidence_level":0.95,"lower_bound":9236.765373092432,"upper_bound":9343.609542949487},"point_estimate":9285.48896561584,"standard_error":27.238987944048166},"median":{"confidence_interval":{"confidence_level":0.95,"lower_bound":9279.3717859674,"upper_bound":9311.738562091503},"point_estimate":9296.108215974375,"standard_error":8.156714368027924},"median_abs_dev":{"confidence_interval":{"confidence_level":0.95,"lower_bound":77.35640734148328,"upper_bound":144.745434981238},"point_estimate":105.31813552640678,"standard_error":17.892462844942788},"slope":{"confidence_interval":{"confidence_level":0.95,"lower_bound":9303.840517321363,"upper_bound":9361.199668143186},"point_estimate":9328.509366562645,"standard_error":14.667991914072624},"std_dev":{"confidence_interval":{"confidence_level":0.95,"lower_bound":151.74080082645534,"upper_bound":405.57643857961784},"point_estimate":273.959049767665,"standard_error":73.75943522212158}}