{"mean":{"confidence_interval":{"confidence_level":0.95,"lower_bound":6705.550640689244,"upper_bound":6762.080029083275},"point_estimate":6732.019104334076,"standard_error":14.456463947585114},"median":{"confidence_interval":{"confidence_level":0.95,"lower_bound":6694.363299351251,"upper_bound":6718.419230769231},"point_estimate":6704.4927626137305,"standard_error":5.067464375830397},"median_abs_dev":{"confidence_interval":{"confidence_level":0.95,"lower_bound":55.320662478880216,"upper_bound":107.98244178862728},"point_estimate":81.17614154169651,"standard_error":13.14536488296693},"slope":{"confidence_interval":{"confidence_level":0.95,"lower_bound":6705.156384518541,"upper_bound":6729.099573068111},"point_estimate":6716.942768639666,"standard_error":6.120661164972172},"std_dev":{"confidence_interval":{"confidence_level":0.95,"lower_bound":94.79170511795073,"upper_bound":193.12087777157146},"point_estimate":145.14099651512072,"standard_error":25.46752448246217}}