{"mean":{"confidence_interval":{"confidence_level":0.95,"lower_bound":4518.300365538462,"upper_bound":4588.6521381644525},"point_estimate":4553.0028783465195,"standard_error":17.961257888816128},"median":{"confidence_interval":{"confidence_level":0.95,"lower_bound":4487.759615384615,"upper_bound":4567.303522194652},"point_estimate":4513.8942772203645,"standard_error":17.26337579016626},"median_abs_dev":{"confidence_interval":{"confidence_level":0.95,"lower_bound":144.4120363414995,"upper_bound":248.63771760957215},"point_estimate":209.01667888445348,"standard_error":25.6605141134372},"slope":{"confidence_interval":{"confidence_level":0.95,"lower_bound":4413.17660442461,"upper_bound":4469.5187083147675},"point_estimate":4438.546829296018,"standard_error":14.404352192544097},"std_dev":{"confidence_interval":{"confidence_level":0.95,"lower_bound":156.69145997227182,"upper_bound":200.50491029998946},"point_estimate":180.17033223734128,"standard_error":11.164221401623037}}