{"mean":{"confidence_interval":{"confidence_level":0.95,"lower_bound":7222.023676692052,"upper_bound":7252.14885361124},"point_estimate":7235.921625272829,"standard_error":7.704783690436995},"median":{"confidence_interval":{"confidence_level":0.95,"lower_bound":7210.351170568561,"upper_bound":7235.478666873033},"point_estimate":7222.859984132136,"standard_error":6.712414434152655},"median_abs_dev":{"confidence_interval":{"confidence_level":0.95,"lower_bound":36.56319627395099,"upper_bound":62.632657865993046},"point_estimate":48.99789621980236,"standard_error":6.57433891931896},"slope":{"confidence_interval":{"confidence_level":0.95,"lower_bound":7221.086372329439,"upper_bound":7238.052914423868},"point_estimate":7229.200802082504,"standard_error":4.320922399100633},"std_dev":{"confidence_interval":{"confidence_level":0.95,"lower_bound":49.31193909415732,"upper_bound":109.6713162686038},"point_estimate":77.48188939437925,"standard_error":17.618763650970507}}