{"mean":{"confidence_interval":{"confidence_level":0.95,"lower_bound":4436.746484817386,"upper_bound":4454.345796402657},"point_estimate":4445.3372775401895,"standard_error":4.500874953972697},"median":{"confidence_interval":{"confidence_level":0.95,"lower_bound":4432.178805237316,"upper_bound":4445.4807692307695},"point_estimate":4439.305472117017,"standard_error":3.1577668630725295},"median_abs_dev":{"confidence_interval":{"confidence_level":0.95,"lower_bound":25.201833243098516,"upper_bound":46.27078505386036},"point_estimate":34.07156014426071,"standard_error":5.594476863859165},"slope":{"confidence_interval":{"confidence_level":0.95,"lower_bound":4446.229170221391,"upper_bound":4469.553439973619},"point_estimate":4457.655194325403,"standard_error":5.973720590557869},"std_dev":{"confidence_interval":{"confidence_level":0.95,"lower_bound":37.20894578335888,"upper_bound":52.13696972453292},"point_estimate":45.184893663251884,"standard_error":3.81723334197572}}