{"mean":{"confidence_interval":{"confidence_level":0.95,"lower_bound":4359.347254589828,"upper_bound":4443.088817031927},"point_estimate":4400.150259214078,"standard_error":21.403351575894295},"median":{"confidence_interval":{"confidence_level":0.95,"lower_bound":4283.321187584345,"upper_bound":4311.1884615384615},"point_estimate":4290.227537168714,"standard_error":7.499690376292816},"median_abs_dev":{"confidence_interval":{"confidence_level":0.95,"lower_bound":50.58798585527759,"upper_bound":115.55249153477949},"point_estimate":75.84933082123705,"standard_error":17.019482568222102},"slope":{"confidence_interval":{"confidence_level":0.95,"lower_bound":4492.616614750838,"upper_bound":4612.789441019565},"point_estimate":4557.605714155801,"standard_error":30.636550054045713},"std_dev":{"confidence_interval":{"confidence_level":0.95,"lower_bound":185.15895127340602,"upper_bound":236.480298498963},"point_estimate":214.99745589794026,"standard_error":13.112567671911599}}