{"mean":{"confidence_interval":{"confidence_level":0.95,"lower_bound":81105.7271058243,"upper_bound":81249.59859155664},"point_estimate":81170.39017218233,"standard_error":37.048484515025535},"median":{"confidence_interval":{"confidence_level":0.95,"lower_bound":81070.96700968524,"upper_bound":81157.6756302521},"point_estimate":81096.78418367347,"standard_error":21.750511184125614},"median_abs_dev":{"confidence_interval":{"confidence_level":0.95,"lower_bound":121.23868736773841,"upper_bound":201.56535263947404},"point_estimate":162.45710105392223,"standard_error":18.90240316261898},"slope":{"confidence_interval":{"confidence_level":0.95,"lower_bound":81126.52998386123,"upper_bound":81296.91997979287},"point_estimate":81199.00326669341,"standard_error":44.191205145557284},"std_dev":{"confidence_interval":{"confidence_level":0.95,"lower_bound":182.79561242102997,"upper_bound":543.3368941587487},"point_estimate":372.35810906926014,"standard_error":95.87859821675877}}