{"mean":{"confidence_interval":{"confidence_level":0.95,"lower_bound":83755.06812555363,"upper_bound":83911.54979606715},"point_estimate":83833.57825878212,"standard_error":39.880547011923596},"median":{"confidence_interval":{"confidence_level":0.95,"lower_bound":83708.97789115646,"upper_bound":83975.66071428571},"point_estimate":83889.89481292517,"standard_error":70.87427789509331},"median_abs_dev":{"confidence_interval":{"confidence_level":0.95,"lower_bound":316.0459769013009,"upper_bound":500.1637397377506},"point_estimate":411.19068500760176,"standard_error":46.372577662201664},"slope":{"confidence_interval":{"confidence_level":0.95,"lower_bound":83767.53706591486,"upper_bound":83963.81383017493},"point_estimate":83865.36504633832,"standard_error":50.21017934474802},"std_dev":{"confidence_interval":{"confidence_level":0.95,"lower_bound":340.810581717564,"upper_bound":456.9184525537848},"point_estimate":400.6806631123444,"standard_error":29.693626415664326}}