{"mean":{"confidence_interval":{"confidence_level":0.95,"lower_bound":91056.60712145909,"upper_bound":91573.48835305238},"point_estimate":91283.41116326657,"standard_error":132.4187960649199},"median":{"confidence_interval":{"confidence_level":0.95,"lower_bound":91016.65597667638,"upper_bound":91510.33392857143},"point_estimate":91363.6379691737,"standard_error":129.58637596263847},"median_abs_dev":{"confidence_interval":{"confidence_level":0.95,"lower_bound":630.7473200782965,"upper_bound":1024.0894423308393},"point_estimate":758.2481317387752,"standard_error":100.03895215809794},"slope":{"confidence_interval":{"confidence_level":0.95,"lower_bound":91387.79128446354,"upper_bound":92328.10884610399},"point_estimate":91745.33398678461,"standard_error":255.30629573147158},"std_dev":{"confidence_interval":{"confidence_level":0.95,"lower_bound":703.6449680255784,"upper_bound":2036.7269125964046},"point_estimate":1332.9296350897816,"standard_error":421.72623856096857}}