{"mean":{"confidence_interval":{"confidence_level":0.95,"lower_bound":82726.37381622386,"upper_bound":83310.63598739883},"point_estimate":82944.10490434973,"standard_error":160.21003051066705},"median":{"confidence_interval":{"confidence_level":0.95,"lower_bound":82672.89246765562,"upper_bound":82783.28508687258},"point_estimate":82721.56567746686,"standard_error":30.221105880016488},"median_abs_dev":{"confidence_interval":{"confidence_level":0.95,"lower_bound":161.82088216599183,"upper_bound":274.843768120537},"point_estimate":234.79009809015463,"standard_error":28.15957533744809},"slope":{"confidence_interval":{"confidence_level":0.95,"lower_bound":82773.26471901899,"upper_bound":83793.65777895557},"point_estimate":83136.520336507,"standard_error":282.63426900875083},"std_dev":{"confidence_interval":{"confidence_level":0.95,"lower_bound":252.19389463934186,"upper_bound":2710.0900585192967},"point_estimate":1612.8841907153908,"standard_error":800.421267215496}}