{"mean":{"confidence_interval":{"confidence_level":0.95,"lower_bound":86239.06124121157,"upper_bound":86593.59474498464},"point_estimate":86392.77203552905,"standard_error":91.46426212547252},"median":{"confidence_interval":{"confidence_level":0.95,"lower_bound":86146.8961038961,"upper_bound":86384.2709867452},"point_estimate":86214.8518707483,"standard_error":57.82675138403955},"median_abs_dev":{"confidence_interval":{"confidence_level":0.95,"lower_bound":319.9890161716789,"upper_bound":472.1961419328717},"point_estimate":385.4428783951144,"standard_error":39.052970731144235},"slope":{"confidence_interval":{"confidence_level":0.95,"lower_bound":86121.86318879815,"upper_bound":86263.45220410159},"point_estimate":86190.80955983872,"standard_error":36.207417289221844},"std_dev":{"confidence_interval":{"confidence_level":0.95,"lower_bound":392.36389040386007,"upper_bound":1418.0465824275975},"point_estimate":922.2278590032754,"standard_error":291.04618823966524}}