{"mean":{"confidence_interval":{"confidence_level":0.95,"lower_bound":87351.97733383796,"upper_bound":87535.37680395934},"point_estimate":87441.32499238741,"standard_error":46.824858578805696},"median":{"confidence_interval":{"confidence_level":0.95,"lower_bound":87300.96130219164,"upper_bound":87479.01190476191},"point_estimate":87387.0912364946,"standard_error":46.777817317830014},"median_abs_dev":{"confidence_interval":{"confidence_level":0.95,"lower_bound":278.22000642746656,"upper_bound":439.17846393683385},"point_estimate":364.4826118736807,"standard_error":40.09679981477349},"slope":{"confidence_interval":{"confidence_level":0.95,"lower_bound":87285.79191222234,"upper_bound":87445.55200332515},"point_estimate":87359.19838966413,"standard_error":40.60211318227052},"std_dev":{"confidence_interval":{"confidence_level":0.95,"lower_bound":367.7252829902179,"upper_bound":565.5003249669508},"point_estimate":468.6914117722902,"standard_error":50.588590402308085}}