{"mean":{"confidence_interval":{"confidence_level":0.95,"lower_bound":90719.93076742321,"upper_bound":90991.6223795031},"point_estimate":90857.90525584416,"standard_error":69.4395735756122},"median":{"confidence_interval":{"confidence_level":0.95,"lower_bound":90839.28422619047,"upper_bound":91114.3560717633},"point_estimate":91008.29676870749,"standard_error":63.52803961323514},"median_abs_dev":{"confidence_interval":{"confidence_level":0.95,"lower_bound":421.2936746944623,"upper_bound":765.6919601205826},"point_estimate":597.1366174344288,"standard_error":90.89736740030338},"slope":{"confidence_interval":{"confidence_level":0.95,"lower_bound":90904.05357602949,"upper_bound":91135.59763545456},"point_estimate":91022.5981118453,"standard_error":59.04032888395877},"std_dev":{"confidence_interval":{"confidence_level":0.95,"lower_bound":593.9033788814384,"upper_bound":797.3709761796937},"point_estimate":700.8262593799133,"standard_error":52.22627314280683}}