{"mean":{"confidence_interval":{"confidence_level":0.95,"lower_bound":84712.46967178564,"upper_bound":84939.68597938628},"point_estimate":84814.21481733758,"standard_error":58.120932570076924},"median":{"confidence_interval":{"confidence_level":0.95,"lower_bound":84632.65714285715,"upper_bound":84754.21011904761},"point_estimate":84683.0780075188,"standard_error":36.258187242306875},"median_abs_dev":{"confidence_interval":{"confidence_level":0.95,"lower_bound":164.41969682332774,"upper_bound":287.2780269162962},"point_estimate":209.8344188996073,"standard_error":31.994091982240207},"slope":{"confidence_interval":{"confidence_level":0.95,"lower_bound":84729.59090259694,"upper_bound":85097.53654103194},"point_estimate":84881.31792345205,"standard_error":95.92122626724421},"std_dev":{"confidence_interval":{"confidence_level":0.95,"lower_bound":303.05098273677106,"upper_bound":844.9998111409225},"point_estimate":583.4015065156872,"standard_error":144.33711818701255}}