{"mean":{"confidence_interval":{"confidence_level":0.95,"lower_bound":92044.59825843488,"upper_bound":92121.75198613043},"point_estimate":92084.00153652433,"standard_error":19.72453777049405},"median":{"confidence_interval":{"confidence_level":0.95,"lower_bound":92051.31506849315,"upper_bound":92098.32581453634},"point_estimate":92077.17523809524,"standard_error":12.420510373805273},"median_abs_dev":{"confidence_interval":{"confidence_level":0.95,"lower_bound":93.55021660002143,"upper_bound":159.2804308166766},"point_estimate":130.39961498325889,"standard_error":16.6137685200837},"slope":{"confidence_interval":{"confidence_level":0.95,"lower_bound":92072.87313811686,"upper_bound":92130.7183060249},"point_estimate":92101.26465452088,"standard_error":14.708467897416494},"std_dev":{"confidence_interval":{"confidence_level":0.95,"lower_bound":151.1482973300013,"upper_bound":244.32032271751842},"point_estimate":197.74885934297757,"standard_error":24.00658047313021}}