{"mean":{"confidence_interval":{"confidence_level":0.95,"lower_bound":6502704.18375,"upper_bound":6518765.3819375},"point_estimate":6510071.25875,"standard_error":4105.394236561759},"median":{"confidence_interval":{"confidence_level":0.95,"lower_bound":6495258.25,"upper_bound":6508221.375},"point_estimate":6504289.0,"standard_error":2959.674639575938},"median_abs_dev":{"confidence_interval":{"confidence_level":0.95,"lower_bound":18078.082779049873,"upper_bound":34270.669041574},"point_estimate":27174.204267561436,"standard_error":4366.335955720147},"slope":null,"std_dev":{"confidence_interval":{"confidence_level":0.95,"lower_bound":25209.936359502106,"upper_bound":58733.95638828796},"point_estimate":41286.88299955822,"standard_error":9571.249876262691}}