{"mean":{"confidence_interval":{"confidence_level":0.95,"lower_bound":12646826.060625,"upper_bound":12743756.5289375},"point_estimate":12694646.235,"standard_error":24741.371491858852},"median":{"confidence_interval":{"confidence_level":0.95,"lower_bound":12659918.5,"upper_bound":12757118.5},"point_estimate":12696253.375,"standard_error":24770.34624051182},"median_abs_dev":{"confidence_interval":{"confidence_level":0.95,"lower_bound":181418.71642917395,"upper_bound":307699.22015162173},"point_estimate":256546.13424539566,"standard_error":30836.85375359038},"slope":null,"std_dev":{"confidence_interval":{"confidence_level":0.95,"lower_bound":209951.80385181436,"upper_bound":283543.76939475746},"point_estimate":248007.91286040354,"standard_error":18849.412543394727}}