{"mean":{"confidence_interval":{"confidence_level":0.95,"lower_bound":7600889.915357143,"upper_bound":7645958.318714283},"point_estimate":7623487.101428568,"standard_error":11490.449471365115},"median":{"confidence_interval":{"confidence_level":0.95,"lower_bound":7611223.857142856,"upper_bound":7658697.571428572},"point_estimate":7630678.285714285,"standard_error":11461.53083285715},"median_abs_dev":{"confidence_interval":{"confidence_level":0.95,"lower_bound":66342.92295717854,"upper_bound":120905.28655350208},"point_estimate":89417.61651251948,"standard_error":14158.923015491711},"slope":null,"std_dev":{"confidence_interval":{"confidence_level":0.95,"lower_bound":93972.23927866979,"upper_bound":134704.64658789648},"point_estimate":115306.96957507297,"standard_error":10400.573694462932}}