{"mean":{"confidence_interval":{"confidence_level":0.95,"lower_bound":7042225.73625,"upper_bound":7102317.89375},"point_estimate":7064329.01125,"standard_error":17119.40405426623},"median":{"confidence_interval":{"confidence_level":0.95,"lower_bound":7035891.0625,"upper_bound":7050003.5},"point_estimate":7041362.875,"standard_error":3490.462941575008},"median_abs_dev":{"confidence_interval":{"confidence_level":0.95,"lower_bound":20171.606604382396,"upper_bound":30532.84918293357},"point_estimate":25600.424395501614,"standard_error":2600.608615776335},"slope":null,"std_dev":{"confidence_interval":{"confidence_level":0.95,"lower_bound":26255.005004616818,"upper_bound":289775.31042479223},"point_estimate":171358.46518365399,"standard_error":90290.71951174711}}