{"mean":{"confidence_interval":{"confidence_level":0.95,"lower_bound":8669873.329999998,"upper_bound":8711488.199833332},"point_estimate":8688671.69333333,"standard_error":10651.904797095542},"median":{"confidence_interval":{"confidence_level":0.95,"lower_bound":8651216.75,"upper_bound":8683921.25},"point_estimate":8670005.416666666,"standard_error":7882.49010261257},"median_abs_dev":{"confidence_interval":{"confidence_level":0.95,"lower_bound":46669.40552145197,"upper_bound":81513.8407528382},"point_estimate":65145.689943431884,"standard_error":8739.149160037377},"slope":null,"std_dev":{"confidence_interval":{"confidence_level":0.95,"lower_bound":59793.28130860931,"upper_bound":156370.71961575712},"point_estimate":107366.60790171596,"standard_error":26772.251294451606}}