{"mean":{"confidence_interval":{"confidence_level":0.95,"lower_bound":6357104.72090625,"upper_bound":6396612.615},"point_estimate":6376761.08875,"standard_error":10059.057672301567},"median":{"confidence_interval":{"confidence_level":0.95,"lower_bound":6336959.8125,"upper_bound":6393254.5},"point_estimate":6368162.625,"standard_error":14444.484720735085},"median_abs_dev":{"confidence_interval":{"confidence_level":0.95,"lower_bound":99900.0881139189,"upper_bound":160939.84098024666},"point_estimate":142707.75312893093,"standard_error":15202.641991386196},"slope":null,"std_dev":{"confidence_interval":{"confidence_level":0.95,"lower_bound":91787.77298334446,"upper_bound":109080.70517311056},"point_estimate":101222.17786013825,"standard_error":4389.451729604486}}