{"mean":{"confidence_interval":{"confidence_level":0.95,"lower_bound":6215267.849138889,"upper_bound":6254636.376666665},"point_estimate":6233179.575555557,"standard_error":10095.512762771432},"median":{"confidence_interval":{"confidence_level":0.95,"lower_bound":6195230.111111111,"upper_bound":6213334.0},"point_estimate":6205290.0,"standard_error":4477.076642121294},"median_abs_dev":{"confidence_interval":{"confidence_level":0.95,"lower_bound":29803.224670886993,"upper_bound":53612.1329148612},"point_estimate":40631.475945314385,"standard_error":6029.018603642939},"slope":null,"std_dev":{"confidence_interval":{"confidence_level":0.95,"lower_bound":58879.818529328884,"upper_bound":140135.53864216412},"point_estimate":101749.02507240445,"standard_error":20978.925158217397}}