{"mean":{"confidence_interval":{"confidence_level":0.95,"lower_bound":8362359.95,"upper_bound":8478903.944999998},"point_estimate":8418894.680000003,"standard_error":29727.64336907636},"median":{"confidence_interval":{"confidence_level":0.95,"lower_bound":8401861.166666666,"upper_bound":8466602.833333334},"point_estimate":8419419.0,"standard_error":14954.61444799781},"median_abs_dev":{"confidence_interval":{"confidence_level":0.95,"lower_bound":99700.30158996565,"upper_bound":171631.8269029255},"point_estimate":137900.94780176925,"standard_error":19096.3446052024},"slope":null,"std_dev":{"confidence_interval":{"confidence_level":0.95,"lower_bound":201105.57984640714,"upper_bound":404670.4864475107},"point_estimate":299947.64956541196,"standard_error":53738.9416088147}}