{"mean":{"confidence_interval":{"confidence_level":0.95,"lower_bound":7223836.761428573,"upper_bound":7269115.590000003},"point_estimate":7246699.539999999,"standard_error":11570.093233884061},"median":{"confidence_interval":{"confidence_level":0.95,"lower_bound":7229575.0,"upper_bound":7301837.642857144},"point_estimate":7274930.357142857,"standard_error":16130.652029521814},"median_abs_dev":{"confidence_interval":{"confidence_level":0.95,"lower_bound":86402.00816605723,"upper_bound":157156.66944741094},"point_estimate":118889.05648929722,"standard_error":17425.478055363412},"slope":null,"std_dev":{"confidence_interval":{"confidence_level":0.95,"lower_bound":103224.62827963069,"upper_bound":128687.76636886201},"point_estimate":116880.14102288817,"standard_error":6441.306065137207}}