{"mean":{"confidence_interval":{"confidence_level":0.95,"lower_bound":12447784.648,"upper_bound":12493412.9240625},"point_estimate":12469384.9175,"standard_error":11637.270847875072},"median":{"confidence_interval":{"confidence_level":0.95,"lower_bound":12415223.25,"upper_bound":12456046.5},"point_estimate":12433846.625,"standard_error":10299.98866983834},"median_abs_dev":{"confidence_interval":{"confidence_level":0.95,"lower_bound":42560.25614440441,"upper_bound":86287.50379309058},"point_estimate":65547.59808629751,"standard_error":11061.168670622572},"slope":null,"std_dev":{"confidence_interval":{"confidence_level":0.95,"lower_bound":85527.98005450044,"upper_bound":150298.71641436632},"point_estimate":116492.64460283292,"standard_error":16990.83917826031}}