{"mean":{"confidence_interval":{"confidence_level":0.95,"lower_bound":7800052.033392854,"upper_bound":7859598.242678576},"point_estimate":7830738.529999997,"standard_error":15165.600047150658},"median":{"confidence_interval":{"confidence_level":0.95,"lower_bound":7891190.714285715,"upper_bound":7923397.714285715},"point_estimate":7915098.714285715,"standard_error":6994.188758223318},"median_abs_dev":{"confidence_interval":{"confidence_level":0.95,"lower_bound":23968.346574476887,"upper_bound":72050.91697084035},"point_estimate":37972.244625857995,"standard_error":11963.539292529991},"slope":null,"std_dev":{"confidence_interval":{"confidence_level":0.95,"lower_bound":125267.24656301865,"upper_bound":175872.6254427096},"point_estimate":153185.13006438056,"standard_error":12909.775585601637}}