{"mean":{"confidence_interval":{"confidence_level":0.95,"lower_bound":7488019.387214282,"upper_bound":7503270.042857144},"point_estimate":7495150.605714288,"standard_error":3905.75181404143},"median":{"confidence_interval":{"confidence_level":0.95,"lower_bound":7478156.357142857,"upper_bound":7496493.285714285},"point_estimate":7486106.785714285,"standard_error":6025.846456563902},"median_abs_dev":{"confidence_interval":{"confidence_level":0.95,"lower_bound":21934.643010582637,"upper_bound":35234.94147445454},"point_estimate":25936.498039535214,"standard_error":3595.46048047392},"slope":null,"std_dev":{"confidence_interval":{"confidence_level":0.95,"lower_bound":26737.918548443868,"upper_bound":52752.91429148051},"point_estimate":39181.201360704516,"standard_error":6973.823978184892}}