{"mean":{"confidence_interval":{"confidence_level":0.95,"lower_bound":8220296.321428575,"upper_bound":8233417.607749999},"point_estimate":8226756.518571431,"standard_error":3351.355914396162},"median":{"confidence_interval":{"confidence_level":0.95,"lower_bound":8214043.928571428,"upper_bound":8230745.142857143},"point_estimate":8222914.0,"standard_error":4202.6753402634085},"median_abs_dev":{"confidence_interval":{"confidence_level":0.95,"lower_bound":21880.528111543368,"upper_bound":38143.061322825095},"point_estimate":28695.19299055829,"standard_error":4208.00862230175},"slope":null,"std_dev":{"confidence_interval":{"confidence_level":0.95,"lower_bound":27659.528184127317,"upper_bound":38800.41771112968},"point_estimate":33526.89883734273,"standard_error":2844.2942915694907}}