{"mean":{"confidence_interval":{"confidence_level":0.95,"lower_bound":0.021798008961610695,"upper_bound":0.030322716868433856},"point_estimate":0.026287528739235455,"standard_error":0.00217907914636474},"median":{"confidence_interval":{"confidence_level":0.95,"lower_bound":0.023021068723554805,"upper_bound":0.032090054650002975},"point_estimate":0.028142327238477316,"standard_error":0.0021870593996994093}}