{"mean":{"confidence_interval":{"confidence_level":0.95,"lower_bound":0.005081155039401303,"upper_bound":0.011429147291487338},"point_estimate":0.008312838396314026,"standard_error":0.0016323885168911968},"median":{"confidence_interval":{"confidence_level":0.95,"lower_bound":0.004837025895890079,"upper_bound":0.010857812966610592},"point_estimate":0.009108379904423147,"standard_error":0.0015645315278403884}}