{"mean":{"confidence_interval":{"confidence_level":0.95,"lower_bound":-0.04306641494394906,"upper_bound":-0.036606960147564115},"point_estimate":-0.03984179204728722,"standard_error":0.001651142311817994},"median":{"confidence_interval":{"confidence_level":0.95,"lower_bound":-0.04445940455974717,"upper_bound":-0.035650481597431116},"point_estimate":-0.039958627289730764,"standard_error":0.0020366137841416375}}