{"mean":{"confidence_interval":{"confidence_level":0.95,"lower_bound":0.0988789569864302,"upper_bound":0.10762282465900612},"point_estimate":0.10335930020932405,"standard_error":0.0022312217909824235},"median":{"confidence_interval":{"confidence_level":0.95,"lower_bound":0.10173032518804503,"upper_bound":0.10988331048067246},"point_estimate":0.1058661833807848,"standard_error":0.0022055121572998673}}