{"mean":{"confidence_interval":{"confidence_level":0.95,"lower_bound":-0.0017897758029497878,"upper_bound":0.010687698996894373},"point_estimate":0.0036736328645190497,"standard_error":0.003279694797348136},"median":{"confidence_interval":{"confidence_level":0.95,"lower_bound":-0.003828243670135567,"upper_bound":0.0014766708473545886},"point_estimate":-0.0011342616713744258,"standard_error":0.0013488335262292176}}