{"mean":{"confidence_interval":{"confidence_level":0.95,"lower_bound":-0.03581841048542009,"upper_bound":-0.025469055096091438},"point_estimate":-0.030612802379792137,"standard_error":0.002654642043289031},"median":{"confidence_interval":{"confidence_level":0.95,"lower_bound":-0.0459592997724344,"upper_bound":-0.028915658605521588},"point_estimate":-0.03688327315778017,"standard_error":0.004075959641051761}}