{"mean":{"confidence_interval":{"confidence_level":0.95,"lower_bound":-0.08518247449427957,"upper_bound":-0.07846555692000508},"point_estimate":-0.08185469948569168,"standard_error":0.0017388685430770616},"median":{"confidence_interval":{"confidence_level":0.95,"lower_bound":-0.08678039723986941,"upper_bound":-0.08197700332266256},"point_estimate":-0.08443082472009678,"standard_error":0.0011873494878437965}}