{"mean":{"confidence_interval":{"confidence_level":0.95,"lower_bound":-0.1053996025174745,"upper_bound":-0.0842406280362078},"point_estimate":-0.09771319292905378,"standard_error":0.0060401414873245225},"median":{"confidence_interval":{"confidence_level":0.95,"lower_bound":-0.10677937348973987,"upper_bound":-0.10131185286358113},"point_estimate":-0.10446616829597122,"standard_error":0.0013472696678899054}}