{"mean":{"confidence_interval":{"confidence_level":0.95,"lower_bound":0.09278190191562077,"upper_bound":0.10679372231198221},"point_estimate":0.09992372299196561,"standard_error":0.003567560267630659},"median":{"confidence_interval":{"confidence_level":0.95,"lower_bound":0.09443647215627071,"upper_bound":0.10236199997249562},"point_estimate":0.09905780964944055,"standard_error":0.002078775832978718}}