{"mean":{"confidence_interval":{"confidence_level":0.95,"lower_bound":0.014236223786484304,"upper_bound":0.022407699771735734},"point_estimate":0.01852043023547001,"standard_error":0.002081323862657809},"median":{"confidence_interval":{"confidence_level":0.95,"lower_bound":0.016838163911531145,"upper_bound":0.02437241236079757},"point_estimate":0.020415051823295727,"standard_error":0.0019022253908129332}}