{"mean":{"confidence_interval":{"confidence_level":0.95,"lower_bound":-0.13371772854769193,"upper_bound":-0.12795384592801914},"point_estimate":-0.1306989988078444,"standard_error":0.001469597922976417},"median":{"confidence_interval":{"confidence_level":0.95,"lower_bound":-0.13043276926979874,"upper_bound":-0.1262096073745555},"point_estimate":-0.1289346129880471,"standard_error":0.0011554371097696333}}