{"mean":{"confidence_interval":{"confidence_level":0.95,"lower_bound":0.007805135199002017,"upper_bound":0.012977838343583684},"point_estimate":0.010429586217667985,"standard_error":0.001318527786539007},"median":{"confidence_interval":{"confidence_level":0.95,"lower_bound":0.008967869092544989,"upper_bound":0.012472279160350094},"point_estimate":0.010818686755168061,"standard_error":0.0008984674776835772}}