{"mean":{"confidence_interval":{"confidence_level":0.95,"lower_bound":0.14469184288793913,"upper_bound":0.15208034007600052},"point_estimate":0.14807047904076232,"standard_error":0.0018965606626574728},"median":{"confidence_interval":{"confidence_level":0.95,"lower_bound":0.1420506881869361,"upper_bound":0.1480346157224444},"point_estimate":0.14511773929183658,"standard_error":0.0015586621260329872}}