{"mean":{"confidence_interval":{"confidence_level":0.95,"lower_bound":0.15622262948006935,"upper_bound":0.16434502075429477},"point_estimate":0.1598579050152118,"standard_error":0.002092028939603817},"median":{"confidence_interval":{"confidence_level":0.95,"lower_bound":0.1572981632978312,"upper_bound":0.16458217298018063},"point_estimate":0.1615984478627397,"standard_error":0.0018538936530263373}}