{"mean":{"confidence_interval":{"confidence_level":0.95,"lower_bound":-0.014207410416645352,"upper_bound":-0.000524414799153093},"point_estimate":-0.006606261162481419,"standard_error":0.003503031818380536},"median":{"confidence_interval":{"confidence_level":0.95,"lower_bound":-0.005980400914775252,"upper_bound":0.0004589119599078817},"point_estimate":-0.0018738592050470126,"standard_error":0.001569155767232714}}