{"mean":{"confidence_interval":{"confidence_level":0.95,"lower_bound":-0.10536744178045365,"upper_bound":-0.09788905398049783},"point_estimate":-0.10152668351998395,"standard_error":0.0019113975124240591},"median":{"confidence_interval":{"confidence_level":0.95,"lower_bound":-0.10652636161031726,"upper_bound":-0.09910343377137887},"point_estimate":-0.10377113968407337,"standard_error":0.0018580814231767087}}