{"mean":{"confidence_interval":{"confidence_level":0.95,"lower_bound":-0.09699908063285782,"upper_bound":-0.08906868026502568},"point_estimate":-0.09281098704373658,"standard_error":0.0020228264505591015},"median":{"confidence_interval":{"confidence_level":0.95,"lower_bound":-0.09356269297974917,"upper_bound":-0.08875465188576226},"point_estimate":-0.09115610516354267,"standard_error":0.0012230857671079042}}