{"mean":{"confidence_interval":{"confidence_level":0.95,"lower_bound":0.09731084219433714,"upper_bound":0.106213575861779},"point_estimate":0.10137631902516375,"standard_error":0.0022391370836607944},"median":{"confidence_interval":{"confidence_level":0.95,"lower_bound":0.09686456479872718,"upper_bound":0.10188044425290066},"point_estimate":0.09924296401712618,"standard_error":0.001270345812614718}}