{"mean":{"confidence_interval":{"confidence_level":0.95,"lower_bound":-0.019162103073260852,"upper_bound":-0.001973222276268415},"point_estimate":-0.012237758956674671,"standard_error":0.004566603023428329},"median":{"confidence_interval":{"confidence_level":0.95,"lower_bound":-0.019709982830378836,"upper_bound":-0.013043201792615089},"point_estimate":-0.015721255940154277,"standard_error":0.0017231040181707434}}