{"mean":{"confidence_interval":{"confidence_level":0.95,"lower_bound":0.17063870824533356,"upper_bound":0.17762317632792568},"point_estimate":0.17430846234492847,"standard_error":0.0017875179224467236},"median":{"confidence_interval":{"confidence_level":0.95,"lower_bound":0.1709502335099287,"upper_bound":0.17935600097666235},"point_estimate":0.17489308810140392,"standard_error":0.0022811656764324065}}