{"mean":{"confidence_interval":{"confidence_level":0.95,"lower_bound":-0.047402010187984504,"upper_bound":-0.037036385948841455},"point_estimate":-0.041970753000409755,"standard_error":0.0026535667275280174},"median":{"confidence_interval":{"confidence_level":0.95,"lower_bound":-0.045726195209816356,"upper_bound":-0.03695414929955565},"point_estimate":-0.04159957523057667,"standard_error":0.002256110975750411}}