{"mean":{"confidence_interval":{"confidence_level":0.95,"lower_bound":0.09225405123998173,"upper_bound":0.10123878192277495},"point_estimate":0.0971504385441877,"standard_error":0.0022981695917847064},"median":{"confidence_interval":{"confidence_level":0.95,"lower_bound":0.09472941257890333,"upper_bound":0.10058181777398212},"point_estimate":0.09685206714728811,"standard_error":0.0015113454077548855}}