{"mean":{"confidence_interval":{"confidence_level":0.95,"lower_bound":0.0013127597126281199,"upper_bound":0.008207095712187777},"point_estimate":0.004843141611603041,"standard_error":0.0017717732893060326},"median":{"confidence_interval":{"confidence_level":0.95,"lower_bound":0.0017248986143263423,"upper_bound":0.008325657546329406},"point_estimate":0.005018557525395595,"standard_error":0.0016991167314806199}}