{"mean":{"confidence_interval":{"confidence_level":0.95,"lower_bound":0.04155781616366782,"upper_bound":0.04745874436119833},"point_estimate":0.04438513693274726,"standard_error":0.0014992781418183103},"median":{"confidence_interval":{"confidence_level":0.95,"lower_bound":0.041371212242809374,"upper_bound":0.04689635441606388},"point_estimate":0.04307935104599858,"standard_error":0.0014426506970320863}}