{"mean":{"confidence_interval":{"confidence_level":0.95,"lower_bound":0.007913995843888888,"upper_bound":0.014366524268451092},"point_estimate":0.011148526115124291,"standard_error":0.0016564831207418554},"median":{"confidence_interval":{"confidence_level":0.95,"lower_bound":0.0067746232204810575,"upper_bound":0.014608195077047803},"point_estimate":0.010417292602111772,"standard_error":0.0020503470955531653}}