{"mean":{"confidence_interval":{"confidence_level":0.95,"lower_bound":-0.0035028798751871007,"upper_bound":0.003794029531726015},"point_estimate":0.00023335949135283585,"standard_error":0.0018674522634535057},"median":{"confidence_interval":{"confidence_level":0.95,"lower_bound":-0.0006860715246503532,"upper_bound":0.005596010906413262},"point_estimate":0.0025150843202166318,"standard_error":0.0016600194871458052}}