{"mean":{"confidence_interval":{"confidence_level":0.95,"lower_bound":0.0036405808235707884,"upper_bound":0.012350582719890467},"point_estimate":0.007738519726745663,"standard_error":0.0022525563656713293},"median":{"confidence_interval":{"confidence_level":0.95,"lower_bound":0.0052851171139203235,"upper_bound":0.00875355890273906},"point_estimate":0.006968178585138096,"standard_error":0.0008725965882819706}}