{"mean":{"confidence_interval":{"confidence_level":0.95,"lower_bound":-0.00763875889092317,"upper_bound":0.014147720363325844},"point_estimate":0.0014269123154693197,"standard_error":0.005570098783615475},"median":{"confidence_interval":{"confidence_level":0.95,"lower_bound":-0.012461877418799672,"upper_bound":-0.0062795202935773675},"point_estimate":-0.009158026195279945,"standard_error":0.0016000503529674528}}