{"mean":{"confidence_interval":{"confidence_level":0.95,"lower_bound":-0.003500653804097778,"upper_bound":0.00016841112456462065},"point_estimate":-0.0016272689176621835,"standard_error":0.0009371619160983391},"median":{"confidence_interval":{"confidence_level":0.95,"lower_bound":-0.002068739849322841,"upper_bound":0.0005958008090587441},"point_estimate":-0.0005490246592987358,"standard_error":0.0006782282822358731}}