{"mean":{"confidence_interval":{"confidence_level":0.95,"lower_bound":-0.07890916110973091,"upper_bound":-0.07258009800433779},"point_estimate":-0.07559712835416144,"standard_error":0.001615679160657407},"median":{"confidence_interval":{"confidence_level":0.95,"lower_bound":-0.0792946198712835,"upper_bound":-0.07379507174189481},"point_estimate":-0.07704084227805907,"standard_error":0.0013423901574886369}}