{"mean":{"confidence_interval":{"confidence_level":0.95,"lower_bound":-0.01174954897682316,"upper_bound":0.0063403172030278175},"point_estimate":-0.001097773909540245,"standard_error":0.004733820051662043},"median":{"confidence_interval":{"confidence_level":0.95,"lower_bound":0.0025445420347454117,"upper_bound":0.005808704948413679},"point_estimate":0.0043406201269760025,"standard_error":0.000803355856707344}}