{"mean":{"confidence_interval":{"confidence_level":0.95,"lower_bound":-0.060441154818030696,"upper_bound":-0.05065903528713621},"point_estimate":-0.055355467851753826,"standard_error":0.0024948008951436117},"median":{"confidence_interval":{"confidence_level":0.95,"lower_bound":-0.057614707467095294,"upper_bound":-0.05273104227646852},"point_estimate":-0.05530700533535893,"standard_error":0.001197594304269906}}