{"mean":{"confidence_interval":{"confidence_level":0.95,"lower_bound":-0.016320787648482608,"upper_bound":-0.008007156028878247},"point_estimate":-0.011916765709644173,"standard_error":0.0021179980662587973},"median":{"confidence_interval":{"confidence_level":0.95,"lower_bound":-0.013615673351882407,"upper_bound":-0.0074262343840801395},"point_estimate":-0.011259512699825724,"standard_error":0.0015764366978947525}}