{"mean":{"confidence_interval":{"confidence_level":0.95,"lower_bound":-0.04806303120683338,"upper_bound":-0.043344163571066976},"point_estimate":-0.04568217156204557,"standard_error":0.001200137532795766},"median":{"confidence_interval":{"confidence_level":0.95,"lower_bound":-0.04810215058018774,"upper_bound":-0.043560444872522676},"point_estimate":-0.045648605221678795,"standard_error":0.0011361507512768004}}