{"mean":{"confidence_interval":{"confidence_level":0.95,"lower_bound":-0.01626750653500668,"upper_bound":-0.006595686628431187},"point_estimate":-0.011878578720047828,"standard_error":0.0024302673326126244},"median":{"confidence_interval":{"confidence_level":0.95,"lower_bound":-0.01488266046641673,"upper_bound":-0.011246692398921065},"point_estimate":-0.013077937847310817,"standard_error":0.0009290922648677861}}