{"mean":{"confidence_interval":{"confidence_level":0.95,"lower_bound":0.0015021147287697018,"upper_bound":0.012869554518143355},"point_estimate":0.007368135910495788,"standard_error":0.002898340298521926},"median":{"confidence_interval":{"confidence_level":0.95,"lower_bound":0.004449666277650088,"upper_bound":0.015663043038561808},"point_estimate":0.00873972735523365,"standard_error":0.0026795774109561314}}