{"mean":{"confidence_interval":{"confidence_level":0.95,"lower_bound":0.08090309779598118,"upper_bound":0.08856339064186858},"point_estimate":0.08473485120933644,"standard_error":0.0019505768819053674},"median":{"confidence_interval":{"confidence_level":0.95,"lower_bound":0.08288091599860588,"upper_bound":0.08912681733565431},"point_estimate":0.08650620887195926,"standard_error":0.0015015630832083088}}