{"mean":{"confidence_interval":{"confidence_level":0.95,"lower_bound":0.08648743104407612,"upper_bound":0.09275500785345},"point_estimate":0.08967483789961661,"standard_error":0.0015947963880446267},"median":{"confidence_interval":{"confidence_level":0.95,"lower_bound":0.08631790193782818,"upper_bound":0.09219197741774643},"point_estimate":0.08974785283669551,"standard_error":0.0015102190270696865}}