{"mean":{"confidence_interval":{"confidence_level":0.95,"lower_bound":0.0065230236672016734,"upper_bound":0.011970514821494081},"point_estimate":0.009167497110051936,"standard_error":0.001392547027562282},"median":{"confidence_interval":{"confidence_level":0.95,"lower_bound":0.005484211032507735,"upper_bound":0.010397323313889206},"point_estimate":0.008055901567821655,"standard_error":0.0012450631362158062}}