{"mean":{"confidence_interval":{"confidence_level":0.95,"lower_bound":-0.09168246991963018,"upper_bound":-0.08208781992507531},"point_estimate":-0.08709835571371227,"standard_error":0.002437740478132514},"median":{"confidence_interval":{"confidence_level":0.95,"lower_bound":-0.08659945696851445,"upper_bound":-0.08212476094107346},"point_estimate":-0.0841411521717319,"standard_error":0.0011827604077924042}}