{"mean":{"confidence_interval":{"confidence_level":0.95,"lower_bound":-0.017101018116340846,"upper_bound":-0.0105500029232948},"point_estimate":-0.013780187609462424,"standard_error":0.0016776731898069778},"median":{"confidence_interval":{"confidence_level":0.95,"lower_bound":-0.016159124465281782,"upper_bound":-0.010314760563979397},"point_estimate":-0.013396666958756631,"standard_error":0.0014713845213042654}}