{"mean":{"confidence_interval":{"confidence_level":0.95,"lower_bound":-0.009087523881237493,"upper_bound":-0.0052538596515491415},"point_estimate":-0.0071838021194010615,"standard_error":0.0009834233266323017},"median":{"confidence_interval":{"confidence_level":0.95,"lower_bound":-0.010175280468601984,"upper_bound":-0.006864225103307198},"point_estimate":-0.008839529547326586,"standard_error":0.000841742063860774}}