{"mean":{"confidence_interval":{"confidence_level":0.95,"lower_bound":-0.005162664236931821,"upper_bound":0.0033142272748441044},"point_estimate":-0.0011637303260250143,"standard_error":0.0021399938089040143},"median":{"confidence_interval":{"confidence_level":0.95,"lower_bound":-0.0046503398436570365,"upper_bound":-0.0006254760067531118},"point_estimate":-0.0033649944168089307,"standard_error":0.0010521259745531108}}