{"mean":{"confidence_interval":{"confidence_level":0.95,"lower_bound":-0.09930807456591781,"upper_bound":-0.09175031640612924},"point_estimate":-0.09537933373838525,"standard_error":0.0019342735741038242},"median":{"confidence_interval":{"confidence_level":0.95,"lower_bound":-0.09521270424319528,"upper_bound":-0.09167365886385004},"point_estimate":-0.0929214739849532,"standard_error":0.0009279849143373813}}