{"mean":{"confidence_interval":{"confidence_level":0.95,"lower_bound":-0.002181895738567575,"upper_bound":0.01267511962174334},"point_estimate":0.006027886782980163,"standard_error":0.003784046809984104},"median":{"confidence_interval":{"confidence_level":0.95,"lower_bound":-0.00032647967993415516,"upper_bound":0.006760977805005275},"point_estimate":0.002358429079102775,"standard_error":0.0017334074505602729}}