{"mean":{"confidence_interval":{"confidence_level":0.95,"lower_bound":0.10908954173346987,"upper_bound":0.11973914673535611},"point_estimate":0.11483531157564131,"standard_error":0.002721752047284339},"median":{"confidence_interval":{"confidence_level":0.95,"lower_bound":0.11410237794943412,"upper_bound":0.12038503122720812},"point_estimate":0.11761670485611986,"standard_error":0.001543554410569035}}