{"mean":{"confidence_interval":{"confidence_level":0.95,"lower_bound":-0.0050974335514400336,"upper_bound":0.004389986429462261},"point_estimate":-0.00010011107689478216,"standard_error":0.00242064483343496},"median":{"confidence_interval":{"confidence_level":0.95,"lower_bound":-0.0033277047552984235,"upper_bound":0.003618188938049105},"point_estimate":0.00017437188446844942,"standard_error":0.0017691859482911164}}