{"mean":{"confidence_interval":{"confidence_level":0.95,"lower_bound":0.11003529933729084,"upper_bound":0.11616043162958638},"point_estimate":0.11308565756189504,"standard_error":0.001559195246248097},"median":{"confidence_interval":{"confidence_level":0.95,"lower_bound":0.11142550023757214,"upper_bound":0.11805931341300241},"point_estimate":0.11372797222062236,"standard_error":0.001903874863263942}}