{"mean":{"confidence_interval":{"confidence_level":0.95,"lower_bound":-0.00977801893332144,"upper_bound":-0.0007249253754467318},"point_estimate":-0.005027119520682466,"standard_error":0.0023116266253586258},"median":{"confidence_interval":{"confidence_level":0.95,"lower_bound":-0.005694124486192664,"upper_bound":0.00042254980210354454},"point_estimate":-0.0027600265269999147,"standard_error":0.0015893447841898365}}