{"mean":{"confidence_interval":{"confidence_level":0.95,"lower_bound":-0.00425239166583907,"upper_bound":0.0018730432062446334},"point_estimate":-0.0011093643855747404,"standard_error":0.0015470904181339883},"median":{"confidence_interval":{"confidence_level":0.95,"lower_bound":-0.000842716779272612,"upper_bound":-0.00020334608277816635},"point_estimate":-0.0005062935570845362,"standard_error":0.00016070923229355}}