{"mean":{"confidence_interval":{"confidence_level":0.95,"lower_bound":-0.0007050078255790181,"upper_bound":0.0005679530638364338},"point_estimate":-0.00013928292457154878,"standard_error":0.0003295535081315733},"median":{"confidence_interval":{"confidence_level":0.95,"lower_bound":-0.0007856633845565548,"upper_bound":-0.00031291392065058155},"point_estimate":-0.000589998430828298,"standard_error":0.0001263664686046499}}