{"mean":{"confidence_interval":{"confidence_level":0.95,"lower_bound":-0.006353845877818736,"upper_bound":0.006157129281589388},"point_estimate":0.001021448693494298,"standard_error":0.0032540839223081713},"median":{"confidence_interval":{"confidence_level":0.95,"lower_bound":-0.00014195603827404923,"upper_bound":0.0004599034630810017},"point_estimate":0.0001575028663505229,"standard_error":0.00015533763027175137}}