{"mean":{"confidence_interval":{"confidence_level":0.95,"lower_bound":0.14229391085151485,"upper_bound":0.14688027785597865},"point_estimate":0.14400440200993936,"standard_error":0.0012038600109583874},"median":{"confidence_interval":{"confidence_level":0.95,"lower_bound":0.14169200670002574,"upper_bound":0.14241424418786264},"point_estimate":0.14194890984199726,"standard_error":0.00019893378022237858}}