{"mean":{"confidence_interval":{"confidence_level":0.95,"lower_bound":0.0026171656782402355,"upper_bound":0.014207870865661486},"point_estimate":0.007583052694906778,"standard_error":0.0031058983512193853},"median":{"confidence_interval":{"confidence_level":0.95,"lower_bound":0.00008789515994145347,"upper_bound":0.0007388968381201177},"point_estimate":0.0004427411842062856,"standard_error":0.0001635147161700987}}