{"mean":{"confidence_interval":{"confidence_level":0.95,"lower_bound":-0.0034661666595469254,"upper_bound":-0.0002761629421750748},"point_estimate":-0.0016285297161664491,"standard_error":0.0008239755923572851},"median":{"confidence_interval":{"confidence_level":0.95,"lower_bound":-0.0004571225838138071,"upper_bound":0.00010561566465505656},"point_estimate":-0.00015670069613937798,"standard_error":0.0001450637689366054}}