{"mean":{"confidence_interval":{"confidence_level":0.95,"lower_bound":-0.11790424898335257,"upper_bound":-0.11489442936405259},"point_estimate":-0.11602745821501703,"standard_error":0.0008279887241909737},"median":{"confidence_interval":{"confidence_level":0.95,"lower_bound":-0.11515554288170926,"upper_bound":-0.11450361044376134},"point_estimate":-0.11486707729985945,"standard_error":0.00016109859439066693}}