{"mean":{"confidence_interval":{"confidence_level":0.95,"lower_bound":0.1247980908044422,"upper_bound":0.14262715025743025},"point_estimate":0.13337482350805296,"standard_error":0.004609889093082712},"median":{"confidence_interval":{"confidence_level":0.95,"lower_bound":0.12963437458232763,"upper_bound":0.13029186854065378},"point_estimate":0.12997700022634806,"standard_error":0.00016707018896359007}}