{"mean":{"confidence_interval":{"confidence_level":0.95,"lower_bound":-0.3145697305243805,"upper_bound":-0.30787139280007353},"point_estimate":-0.31102251710770235,"standard_error":0.0017103311223662047},"median":{"confidence_interval":{"confidence_level":0.95,"lower_bound":-0.3060557925552324,"upper_bound":-0.3051689125945094},"point_estimate":-0.30551515528723894,"standard_error":0.00020817270704709984}}