{"mean":{"confidence_interval":{"confidence_level":0.95,"lower_bound":-0.005966713050149721,"upper_bound":0.00015981441844317712},"point_estimate":-0.002299065662923816,"standard_error":0.001611438635566141},"median":{"confidence_interval":{"confidence_level":0.95,"lower_bound":0.00009636702026583066,"upper_bound":0.0005878938649064303},"point_estimate":0.00033861136498347655,"standard_error":0.0001278367173269279}}