{"mean":{"confidence_interval":{"confidence_level":0.95,"lower_bound":0.6259413649110857,"upper_bound":0.632869588621956},"point_estimate":0.6292258767197367,"standard_error":0.0017292394908361034},"median":{"confidence_interval":{"confidence_level":0.95,"lower_bound":0.6256732900421538,"upper_bound":0.6265150755500449},"point_estimate":0.6261344543246303,"standard_error":0.0002153795265038845}}