{"mean":{"confidence_interval":{"confidence_level":0.95,"lower_bound":-0.0037850431300572086,"upper_bound":0.002527609451176049},"point_estimate":-0.00046742478868244675,"standard_error":0.001572377113005247},"median":{"confidence_interval":{"confidence_level":0.95,"lower_bound":-0.000816895529405226,"upper_bound":-0.00034036557807615164},"point_estimate":-0.0005416778591371685,"standard_error":0.0001221473905608884}}