{"mean":{"confidence_interval":{"confidence_level":0.95,"lower_bound":-0.12097979162959067,"upper_bound":-0.11022076666882531},"point_estimate":-0.11524681736900833,"standard_error":0.0027323939362063707},"median":{"confidence_interval":{"confidence_level":0.95,"lower_bound":-0.11430039590613893,"upper_bound":-0.11339905890180813},"point_estimate":-0.11393556770038171,"standard_error":0.0002175562349764117}}