{"mean":{"confidence_interval":{"confidence_level":0.95,"lower_bound":0.00531278149879808,"upper_bound":0.014516316407386624},"point_estimate":0.009791947908939447,"standard_error":0.0023339404297783688},"median":{"confidence_interval":{"confidence_level":0.95,"lower_bound":-0.00016847040504874844,"upper_bound":0.0009428616149622648},"point_estimate":0.00012009841876370331,"standard_error":0.0002459974221031757}}