{"mean":{"confidence_interval":{"confidence_level":0.95,"lower_bound":0.1187650255766052,"upper_bound":0.12614226840428724},"point_estimate":0.12275057865116068,"standard_error":0.0018897008187188204},"median":{"confidence_interval":{"confidence_level":0.95,"lower_bound":0.12824285801784296,"upper_bound":0.12889771209368023},"point_estimate":0.12864029665840615,"standard_error":0.00017496003613659151}}