{"mean":{"confidence_interval":{"confidence_level":0.95,"lower_bound":-0.03428093367496288,"upper_bound":-0.025416491757297873},"point_estimate":-0.02980945023633197,"standard_error":0.0022333985354164557},"median":{"confidence_interval":{"confidence_level":0.95,"lower_bound":-0.03869737504665072,"upper_bound":-0.02414646642553875},"point_estimate":-0.03096644388931513,"standard_error":0.0037781739778625085}}