{"mean":{"confidence_interval":{"confidence_level":0.95,"lower_bound":-0.01325588143719691,"upper_bound":-0.003322567153887557},"point_estimate":-0.008153749620682604,"standard_error":0.0025247855514561883},"median":{"confidence_interval":{"confidence_level":0.95,"lower_bound":0.0013891681806987854,"upper_bound":0.0023373240909152493},"point_estimate":0.0020199213547686945,"standard_error":0.000247446165961415}}