{"mean":{"confidence_interval":{"confidence_level":0.95,"lower_bound":0.125628785320978,"upper_bound":0.1314573862198638},"point_estimate":0.12891564443267156,"standard_error":0.0014601146878836092},"median":{"confidence_interval":{"confidence_level":0.95,"lower_bound":0.12917346159798915,"upper_bound":0.12972233426666158},"point_estimate":0.12951558104081307,"standard_error":0.00013981921276673106}}