{"mean":{"confidence_interval":{"confidence_level":0.95,"lower_bound":-0.0002225664283601768,"upper_bound":0.001963766088972729},"point_estimate":0.000662360808466822,"standard_error":0.0006064512017724854},"median":{"confidence_interval":{"confidence_level":0.95,"lower_bound":-0.0003335929470950072,"upper_bound":0.00019668466485378566},"point_estimate":-0.000027868612358483702,"standard_error":0.00013796956136997494}}