{"mean":{"confidence_interval":{"confidence_level":0.95,"lower_bound":0.004751350372088303,"upper_bound":0.023839846250672866},"point_estimate":0.013487327458739928,"standard_error":0.004616077340426496},"median":{"confidence_interval":{"confidence_level":0.95,"lower_bound":0.000027426380339479195,"upper_bound":0.0008639718394956031},"point_estimate":0.0005259505657122521,"standard_error":0.00019699680691611794}}