{"mean":{"confidence_interval":{"confidence_level":0.95,"lower_bound":-0.11679451775124665,"upper_bound":-0.10923689209121958},"point_estimate":-0.1133926158149271,"standard_error":0.00194040650297258},"median":{"confidence_interval":{"confidence_level":0.95,"lower_bound":-0.11556498589020525,"upper_bound":-0.11499999929926252},"point_estimate":-0.11533464701835949,"standard_error":0.00014551847011120438}}