{"mean":{"confidence_interval":{"confidence_level":0.95,"lower_bound":-0.004471932106456655,"upper_bound":0.002788522209341176},"point_estimate":-0.0005680015994445897,"standard_error":0.0018523871537398792},"median":{"confidence_interval":{"confidence_level":0.95,"lower_bound":0.000011039245526145436,"upper_bound":0.0004434632095475788},"point_estimate":0.00024131099494462127,"standard_error":0.00010810385141410996}}