{"mean":{"confidence_interval":{"confidence_level":0.95,"lower_bound":-0.27537870614968646,"upper_bound":-0.24796610314767029},"point_estimate":-0.2614912101840958,"standard_error":0.007154272991416252},"median":{"confidence_interval":{"confidence_level":0.95,"lower_bound":-0.2892341382938315,"upper_bound":-0.2813803174209304},"point_estimate":-0.2872859094055228,"standard_error":0.0022090556102907625}}