{"mean":{"confidence_interval":{"confidence_level":0.95,"lower_bound":0.11949597474017115,"upper_bound":0.12703952679283295},"point_estimate":0.12359340681175057,"standard_error":0.0019465311209437822},"median":{"confidence_interval":{"confidence_level":0.95,"lower_bound":0.12781484687551495,"upper_bound":0.12872766941897495},"point_estimate":0.1284050773459926,"standard_error":0.00022524877875354244}}