{"mean":{"confidence_interval":{"confidence_level":0.95,"lower_bound":0.0020406795697961947,"upper_bound":0.010748845677505026},"point_estimate":0.005414613828659043,"standard_error":0.002176495645785283},"median":{"confidence_interval":{"confidence_level":0.95,"lower_bound":0.00008805993374805254,"upper_bound":0.0007381729588270712},"point_estimate":0.00034067771539514347,"standard_error":0.00017468093961387976}}