{"mean":{"confidence_interval":{"confidence_level":0.95,"lower_bound":-0.11828539938245822,"upper_bound":-0.11464058604864957},"point_estimate":-0.11622603250910313,"standard_error":0.0009398654505782592},"median":{"confidence_interval":{"confidence_level":0.95,"lower_bound":-0.11478279760464138,"upper_bound":-0.11430789635095984},"point_estimate":-0.11455573557568333,"standard_error":0.00012592824094480282}}