{"mean":{"confidence_interval":{"confidence_level":0.95,"lower_bound":-0.002154078910032214,"upper_bound":0.0042098693438195065},"point_estimate":0.0009710976008323602,"standard_error":0.0016429072703225652},"median":{"confidence_interval":{"confidence_level":0.95,"lower_bound":0.0003669908727497173,"upper_bound":0.0009423891490885072},"point_estimate":0.0006743502680959246,"standard_error":0.00014832635465697501}}