{"mean":{"confidence_interval":{"confidence_level":0.95,"lower_bound":0.12725323635324945,"upper_bound":0.12949601172768183},"point_estimate":0.12856416331934506,"standard_error":0.000585414380223581},"median":{"confidence_interval":{"confidence_level":0.95,"lower_bound":0.1289293647641041,"upper_bound":0.12970815507654532},"point_estimate":0.1293640333813202,"standard_error":0.00019554188917092483}}