{"mean":{"confidence_interval":{"confidence_level":0.95,"lower_bound":-0.11518331313505203,"upper_bound":-0.10438557277189799},"point_estimate":-0.11022804123903929,"standard_error":0.0027234065628006896},"median":{"confidence_interval":{"confidence_level":0.95,"lower_bound":-0.11487890339660276,"upper_bound":-0.11442659851082049},"point_estimate":-0.1146736262178899,"standard_error":0.00011505856719895956}}