{"mean":{"confidence_interval":{"confidence_level":0.95,"lower_bound":-0.003269275003026711,"upper_bound":0.001759703248255383},"point_estimate":-0.0007699631228865744,"standard_error":0.0012776375547071497},"median":{"confidence_interval":{"confidence_level":0.95,"lower_bound":-0.002555554656277881,"upper_bound":-0.001805437821390865},"point_estimate":-0.0022904077626967334,"standard_error":0.00019221913373906717}}