{"mean":{"confidence_interval":{"confidence_level":0.95,"lower_bound":-0.002639249995422546,"upper_bound":0.003971923960196221},"point_estimate":0.0005146928857278077,"standard_error":0.0016388743947318464},"median":{"confidence_interval":{"confidence_level":0.95,"lower_bound":0.00025597306269897757,"upper_bound":0.0008773554803638284},"point_estimate":0.00046706566231979885,"standard_error":0.00016120086138209002}}