{"mean":{"confidence_interval":{"confidence_level":0.95,"lower_bound":-0.11048028125310236,"upper_bound":-0.09996440938018886},"point_estimate":-0.10565837686232848,"standard_error":0.002635236630820206},"median":{"confidence_interval":{"confidence_level":0.95,"lower_bound":-0.11471237133097563,"upper_bound":-0.11434379888670054},"point_estimate":-0.11446629538135111,"standard_error":0.00010103713940889}}