{"mean":{"confidence_interval":{"confidence_level":0.95,"lower_bound":0.0029492819254839714,"upper_bound":0.01848957858529086},"point_estimate":0.009547918559926094,"standard_error":0.003845714471682028},"median":{"confidence_interval":{"confidence_level":0.95,"lower_bound":0.00017144163733529005,"upper_bound":0.0005642404317383054},"point_estimate":0.00041057064680694033,"standard_error":0.0001068454060769576}}