{"mean":{"confidence_interval":{"confidence_level":0.95,"lower_bound":-0.12184467837053584,"upper_bound":-0.1159428449788618},"point_estimate":-0.11861659277757353,"standard_error":0.0015141898783735863},"median":{"confidence_interval":{"confidence_level":0.95,"lower_bound":-0.11481230685397413,"upper_bound":-0.11433931195394853},"point_estimate":-0.1145749423061444,"standard_error":0.00011389212046049756}}