{"mean":{"confidence_interval":{"confidence_level":0.95,"lower_bound":0.31450039842541616,"upper_bound":0.35921899340835095},"point_estimate":0.33734007239807706,"standard_error":0.011409377791132628},"median":{"confidence_interval":{"confidence_level":0.95,"lower_bound":0.3912761607895481,"upper_bound":0.4071019591821148},"point_estimate":0.403178194127066,"standard_error":0.00474067070667635}}