{"mean":{"confidence_interval":{"confidence_level":0.95,"lower_bound":-0.0007764515206945292,"upper_bound":0.00022416982817021722},"point_estimate":-0.00026614244007183707,"standard_error":0.0002545057038219383},"median":{"confidence_interval":{"confidence_level":0.95,"lower_bound":-0.00041996674586191034,"upper_bound":0.0002056552485127927},"point_estimate":-0.00007272670099178757,"standard_error":0.0001601023764357986}}