{"mean":{"confidence_interval":{"confidence_level":0.95,"lower_bound":-0.010216674131745745,"upper_bound":-0.0010604297432215985},"point_estimate":-0.005305072532799993,"standard_error":0.0023471379339022776},"median":{"confidence_interval":{"confidence_level":0.95,"lower_bound":-0.00082187120818078,"upper_bound":0.00007847739499449363},"point_estimate":-0.0004440621995497329,"standard_error":0.00023507601596412441}}