{"mean":{"confidence_interval":{"confidence_level":0.95,"lower_bound":-0.0006001502481550958,"upper_bound":0.000594594572543805},"point_estimate":0.000055775268967606095,"standard_error":0.00030555883285932875},"median":{"confidence_interval":{"confidence_level":0.95,"lower_bound":0.0002368262045278069,"upper_bound":0.0007046059224860344},"point_estimate":0.000451893792355218,"standard_error":0.00012191487211115701}}