{"mean":{"confidence_interval":{"confidence_level":0.95,"lower_bound":-0.00029328218608906084,"upper_bound":0.005549847485435006},"point_estimate":0.0019566472639325205,"standard_error":0.0015112664244709196},"median":{"confidence_interval":{"confidence_level":0.95,"lower_bound":-0.000561024973741919,"upper_bound":-0.00016259288056053034},"point_estimate":-0.00034063749536195065,"standard_error":0.00010191568286106716}}