{"mean":{"confidence_interval":{"confidence_level":0.95,"lower_bound":-0.00026344658802135434,"upper_bound":0.0076204000065062056},"point_estimate":0.00348355162458569,"standard_error":0.002031488374039589},"median":{"confidence_interval":{"confidence_level":0.95,"lower_bound":-0.0008345309865575024,"upper_bound":-0.00008728788680845145},"point_estimate":-0.00043527552436972705,"standard_error":0.00019638008184089963}}