{"mean":{"confidence_interval":{"confidence_level":0.95,"lower_bound":0.43543634743153403,"upper_bound":0.4408463349457314},"point_estimate":0.43847163692336033,"standard_error":0.0013916759778267974},"median":{"confidence_interval":{"confidence_level":0.95,"lower_bound":0.4395541890414034,"upper_bound":0.440755753887381},"point_estimate":0.4402090580749607,"standard_error":0.00030758241300773254}}