{"mean":{"confidence_interval":{"confidence_level":0.95,"lower_bound":-0.001515992890575126,"upper_bound":0.005812622850287695},"point_estimate":0.001793165125352214,"standard_error":0.0018392294277286998},"median":{"confidence_interval":{"confidence_level":0.95,"lower_bound":-0.0005109919497491289,"upper_bound":0.000018933434531076543},"point_estimate":-0.00023968278647557018,"standard_error":0.00014184471583673523}}