{"mean":{"confidence_interval":{"confidence_level":0.95,"lower_bound":-0.00161345276334581,"upper_bound":0.0029323091483439306},"point_estimate":0.00045639580280920633,"standard_error":0.0011643772255456677},"median":{"confidence_interval":{"confidence_level":0.95,"lower_bound":0.000047021265429103565,"upper_bound":0.0004954958312211044},"point_estimate":0.00022674827286772725,"standard_error":0.00011618057971717069}}