{"mean":{"confidence_interval":{"confidence_level":0.95,"lower_bound":-0.0028478580452474533,"upper_bound":-0.00021857561924842894},"point_estimate":-0.0013594020408385088,"standard_error":0.0006787260986276134},"median":{"confidence_interval":{"confidence_level":0.95,"lower_bound":-0.0009402876221880074,"upper_bound":-0.0001666520197769507},"point_estimate":-0.0005503939402686786,"standard_error":0.00020136264126971483}}