{"mean":{"confidence_interval":{"confidence_level":0.95,"lower_bound":0.00010071541788516667,"upper_bound":0.009940166485764365},"point_estimate":0.0038181857522023854,"standard_error":0.002646862486606915},"median":{"confidence_interval":{"confidence_level":0.95,"lower_bound":-0.00011709590496500333,"upper_bound":0.0004991596604484975},"point_estimate":0.00017197729974394171,"standard_error":0.0001613975712733334}}