{"mean":{"confidence_interval":{"confidence_level":0.95,"lower_bound":0.432303478031598,"upper_bound":0.4428412391355102},"point_estimate":0.4375796556580782,"standard_error":0.002668784374631693},"median":{"confidence_interval":{"confidence_level":0.95,"lower_bound":0.4393574091336898,"upper_bound":0.4406023655570648},"point_estimate":0.44004010995537013,"standard_error":0.0003178850762681733}}