{"mean":{"confidence_interval":{"confidence_level":0.95,"lower_bound":-0.11549042236349592,"upper_bound":-0.11404743735823691},"point_estimate":-0.11482227053960026,"standard_error":0.0003726690081464431},"median":{"confidence_interval":{"confidence_level":0.95,"lower_bound":-0.11561799097365627,"upper_bound":-0.11518188779452065},"point_estimate":-0.11539480950679937,"standard_error":0.0001110254796279767}}