{"mean":{"confidence_interval":{"confidence_level":0.95,"lower_bound":-0.007787717086736497,"upper_bound":-0.002331942484577798},"point_estimate":-0.00484641032795885,"standard_error":0.0013973963467377338},"median":{"confidence_interval":{"confidence_level":0.95,"lower_bound":-0.0009669700622013666,"upper_bound":-0.00018766181153972994},"point_estimate":-0.0005188597963683428,"standard_error":0.00019784201032647762}}