{"mean":{"confidence_interval":{"confidence_level":0.95,"lower_bound":-0.015173884678561744,"upper_bound":-0.0017360069773809733},"point_estimate":-0.007496028577108738,"standard_error":0.0034742019631609296},"median":{"confidence_interval":{"confidence_level":0.95,"lower_bound":-0.00042287694035014756,"upper_bound":0.00007127742614709831},"point_estimate":-0.00015804747250380835,"standard_error":0.00012128836116623685}}