{"mean":{"confidence_interval":{"confidence_level":0.95,"lower_bound":-0.010715981569780228,"upper_bound":-0.0020521064639969994},"point_estimate":-0.005911193838877615,"standard_error":0.002241738965843336},"median":{"confidence_interval":{"confidence_level":0.95,"lower_bound":-0.0009786733579412177,"upper_bound":-0.0003345259631413189},"point_estimate":-0.0005939968877908264,"standard_error":0.0001645535127274492}}