{"mean":{"confidence_interval":{"confidence_level":0.95,"lower_bound":-0.007650589838105923,"upper_bound":0.0047090595343962415},"point_estimate":-0.001570926715529386,"standard_error":0.003153493573539347},"median":{"confidence_interval":{"confidence_level":0.95,"lower_bound":-0.0001389451002822284,"upper_bound":0.0006477199733749828},"point_estimate":0.00036631031410783166,"standard_error":0.00021494615441508525}}