{"mean":{"confidence_interval":{"confidence_level":0.95,"lower_bound":46944594.94725,"upper_bound":47012787.392875},"point_estimate":46975062.375,"standard_error":17386.79642924424},"median":{"confidence_interval":{"confidence_level":0.95,"lower_bound":46911297.0,"upper_bound":46944123.5},"point_estimate":46924884.25,"standard_error":7167.164314166483},"median_abs_dev":{"confidence_interval":{"confidence_level":0.95,"lower_bound":52455.12836873531,"upper_bound":110202.39734351635},"point_estimate":78538.50970566273,"standard_error":15877.350026444423},"slope":null,"std_dev":{"confidence_interval":{"confidence_level":0.95,"lower_bound":97858.95622874734,"upper_bound":254046.83346935242},"point_estimate":174792.22776380306,"standard_error":43150.251251123416}}