{"mean":{"confidence_interval":{"confidence_level":0.95,"lower_bound":40012976.292875,"upper_bound":40118911.963125},"point_estimate":40063234.625,"standard_error":27066.19679004414},"median":{"confidence_interval":{"confidence_level":0.95,"lower_bound":40000091.0,"upper_bound":40032265.25},"point_estimate":40021017.0,"standard_error":8865.752968307459},"median_abs_dev":{"confidence_interval":{"confidence_level":0.95,"lower_bound":63506.057922542095,"upper_bound":104664.14514183998},"point_estimate":85448.90818297863,"standard_error":9978.718296356537},"slope":null,"std_dev":{"confidence_interval":{"confidence_level":0.95,"lower_bound":181637.3544811733,"upper_bound":343610.59726700775},"point_estimate":270959.46428951784,"standard_error":41379.13211585537}}