{"mean":{"confidence_interval":{"confidence_level":0.95,"lower_bound":48083559.28,"upper_bound":48389666.050875},"point_estimate":48222410.975,"standard_error":78310.80321286438},"median":{"confidence_interval":{"confidence_level":0.95,"lower_bound":48081326.5,"upper_bound":48318952.25},"point_estimate":48208308.25,"standard_error":65460.46883381114},"median_abs_dev":{"confidence_interval":{"confidence_level":0.95,"lower_bound":379842.8545564413,"upper_bound":634540.9279346466},"point_estimate":512756.83024674654,"standard_error":66263.65462610096},"slope":null,"std_dev":{"confidence_interval":{"confidence_level":0.95,"lower_bound":472574.22875961696,"upper_bound":1147557.7049884715},"point_estimate":785592.1332278324,"standard_error":203714.80057299839}}