{"mean":{"confidence_interval":{"confidence_level":0.95,"lower_bound":46839711.100625,"upper_bound":47214537.535},"point_estimate":46989965.405,"standard_error":99223.77074561162},"median":{"confidence_interval":{"confidence_level":0.95,"lower_bound":46794714.5,"upper_bound":46832525.0},"point_estimate":46808959.5,"standard_error":8654.70356949874},"median_abs_dev":{"confidence_interval":{"confidence_level":0.95,"lower_bound":61041.23546630144,"upper_bound":109209.79666113853},"point_estimate":92781.10635280609,"standard_error":12507.103145614286},"slope":null,"std_dev":{"confidence_interval":{"confidence_level":0.95,"lower_bound":119001.5587408391,"upper_bound":1601337.0134693733},"point_estimate":989934.9238277085,"standard_error":410198.0089925137}}