{"mean":{"confidence_interval":{"confidence_level":0.95,"lower_bound":46749199.558125,"upper_bound":46807152.955},"point_estimate":46774599.805,"standard_error":14917.63922131833},"median":{"confidence_interval":{"confidence_level":0.95,"lower_bound":46713841.0,"upper_bound":46747018.0},"point_estimate":46727312.75,"standard_error":7538.8100497985515},"median_abs_dev":{"confidence_interval":{"confidence_level":0.95,"lower_bound":33775.11000037193,"upper_bound":80743.13586652279},"point_estimate":53857.29729384184,"standard_error":11157.365322440035},"slope":null,"std_dev":{"confidence_interval":{"confidence_level":0.95,"lower_bound":75289.90491312732,"upper_bound":225418.09151816336},"point_estimate":149839.70101325584,"standard_error":44211.75904226469}}