{"mean":{"confidence_interval":{"confidence_level":0.95,"lower_bound":47071213.53,"upper_bound":47119824.541125},"point_estimate":47094859.465,"standard_error":12323.020611038854},"median":{"confidence_interval":{"confidence_level":0.95,"lower_bound":47070202.0,"upper_bound":47107204.0},"point_estimate":47085412.75,"standard_error":9463.26043174583},"median_abs_dev":{"confidence_interval":{"confidence_level":0.95,"lower_bound":59859.603287279606,"upper_bound":109655.31795322895},"point_estimate":83291.35457128286,"standard_error":12733.573563169322},"slope":null,"std_dev":{"confidence_interval":{"confidence_level":0.95,"lower_bound":92360.80353674621,"upper_bound":155258.94639327153},"point_estimate":124062.42507134099,"standard_error":16148.444389471193}}