{"mean":{"confidence_interval":{"confidence_level":0.95,"lower_bound":47604304.758375,"upper_bound":47944860.214625},"point_estimate":47762625.93,"standard_error":86501.04078551555},"median":{"confidence_interval":{"confidence_level":0.95,"lower_bound":47529664.5,"upper_bound":47776465.0},"point_estimate":47632557.5,"standard_error":56566.49177337381},"median_abs_dev":{"confidence_interval":{"confidence_level":0.95,"lower_bound":437306.5762862563,"upper_bound":790851.8138095737},"point_estimate":592726.0489270091,"standard_error":89724.87208516935},"slope":null,"std_dev":{"confidence_interval":{"confidence_level":0.95,"lower_bound":544461.3078083539,"upper_bound":1179963.6445388661},"point_estimate":869917.4961751439,"standard_error":166902.36446498314}}