{"mean":{"confidence_interval":{"confidence_level":0.95,"lower_bound":26084272.578,"upper_bound":26559027.717125002},"point_estimate":26324725.315,"standard_error":120918.59265551911},"median":{"confidence_interval":{"confidence_level":0.95,"lower_bound":26266348.5,"upper_bound":26725748.0},"point_estimate":26564291.0,"standard_error":111412.84265184499},"median_abs_dev":{"confidence_interval":{"confidence_level":0.95,"lower_bound":835090.0024741888,"upper_bound":1385645.719049871},"point_estimate":1035204.6752214432,"standard_error":133706.69680536952},"slope":null,"std_dev":{"confidence_interval":{"confidence_level":0.95,"lower_bound":1006117.5402504366,"upper_bound":1427805.8331277543},"point_estimate":1222759.5916540783,"standard_error":107948.89998889386}}