{"mean":{"confidence_interval":{"confidence_level":0.95,"lower_bound":44550219.516625,"upper_bound":44690477.979875006},"point_estimate":44616092.765,"standard_error":36102.085095686954},"median":{"confidence_interval":{"confidence_level":0.95,"lower_bound":44480846.0,"upper_bound":44580546.5},"point_estimate":44545295.5,"standard_error":27518.859733393656},"median_abs_dev":{"confidence_interval":{"confidence_level":0.95,"lower_bound":173590.48663940298,"upper_bound":289001.73026919365},"point_estimate":220264.31833952665,"standard_error":29838.394792804917},"slope":null,"std_dev":{"confidence_interval":{"confidence_level":0.95,"lower_bound":246602.70659625053,"upper_bound":467631.7246400345},"point_estimate":363164.0010311551,"standard_error":56635.55331472052}}