{"mean":{"confidence_interval":{"confidence_level":0.95,"lower_bound":44463304.99,"upper_bound":44795200.585},"point_estimate":44613090.775,"standard_error":85481.5917850541},"median":{"confidence_interval":{"confidence_level":0.95,"lower_bound":44339767.5,"upper_bound":44480754.5},"point_estimate":44426712.0,"standard_error":33667.81568053611},"median_abs_dev":{"confidence_interval":{"confidence_level":0.95,"lower_bound":263975.3500510007,"upper_bound":590564.7888153791},"point_estimate":431989.9727806449,"standard_error":87135.35485370578},"slope":null,"std_dev":{"confidence_interval":{"confidence_level":0.95,"lower_bound":487917.4707551955,"upper_bound":1236147.2006322336},"point_estimate":858301.3481620336,"standard_error":208212.28701590028}}