{"mean":{"confidence_interval":{"confidence_level":0.95,"lower_bound":44860716.145,"upper_bound":45282152.131},"point_estimate":45043583.27,"standard_error":108127.2168315661},"median":{"confidence_interval":{"confidence_level":0.95,"lower_bound":44745015.0,"upper_bound":44920380.5},"point_estimate":44794073.5,"standard_error":46628.37107488021},"median_abs_dev":{"confidence_interval":{"confidence_level":0.95,"lower_bound":219467.79150366783,"upper_bound":382864.3933027983},"point_estimate":274330.6622296572,"standard_error":41277.46424617146},"slope":null,"std_dev":{"confidence_interval":{"confidence_level":0.95,"lower_bound":393836.2300695526,"upper_bound":1621775.083567345},"point_estimate":1090117.8913018845,"standard_error":330216.4854682057}}