{"mean":{"confidence_interval":{"confidence_level":0.95,"lower_bound":48002111.515,"upper_bound":48297481.10525},"point_estimate":48141580.285,"standard_error":74996.17579135936},"median":{"confidence_interval":{"confidence_level":0.95,"lower_bound":48061713.0,"upper_bound":48276784.0},"point_estimate":48166958.5,"standard_error":58000.159222238},"median_abs_dev":{"confidence_interval":{"confidence_level":0.95,"lower_bound":481669.30334866047,"upper_bound":838607.4709117413},"point_estimate":645732.7044859529,"standard_error":96602.73350468444},"slope":null,"std_dev":{"confidence_interval":{"confidence_level":0.95,"lower_bound":554429.5829719648,"upper_bound":994779.7451154258},"point_estimate":752760.5064758302,"standard_error":121688.50310255996}}