{"mean":{"confidence_interval":{"confidence_level":0.95,"lower_bound":44281736.49,"upper_bound":44457896.345},"point_estimate":44368952.295,"standard_error":44982.47385119286},"median":{"confidence_interval":{"confidence_level":0.95,"lower_bound":44164911.5,"upper_bound":44400989.5},"point_estimate":44282472.75,"standard_error":63013.489879288645},"median_abs_dev":{"confidence_interval":{"confidence_level":0.95,"lower_bound":372226.367841661,"upper_bound":686501.6092121601},"point_estimate":542950.7200106978,"standard_error":81727.10136118098},"slope":null,"std_dev":{"confidence_interval":{"confidence_level":0.95,"lower_bound":402887.8193196477,"upper_bound":491217.81684741157},"point_estimate":451365.3410661736,"standard_error":22565.992568139896}}