{"mean":{"confidence_interval":{"confidence_level":0.95,"lower_bound":36176876.304,"upper_bound":36571883.866875},"point_estimate":36373158.015,"standard_error":100769.04678778724},"median":{"confidence_interval":{"confidence_level":0.95,"lower_bound":36016205.5,"upper_bound":36531449.5},"point_estimate":36312343.0,"standard_error":139195.6873386007},"median_abs_dev":{"confidence_interval":{"confidence_level":0.95,"lower_bound":801136.609826982,"upper_bound":1290092.8920462728},"point_estimate":1007501.9240632653,"standard_error":117750.96699066555},"slope":null,"std_dev":{"confidence_interval":{"confidence_level":0.95,"lower_bound":873586.4008858099,"upper_bound":1122697.136425887},"point_estimate":1007161.7940647393,"standard_error":63533.47353917744}}