{"mean":{"confidence_interval":{"confidence_level":0.95,"lower_bound":47042782.335875005,"upper_bound":47103217.18225},"point_estimate":47072109.84,"standard_error":15424.549091068027},"median":{"confidence_interval":{"confidence_level":0.95,"lower_bound":47028105.5,"upper_bound":47092722.5},"point_estimate":47067443.0,"standard_error":17156.21740870031},"median_abs_dev":{"confidence_interval":{"confidence_level":0.95,"lower_bound":88725.45412480831,"upper_bound":168182.8422291576},"point_estimate":125824.55326616764,"standard_error":20171.808326763225},"slope":null,"std_dev":{"confidence_interval":{"confidence_level":0.95,"lower_bound":122574.91218472242,"upper_bound":186866.07739341253},"point_estimate":154380.0899694784,"standard_error":16596.77252505331}}