{"mean":{"confidence_interval":{"confidence_level":0.95,"lower_bound":46744645.966375,"upper_bound":46773232.88},"point_estimate":46758446.375,"standard_error":7279.671860433021},"median":{"confidence_interval":{"confidence_level":0.95,"lower_bound":46721619.25,"upper_bound":46745129.0},"point_estimate":46734753.75,"standard_error":5091.9426239907925},"median_abs_dev":{"confidence_interval":{"confidence_level":0.95,"lower_bound":29529.684975743294,"upper_bound":63899.31756556034},"point_estimate":43413.86307924986,"standard_error":8495.17810141613},"slope":null,"std_dev":{"confidence_interval":{"confidence_level":0.95,"lower_bound":59471.15232857151,"upper_bound":86883.02854219356},"point_estimate":73319.54197470605,"standard_error":7039.596766868321}}