{"mean":{"confidence_interval":{"confidence_level":0.95,"lower_bound":44784447.03,"upper_bound":44944909.365},"point_estimate":44859305.45,"standard_error":40939.5770916814},"median":{"confidence_interval":{"confidence_level":0.95,"lower_bound":44691179.5,"upper_bound":44778676.25},"point_estimate":44738389.25,"standard_error":23728.943011400705},"median_abs_dev":{"confidence_interval":{"confidence_level":0.95,"lower_bound":182694.8643565178,"upper_bound":363486.8116468191},"point_estimate":257045.77043652534,"standard_error":43742.40446138566},"slope":null,"std_dev":{"confidence_interval":{"confidence_level":0.95,"lower_bound":285942.0855169357,"upper_bound":539248.1522591214},"point_estimate":410092.80863522313,"standard_error":67339.54773317419}}