{"mean":{"confidence_interval":{"confidence_level":0.95,"lower_bound":46786994.183875,"upper_bound":46955851.882374994},"point_estimate":46869858.09,"standard_error":43235.67701656482},"median":{"confidence_interval":{"confidence_level":0.95,"lower_bound":46721137.0,"upper_bound":46951771.5},"point_estimate":46814460.5,"standard_error":64834.842605963495},"median_abs_dev":{"confidence_interval":{"confidence_level":0.95,"lower_bound":303704.69274066406,"upper_bound":502127.3297354579},"point_estimate":391265.546053648,"standard_error":49501.43828502241},"slope":null,"std_dev":{"confidence_interval":{"confidence_level":0.95,"lower_bound":362361.1796600266,"upper_bound":500581.4694506218},"point_estimate":433932.7199218501,"standard_error":35214.75858800955}}