{"mean":{"confidence_interval":{"confidence_level":0.95,"lower_bound":44261023.723875,"upper_bound":44567410.35},"point_estimate":44400823.65,"standard_error":78472.05129006249},"median":{"confidence_interval":{"confidence_level":0.95,"lower_bound":44206647.0,"upper_bound":44290385.0},"point_estimate":44248726.0,"standard_error":22179.883866299682},"median_abs_dev":{"confidence_interval":{"confidence_level":0.95,"lower_bound":192130.13058900833,"upper_bound":333705.8259755373},"point_estimate":227119.86061781645,"standard_error":37332.36162090485},"slope":null,"std_dev":{"confidence_interval":{"confidence_level":0.95,"lower_bound":420457.71746745036,"upper_bound":1073378.8548971121},"point_estimate":790380.4959838134,"standard_error":164724.40830749078}}