{"mean":{"confidence_interval":{"confidence_level":0.95,"lower_bound":43954383.64,"upper_bound":44143912.507999994},"point_estimate":44045171.39,"standard_error":48310.689374629445},"median":{"confidence_interval":{"confidence_level":0.95,"lower_bound":43755985.5,"upper_bound":44077972.5},"point_estimate":43929084.25,"standard_error":69679.24593782451},"median_abs_dev":{"confidence_interval":{"confidence_level":0.95,"lower_bound":198171.35483175516,"upper_bound":539196.0355773568},"point_estimate":374675.9936481714,"standard_error":71709.693719975},"slope":null,"std_dev":{"confidence_interval":{"confidence_level":0.95,"lower_bound":367382.44929086865,"upper_bound":589706.7392936457},"point_estimate":484927.5596875768,"standard_error":57089.06716923362}}