{"mean":{"confidence_interval":{"confidence_level":0.95,"lower_bound":45047286.36,"upper_bound":45415063.432624996},"point_estimate":45217132.15,"standard_error":94408.78849435359},"median":{"confidence_interval":{"confidence_level":0.95,"lower_bound":44894991.0,"upper_bound":45087898.25},"point_estimate":44998519.25,"standard_error":53568.00853928508},"median_abs_dev":{"confidence_interval":{"confidence_level":0.95,"lower_bound":269304.64831888676,"upper_bound":550354.4536292553},"point_estimate":403582.9866349697,"standard_error":69950.6128455327},"slope":null,"std_dev":{"confidence_interval":{"confidence_level":0.95,"lower_bound":562885.920433047,"upper_bound":1265177.3276284896},"point_estimate":947058.6305817832,"standard_error":179544.70120829495}}