{"mean":{"confidence_interval":{"confidence_level":0.95,"lower_bound":46493446.417375006,"upper_bound":46974029.81775},"point_estimate":46727514.58,"standard_error":123184.20181813375},"median":{"confidence_interval":{"confidence_level":0.95,"lower_bound":46176700.0,"upper_bound":46768026.0},"point_estimate":46529213.25,"standard_error":137670.9441286696},"median_abs_dev":{"confidence_interval":{"confidence_level":0.95,"lower_bound":751084.7760155797,"upper_bound":1338538.2917211936},"point_estimate":989457.1997836232,"standard_error":151724.95966268773},"slope":null,"std_dev":{"confidence_interval":{"confidence_level":0.95,"lower_bound":1009519.8380873222,"upper_bound":1426738.1034746834},"point_estimate":1233173.69751776,"standard_error":106077.24290027886}}