{"mean":{"confidence_interval":{"confidence_level":0.95,"lower_bound":39902761.028500006,"upper_bound":39982650.31},"point_estimate":39938706.165,"standard_error":20460.316719071758},"median":{"confidence_interval":{"confidence_level":0.95,"lower_bound":39878650.25,"upper_bound":39890284.5},"point_estimate":39882387.25,"standard_error":3072.6834868364767},"median_abs_dev":{"confidence_interval":{"confidence_level":0.95,"lower_bound":18132.93897807598,"upper_bound":31631.279704682525},"point_estimate":23319.073686003685,"standard_error":3465.6775475332647},"slope":null,"std_dev":{"confidence_interval":{"confidence_level":0.95,"lower_bound":106531.78896006817,"upper_bound":281266.51684273797},"point_estimate":205732.13858104812,"standard_error":44768.67230541253}}