{"mean":{"confidence_interval":{"confidence_level":0.95,"lower_bound":0.0002923151428741447,"upper_bound":0.003541277169267631},"point_estimate":0.0017146204385352082,"standard_error":0.0008440325397737398},"median":{"confidence_interval":{"confidence_level":0.95,"lower_bound":0.0006003044406868163,"upper_bound":0.0015768455829883177},"point_estimate":0.0011203583972894116,"standard_error":0.0002494236835452222}}