{"mean":{"confidence_interval":{"confidence_level":0.95,"lower_bound":-0.004410386813335303,"upper_bound":-0.00078150409165063},"point_estimate":-0.0023774088566184126,"standard_error":0.0009244918399528644},"median":{"confidence_interval":{"confidence_level":0.95,"lower_bound":-0.002371510589089132,"upper_bound":-0.0013982403937924381},"point_estimate":-0.001733904420261334,"standard_error":0.00025212589951528644}}