{"mean":{"confidence_interval":{"confidence_level":0.95,"lower_bound":0.06849309159556874,"upper_bound":0.07534803256595778},"point_estimate":0.07215094524792787,"standard_error":0.0017480710717951433},"median":{"confidence_interval":{"confidence_level":0.95,"lower_bound":0.07373299955234092,"upper_bound":0.07496938782673479},"point_estimate":0.07433275478063939,"standard_error":0.00030306110751930713}}