{"mean":{"confidence_interval":{"confidence_level":0.95,"lower_bound":-0.006084271157003748,"upper_bound":-0.0016886989655595043},"point_estimate":-0.003736665157635821,"standard_error":0.0011214339344562622},"median":{"confidence_interval":{"confidence_level":0.95,"lower_bound":-0.004612200571649128,"upper_bound":-0.003032208838583017},"point_estimate":-0.004074895839607073,"standard_error":0.0004015343397259702}}