{"mean":{"confidence_interval":{"confidence_level":0.95,"lower_bound":0.0036358640759057773,"upper_bound":0.012982982749631666},"point_estimate":0.008474203708045636,"standard_error":0.0023674245999784536},"median":{"confidence_interval":{"confidence_level":0.95,"lower_bound":0.006408622932358332,"upper_bound":0.010240171037481689},"point_estimate":0.008412129799737489,"standard_error":0.0009603539170875943}}