{"mean":{"confidence_interval":{"confidence_level":0.95,"lower_bound":0.08864940572415109,"upper_bound":0.09373467491690175},"point_estimate":0.09144295798743385,"standard_error":0.0013014351788317694},"median":{"confidence_interval":{"confidence_level":0.95,"lower_bound":0.092729678710185,"upper_bound":0.09430337749063944},"point_estimate":0.093473561633028,"standard_error":0.00038932414979267184}}