{"mean":{"confidence_interval":{"confidence_level":0.95,"lower_bound":-0.014880810831560842,"upper_bound":-0.008475856271724274},"point_estimate":-0.011914771210504771,"standard_error":0.0016429872976697411},"median":{"confidence_interval":{"confidence_level":0.95,"lower_bound":-0.014079516131852432,"upper_bound":-0.012345352090447959},"point_estimate":-0.013424695368289163,"standard_error":0.00046056194927453784}}