{"mean":{"confidence_interval":{"confidence_level":0.95,"lower_bound":0.008660232285846581,"upper_bound":0.015181122015360399},"point_estimate":0.011649627747813973,"standard_error":0.0016599654485914756},"median":{"confidence_interval":{"confidence_level":0.95,"lower_bound":0.00848495539666616,"upper_bound":0.010253619262358793},"point_estimate":0.0093711721759,"standard_error":0.0004928040826965416}}