{"mean":{"confidence_interval":{"confidence_level":0.95,"lower_bound":-0.08212435271970805,"upper_bound":-0.07207643261596418},"point_estimate":-0.07675454468682252,"standard_error":0.0025541258497361954},"median":{"confidence_interval":{"confidence_level":0.95,"lower_bound":-0.07553758930270615,"upper_bound":-0.07418168818381632},"point_estimate":-0.0748611798419182,"standard_error":0.00034060691005489155}}