{"mean":{"confidence_interval":{"confidence_level":0.95,"lower_bound":-0.00009624956170013453,"upper_bound":0.003901726939414295},"point_estimate":0.0021384765162795194,"standard_error":0.0010167428106335797},"median":{"confidence_interval":{"confidence_level":0.95,"lower_bound":0.0014874830750863932,"upper_bound":0.0029705235016994624},"point_estimate":0.002150875246603068,"standard_error":0.00038215872501167153}}