{"mean":{"confidence_interval":{"confidence_level":0.95,"lower_bound":-0.06918076927151678,"upper_bound":-0.06548949485424059},"point_estimate":-0.06752313891729811,"standard_error":0.0009267823385783519},"median":{"confidence_interval":{"confidence_level":0.95,"lower_bound":-0.06862358458830065,"upper_bound":-0.06732440164298403},"point_estimate":-0.0679551445713471,"standard_error":0.0003525787463014062}}