{"mean":{"confidence_interval":{"confidence_level":0.95,"lower_bound":0.0006518305682244055,"upper_bound":0.007268517805312125},"point_estimate":0.0038687595526585294,"standard_error":0.0016627136415195566},"median":{"confidence_interval":{"confidence_level":0.95,"lower_bound":0.0033298265102086233,"upper_bound":0.005063824826496592},"point_estimate":0.004422160726235358,"standard_error":0.0004468675168072582}}