{"mean":{"confidence_interval":{"confidence_level":0.95,"lower_bound":0.018361736438206044,"upper_bound":0.02253231757363525},"point_estimate":0.020308235252943563,"standard_error":0.001056776109230446},"median":{"confidence_interval":{"confidence_level":0.95,"lower_bound":0.019059113504347636,"upper_bound":0.020449949030850737},"point_estimate":0.01960761434985514,"standard_error":0.0003575888925902051}}