{"mean":{"confidence_interval":{"confidence_level":0.95,"lower_bound":-0.002168261783965558,"upper_bound":0.0005689848073807723},"point_estimate":-0.0007788765796010733,"standard_error":0.0006983343222825394},"median":{"confidence_interval":{"confidence_level":0.95,"lower_bound":-0.0008041434865500019,"upper_bound":0.0004738078923665068},"point_estimate":-0.00009975000250239674,"standard_error":0.00032398912951171977}}