{"mean":{"confidence_interval":{"confidence_level":0.95,"lower_bound":0.0026438494419563923,"upper_bound":0.007182466380729002},"point_estimate":0.004756481701595483,"standard_error":0.0011435695611757067},"median":{"confidence_interval":{"confidence_level":0.95,"lower_bound":0.00415718709644608,"upper_bound":0.00568713709434121},"point_estimate":0.005077023096115685,"standard_error":0.0003939449147397896}}