{"mean":{"confidence_interval":{"confidence_level":0.95,"lower_bound":0.0006578151000969039,"upper_bound":0.003671040893423255},"point_estimate":0.0023002323630030297,"standard_error":0.0007709525248868034},"median":{"confidence_interval":{"confidence_level":0.95,"lower_bound":0.0016389492196511313,"upper_bound":0.0030675514318343478},"point_estimate":0.0023015438980968916,"standard_error":0.0003931497422557614}}