{"mean":{"confidence_interval":{"confidence_level":0.95,"lower_bound":0.039573035179609584,"upper_bound":0.04883847607253399},"point_estimate":0.04436370547460777,"standard_error":0.0023660103860547827},"median":{"confidence_interval":{"confidence_level":0.95,"lower_bound":0.04572669812409358,"upper_bound":0.05254411943433028},"point_estimate":0.04837222324055279,"standard_error":0.001741837396771362}}