{"mean":{"confidence_interval":{"confidence_level":0.95,"lower_bound":-0.0047353965329929295,"upper_bound":0.0011392474715156968},"point_estimate":-0.001503559291520351,"standard_error":0.001489689871616018},"median":{"confidence_interval":{"confidence_level":0.95,"lower_bound":-0.0010608018602856761,"upper_bound":0.0005907958239030897},"point_estimate":-0.00012367624044340442,"standard_error":0.0004688190777473775}}