{"mean":{"confidence_interval":{"confidence_level":0.95,"lower_bound":0.000537422940538157,"upper_bound":0.005154320817992275},"point_estimate":0.0029035186567647475,"standard_error":0.001170483573936915},"median":{"confidence_interval":{"confidence_level":0.95,"lower_bound":0.0029240117299873525,"upper_bound":0.004072682556315713},"point_estimate":0.00341667846587157,"standard_error":0.000288054090622028}}