{"mean":{"confidence_interval":{"confidence_level":0.95,"lower_bound":-0.00521366529035995,"upper_bound":-0.0023197898290609094},"point_estimate":-0.0038484342633070545,"standard_error":0.0007320033776850735},"median":{"confidence_interval":{"confidence_level":0.95,"lower_bound":-0.004973465332541727,"upper_bound":-0.003883984896478121},"point_estimate":-0.0044958355181853316,"standard_error":0.00026175042725636456}}