{"mean":{"confidence_interval":{"confidence_level":0.95,"lower_bound":0.0026221404736778034,"upper_bound":0.008357399336217847},"point_estimate":0.005505091715050092,"standard_error":0.0014390525107595123},"median":{"confidence_interval":{"confidence_level":0.95,"lower_bound":0.004664303343421272,"upper_bound":0.005879575674370174},"point_estimate":0.005365719106228184,"standard_error":0.00032273544751370106}}