{"mean":{"confidence_interval":{"confidence_level":0.95,"lower_bound":-0.0005750324931509256,"upper_bound":0.004467214429254568},"point_estimate":0.0021227734580822055,"standard_error":0.0012858731846302298},"median":{"confidence_interval":{"confidence_level":0.95,"lower_bound":0.002879026337740731,"upper_bound":0.00377769202899384},"point_estimate":0.0032478883056263896,"standard_error":0.00023964294248463106}}