{"mean":{"confidence_interval":{"confidence_level":0.95,"lower_bound":-0.002849224243209859,"upper_bound":0.003386049082778484},"point_estimate":0.0008259612419321272,"standard_error":0.0016524884346584138},"median":{"confidence_interval":{"confidence_level":0.95,"lower_bound":0.0012324178183471535,"upper_bound":0.002466354215301614},"point_estimate":0.0018904272208024597,"standard_error":0.0003044034447746389}}