{"mean":{"confidence_interval":{"confidence_level":0.95,"lower_bound":-0.008278418607639126,"upper_bound":-0.005886066070963864},"point_estimate":-0.00710206867590113,"standard_error":0.0006086189858539082},"median":{"confidence_interval":{"confidence_level":0.95,"lower_bound":-0.008814329111337171,"upper_bound":-0.006817822758762193},"point_estimate":-0.007806716669977232,"standard_error":0.0004962401031659358}}