{"mean":{"confidence_interval":{"confidence_level":0.95,"lower_bound":-0.0017386798734309122,"upper_bound":0.004240815171947609},"point_estimate":0.00145565381581636,"standard_error":0.001513853653213463},"median":{"confidence_interval":{"confidence_level":0.95,"lower_bound":0.00158165347647099,"upper_bound":0.0038810456838117946},"point_estimate":0.0024755020083149226,"standard_error":0.0005778692996221107}}