{"mean":{"confidence_interval":{"confidence_level":0.95,"lower_bound":-0.026519814977908788,"upper_bound":-0.021218374185997663},"point_estimate":-0.02394680375773317,"standard_error":0.0013359439926055332},"median":{"confidence_interval":{"confidence_level":0.95,"lower_bound":-0.025269817390994542,"upper_bound":-0.02432194096500801},"point_estimate":-0.024895736199915808,"standard_error":0.00023510498710745117}}