{"mean":{"confidence_interval":{"confidence_level":0.95,"lower_bound":0.007479320083290064,"upper_bound":0.014083744768029054},"point_estimate":0.011038281625059598,"standard_error":0.001682679159795329},"median":{"confidence_interval":{"confidence_level":0.95,"lower_bound":0.012022661996734962,"upper_bound":0.013377367487914585},"point_estimate":0.013000564262159342,"standard_error":0.0003465920033261053}}