{"mean":{"confidence_interval":{"confidence_level":0.95,"lower_bound":-0.00487843592545123,"upper_bound":-0.000683364032244872},"point_estimate":-0.0027353168605697142,"standard_error":0.0010605902482828079},"median":{"confidence_interval":{"confidence_level":0.95,"lower_bound":-0.0031032090045275407,"upper_bound":-0.0017619125461977303},"point_estimate":-0.002440683787853559,"standard_error":0.0003431028088032639}}