{"mean":{"confidence_interval":{"confidence_level":0.95,"lower_bound":-0.029774781468555996,"upper_bound":-0.02619521693846623},"point_estimate":-0.027793450696896094,"standard_error":0.0009157580638247686},"median":{"confidence_interval":{"confidence_level":0.95,"lower_bound":-0.027695937452901442,"upper_bound":-0.025999711013744764},"point_estimate":-0.02677236339539668,"standard_error":0.0004329007222728361}}