{"mean":{"confidence_interval":{"confidence_level":0.95,"lower_bound":-0.006946072469311118,"upper_bound":-0.0035537719828109843},"point_estimate":-0.005117339770844276,"standard_error":0.000862809211168894},"median":{"confidence_interval":{"confidence_level":0.95,"lower_bound":-0.004771571632208734,"upper_bound":-0.0038098602618830135},"point_estimate":-0.0044407565825279605,"standard_error":0.0002457863949432024}}