{"mean":{"confidence_interval":{"confidence_level":0.95,"lower_bound":0.0013622725271856938,"upper_bound":0.0066349854838156355},"point_estimate":0.003685452668346745,"standard_error":0.0012933832207137153},"median":{"confidence_interval":{"confidence_level":0.95,"lower_bound":0.0003738885287472016,"upper_bound":0.0019358542907779164},"point_estimate":0.0009474480771611837,"standard_error":0.00040358661932429383}}