{"mean":{"confidence_interval":{"confidence_level":0.95,"lower_bound":64764.1017157744,"upper_bound":65915.64286307906},"point_estimate":65410.242618377786,"standard_error":296.27960207591155},"median":{"confidence_interval":{"confidence_level":0.95,"lower_bound":65694.08867724868,"upper_bound":65949.11410704823},"point_estimate":65806.07207459208,"standard_error":66.78681180667415},"median_abs_dev":{"confidence_interval":{"confidence_level":0.95,"lower_bound":351.62635402089836,"upper_bound":695.844526559831},"point_estimate":478.3929184429449,"standard_error":86.97421532259942},"slope":{"confidence_interval":{"confidence_level":0.95,"lower_bound":66033.20114600369,"upper_bound":66572.07768095877},"point_estimate":66254.76708142456,"standard_error":141.177814946431},"std_dev":{"confidence_interval":{"confidence_level":0.95,"lower_bound":1390.1227366034275,"upper_bound":4472.462731045053},"point_estimate":2977.8552260766783,"standard_error":850.7509352421893}}