{"mean":{"confidence_interval":{"confidence_level":0.95,"lower_bound":60245.40521071649,"upper_bound":61215.87695540364},"point_estimate":60791.48666610366,"standard_error":249.65365931112126},"median":{"confidence_interval":{"confidence_level":0.95,"lower_bound":61089.33071895425,"upper_bound":61281.34600443952},"point_estimate":61200.74669117647,"standard_error":52.65979750632876},"median_abs_dev":{"confidence_interval":{"confidence_level":0.95,"lower_bound":468.6835581453351,"upper_bound":841.7251075713558},"point_estimate":596.6141834880547,"standard_error":96.41586872528424},"slope":{"confidence_interval":{"confidence_level":0.95,"lower_bound":61548.34173301211,"upper_bound":61900.52837287485},"point_estimate":61718.105701892404,"standard_error":89.69890196840068},"std_dev":{"confidence_interval":{"confidence_level":0.95,"lower_bound":1114.2179045709024,"upper_bound":3826.163151512499},"point_estimate":2522.3243016616148,"standard_error":744.1546246260955}}