{"mean":{"confidence_interval":{"confidence_level":0.95,"lower_bound":72420.84792172145,"upper_bound":73871.92339364842},"point_estimate":73236.22740621603,"standard_error":373.6980585275263},"median":{"confidence_interval":{"confidence_level":0.95,"lower_bound":73420.94522649146,"upper_bound":73583.1728778468},"point_estimate":73479.21866897147,"standard_error":46.310066000446604},"median_abs_dev":{"confidence_interval":{"confidence_level":0.95,"lower_bound":443.55116415138644,"upper_bound":1180.5692077907108},"point_estimate":618.3457123867481,"standard_error":185.16518584365},"slope":{"confidence_interval":{"confidence_level":0.95,"lower_bound":73759.0933578756,"upper_bound":74327.46108506237},"point_estimate":74019.4804258059,"standard_error":145.04884056907414},"std_dev":{"confidence_interval":{"confidence_level":0.95,"lower_bound":1709.095008144399,"upper_bound":5674.380401643996},"point_estimate":3749.614477980411,"standard_error":1094.2005883579095}}