{"mean":{"confidence_interval":{"confidence_level":0.95,"lower_bound":24765.82180497829,"upper_bound":24894.92804552963},"point_estimate":24817.24726326225,"standard_error":33.930886030863114},"median":{"confidence_interval":{"confidence_level":0.95,"lower_bound":24738.886054421768,"upper_bound":24804.368489583332},"point_estimate":24772.87785043595,"standard_error":17.197845323713672},"median_abs_dev":{"confidence_interval":{"confidence_level":0.95,"lower_bound":80.1232175606267,"upper_bound":121.46911710514156},"point_estimate":97.78424571720605,"standard_error":10.877983385350227},"slope":{"confidence_interval":{"confidence_level":0.95,"lower_bound":24784.3803859181,"upper_bound":24886.376774742508},"point_estimate":24829.209971922566,"standard_error":26.268823390725874},"std_dev":{"confidence_interval":{"confidence_level":0.95,"lower_bound":102.0921374360841,"upper_bound":554.4916692529836},"point_estimate":340.073963604868,"standard_error":142.48723604602927}}