{"mean":{"confidence_interval":{"confidence_level":0.95,"lower_bound":22527.708207565953,"upper_bound":22603.82337459857},"point_estimate":22564.18046298551,"standard_error":19.34226020358888},"median":{"confidence_interval":{"confidence_level":0.95,"lower_bound":22524.50925925926,"upper_bound":22600.952777777777},"point_estimate":22560.999065170938,"standard_error":17.156521951569367},"median_abs_dev":{"confidence_interval":{"confidence_level":0.95,"lower_bound":98.34231095568393,"upper_bound":196.68851070045304},"point_estimate":148.400449453207,"standard_error":24.5100969457946},"slope":{"confidence_interval":{"confidence_level":0.95,"lower_bound":22595.443896852546,"upper_bound":22651.45446742446},"point_estimate":22624.42798088764,"standard_error":14.232191566288689},"std_dev":{"confidence_interval":{"confidence_level":0.95,"lower_bound":140.91916673484135,"upper_bound":256.0809094480683},"point_estimate":193.90312857649826,"standard_error":31.380112532712886}}