{"mean":{"confidence_interval":{"confidence_level":0.95,"lower_bound":33695.7260148194,"upper_bound":33799.696273637244},"point_estimate":33746.372346947916,"standard_error":26.49972384881245},"median":{"confidence_interval":{"confidence_level":0.95,"lower_bound":33672.421428571426,"upper_bound":33767.12},"point_estimate":33708.327710843376,"standard_error":27.264982006911428},"median_abs_dev":{"confidence_interval":{"confidence_level":0.95,"lower_bound":124.78796755276726,"upper_bound":220.44394027437326},"point_estimate":177.24302101173146,"standard_error":24.15231589660371},"slope":{"confidence_interval":{"confidence_level":0.95,"lower_bound":33733.821911860265,"upper_bound":33839.93687464901},"point_estimate":33781.06459849269,"standard_error":27.200234759518573},"std_dev":{"confidence_interval":{"confidence_level":0.95,"lower_bound":197.29221282087536,"upper_bound":326.50176707501294},"point_estimate":266.0804869549793,"standard_error":33.10397030975361}}