{"mean":{"confidence_interval":{"confidence_level":0.95,"lower_bound":24554.858108155484,"upper_bound":24617.69549047203},"point_estimate":24583.755961060106,"standard_error":16.012137289041565},"median":{"confidence_interval":{"confidence_level":0.95,"lower_bound":24560.770750988144,"upper_bound":24604.63272727273},"point_estimate":24582.471445221447,"standard_error":11.89697375133463},"median_abs_dev":{"confidence_interval":{"confidence_level":0.95,"lower_bound":54.33385137984493,"upper_bound":93.25043075028557},"point_estimate":77.17627291743672,"standard_error":10.117890241446641},"slope":{"confidence_interval":{"confidence_level":0.95,"lower_bound":24585.433029736054,"upper_bound":24646.889917383724},"point_estimate":24611.069312304364,"standard_error":15.849510165304391},"std_dev":{"confidence_interval":{"confidence_level":0.95,"lower_bound":94.5132798573597,"upper_bound":228.55040839773753},"point_estimate":160.46395904439746,"standard_error":36.49271084618718}}