{"mean":{"confidence_interval":{"confidence_level":0.95,"lower_bound":0.09887138417107,"upper_bound":0.1064402645710556},"point_estimate":0.10291858423602895,"standard_error":0.0019438973866260777},"median":{"confidence_interval":{"confidence_level":0.95,"lower_bound":0.101691945836897,"upper_bound":0.10320397125916243},"point_estimate":0.10233430799658261,"standard_error":0.00037935690660383505}}