{"mean":{"confidence_interval":{"confidence_level":0.95,"lower_bound":0.0031999970284120037,"upper_bound":0.020452558359537285},"point_estimate":0.010692750518004779,"standard_error":0.004458752297006717},"median":{"confidence_interval":{"confidence_level":0.95,"lower_bound":-0.0013890097796674938,"upper_bound":0.0014921201602509093},"point_estimate":-0.00005705086533069892,"standard_error":0.0007399376912317884}}