{"mean":{"confidence_interval":{"confidence_level":0.95,"lower_bound":-0.014833687082681481,"upper_bound":0.0016139146894937728},"point_estimate":-0.005813987246147678,"standard_error":0.004216198217449756},"median":{"confidence_interval":{"confidence_level":0.95,"lower_bound":-0.001062777925441294,"upper_bound":0.0008748056721272768},"point_estimate":-0.0001124531146079466,"standard_error":0.000510385781994265}}