{"mean":{"confidence_interval":{"confidence_level":0.95,"lower_bound":-0.11283652320829034,"upper_bound":-0.10481824592876088},"point_estimate":-0.10911035518162016,"standard_error":0.002075823965641388},"median":{"confidence_interval":{"confidence_level":0.95,"lower_bound":-0.11105076496668176,"upper_bound":-0.1094323836527018},"point_estimate":-0.11025249534277426,"standard_error":0.0004137334470817701}}