{"mean":{"confidence_interval":{"confidence_level":0.95,"lower_bound":-0.013396093694359384,"upper_bound":-0.00040388934609289674},"point_estimate":-0.0062789590161718145,"standard_error":0.0033368054483784936},"median":{"confidence_interval":{"confidence_level":0.95,"lower_bound":-0.001498683397655904,"upper_bound":0.0001260405341114712},"point_estimate":-0.0006616685452996984,"standard_error":0.00041282304101905473}}