{"mean":{"confidence_interval":{"confidence_level":0.95,"lower_bound":0.10411103787238468,"upper_bound":0.11326967414578279},"point_estimate":0.10864875456353995,"standard_error":0.002299023564891687},"median":{"confidence_interval":{"confidence_level":0.95,"lower_bound":0.10586599939356955,"upper_bound":0.10766827367622955},"point_estimate":0.10662908242979041,"standard_error":0.000457837712118053}}