{"mean":{"confidence_interval":{"confidence_level":0.95,"lower_bound":-0.29014784191584375,"upper_bound":-0.2762671394374468},"point_estimate":-0.28332015631489593,"standard_error":0.0034737485912652035},"median":{"confidence_interval":{"confidence_level":0.95,"lower_bound":-0.2862088567849957,"upper_bound":-0.2835073739386693},"point_estimate":-0.2847672138796207,"standard_error":0.0006947819117035788}}