{"mean":{"confidence_interval":{"confidence_level":0.95,"lower_bound":0.5596385022921888,"upper_bound":0.5765690302973493},"point_estimate":0.5681891131513457,"standard_error":0.004291002639615822},"median":{"confidence_interval":{"confidence_level":0.95,"lower_bound":0.5680669875983697,"upper_bound":0.5708202738311929},"point_estimate":0.5694001215587632,"standard_error":0.0006888430089066117}}