{"mean":{"confidence_interval":{"confidence_level":0.95,"lower_bound":-0.00041471523879357196,"upper_bound":0.006245310893480165},"point_estimate":0.002810905009960951,"standard_error":0.0016856117731832605},"median":{"confidence_interval":{"confidence_level":0.95,"lower_bound":0.0030884533857473695,"upper_bound":0.004647232031227855},"point_estimate":0.004060793652528094,"standard_error":0.00041233488885434536}}