{"mean":{"confidence_interval":{"confidence_level":0.95,"lower_bound":0.10662200467588118,"upper_bound":0.11163867527898176},"point_estimate":0.10874564181551105,"standard_error":0.0012679638764886035},"median":{"confidence_interval":{"confidence_level":0.95,"lower_bound":0.10672251134196742,"upper_bound":0.10851827836641492},"point_estimate":0.10765335911534057,"standard_error":0.0004372005357286041}}