{"mean":{"confidence_interval":{"confidence_level":0.95,"lower_bound":-0.004437868120275673,"upper_bound":0.018531758418914888},"point_estimate":0.00562097825557295,"standard_error":0.005718102500877131},"median":{"confidence_interval":{"confidence_level":0.95,"lower_bound":-0.005991743349130885,"upper_bound":-0.0041890359414124},"point_estimate":-0.00494478751053673,"standard_error":0.0004668917349571015}}