{"mean":{"confidence_interval":{"confidence_level":0.95,"lower_bound":0.10702531885209907,"upper_bound":0.11374723931218061},"point_estimate":0.11025341913786946,"standard_error":0.0016633758303713209},"median":{"confidence_interval":{"confidence_level":0.95,"lower_bound":0.10804202961595433,"upper_bound":0.10973274401673638},"point_estimate":0.10870654683869274,"standard_error":0.0004596843109152131}}