{"mean":{"confidence_interval":{"confidence_level":0.95,"lower_bound":-0.08685391107864013,"upper_bound":-0.08440542419670641},"point_estimate":-0.08558052609526035,"standard_error":0.0006253798196454688},"median":{"confidence_interval":{"confidence_level":0.95,"lower_bound":-0.08539398104343354,"upper_bound":-0.08345098179436983},"point_estimate":-0.0842983948744207,"standard_error":0.0005410810535961609}}