{"mean":{"confidence_interval":{"confidence_level":0.95,"lower_bound":-0.013334105408845914,"upper_bound":0.00217046809886026},"point_estimate":-0.004541023240833497,"standard_error":0.003977643679517767},"median":{"confidence_interval":{"confidence_level":0.95,"lower_bound":-0.0018825545494625118,"upper_bound":0.00024808699798550826},"point_estimate":-0.0005759043663861041,"standard_error":0.0005333244729268047}}