{"mean":{"confidence_interval":{"confidence_level":0.95,"lower_bound":-0.003943226552399807,"upper_bound":0.0049447766358515655},"point_estimate":0.000955728484496321,"standard_error":0.00226707666566923},"median":{"confidence_interval":{"confidence_level":0.95,"lower_bound":0.00023954829838723768,"upper_bound":0.0028608340340172678},"point_estimate":0.0018141521132699623,"standard_error":0.0007032525988607787}}