{"mean":{"confidence_interval":{"confidence_level":0.95,"lower_bound":-0.001987998182440689,"upper_bound":0.006804321332877585},"point_estimate":0.0022757605830485694,"standard_error":0.0022370169363106164},"median":{"confidence_interval":{"confidence_level":0.95,"lower_bound":-0.001821752199000675,"upper_bound":0.0006284756843433215},"point_estimate":-0.00024270984353702563,"standard_error":0.0006236284760411257}}