{"mean":{"confidence_interval":{"confidence_level":0.95,"lower_bound":-0.0029489839898690384,"upper_bound":0.0021621968534888784},"point_estimate":-0.0001659422910712527,"standard_error":0.0013077110212335508},"median":{"confidence_interval":{"confidence_level":0.95,"lower_bound":0.00014818769661695264,"upper_bound":0.0018741979550689347},"point_estimate":0.0009170424081159645,"standard_error":0.0004493680571272196}}