{"mean":{"confidence_interval":{"confidence_level":0.95,"lower_bound":-0.0008133495866365442,"upper_bound":0.008917051193621628},"point_estimate":0.00413839787457837,"standard_error":0.0025058548498742067},"median":{"confidence_interval":{"confidence_level":0.95,"lower_bound":-0.00009674823873240257,"upper_bound":0.0024465426114963496},"point_estimate":0.001190028199047788,"standard_error":0.0006652605143339103}}