{"mean":{"confidence_interval":{"confidence_level":0.95,"lower_bound":-0.0028057810353696614,"upper_bound":0.004522816002150129},"point_estimate":0.001541348401699727,"standard_error":0.0019288059289343964},"median":{"confidence_interval":{"confidence_level":0.95,"lower_bound":0.0015344617369881242,"upper_bound":0.0037571622337515542},"point_estimate":0.0027225467217404375,"standard_error":0.0006083777251327886}}