{"mean":{"confidence_interval":{"confidence_level":0.95,"lower_bound":-0.01177507845045435,"upper_bound":-0.003039583518148988},"point_estimate":-0.007109985839514055,"standard_error":0.0022342125120120137},"median":{"confidence_interval":{"confidence_level":0.95,"lower_bound":-0.007478149382812549,"upper_bound":-0.005560395423262956},"point_estimate":-0.006874762164394976,"standard_error":0.0005108381121257842}}