{"mean":{"confidence_interval":{"confidence_level":0.95,"lower_bound":-0.012918609761284117,"upper_bound":0.008492900287987928},"point_estimate":-0.0009054434112165666,"standard_error":0.005527767595616277},"median":{"confidence_interval":{"confidence_level":0.95,"lower_bound":0.0037224546489436072,"upper_bound":0.005427778370919789},"point_estimate":0.004736484888993031,"standard_error":0.00040006945977296516}}