{"mean":{"confidence_interval":{"confidence_level":0.95,"lower_bound":0.10799491981232051,"upper_bound":0.12110776598340922},"point_estimate":0.11374468024036055,"standard_error":0.003291627726501849},"median":{"confidence_interval":{"confidence_level":0.95,"lower_bound":0.10765442418776883,"upper_bound":0.11080040835694205},"point_estimate":0.10920784115312276,"standard_error":0.0008331144971909397}}