{"mean":{"confidence_interval":{"confidence_level":0.95,"lower_bound":0.38102607106463765,"upper_bound":0.40152455839825035},"point_estimate":0.3925907414359091,"standard_error":0.0052840678749254645},"median":{"confidence_interval":{"confidence_level":0.95,"lower_bound":0.3960713298901039,"upper_bound":0.40129763498147364},"point_estimate":0.39853278422204585,"standard_error":0.0013511140537058358}}