{"mean":{"confidence_interval":{"confidence_level":0.95,"lower_bound":-0.002619842284587845,"upper_bound":0.003077001318359856},"point_estimate":0.0004603129318903054,"standard_error":0.0014558808963236107},"median":{"confidence_interval":{"confidence_level":0.95,"lower_bound":0.00018965262655479265,"upper_bound":0.0024553729748626463},"point_estimate":0.0013297006331411954,"standard_error":0.0005910947222432868}}