{"mean":{"confidence_interval":{"confidence_level":0.95,"lower_bound":-0.009496499165134266,"upper_bound":0.001211485994711191},"point_estimate":-0.0037550082208289703,"standard_error":0.002717206968897491},"median":{"confidence_interval":{"confidence_level":0.95,"lower_bound":-0.0027197692203482227,"upper_bound":-0.0003780828035836459},"point_estimate":-0.0012479641833930133,"standard_error":0.0005585394452814096}}