{"mean":{"confidence_interval":{"confidence_level":0.95,"lower_bound":-0.0013147712174242424,"upper_bound":0.004733442187003949},"point_estimate":0.0016957956839673827,"standard_error":0.001544038439939796},"median":{"confidence_interval":{"confidence_level":0.95,"lower_bound":0.001092252268727112,"upper_bound":0.004083519046254924},"point_estimate":0.0025498149143079463,"standard_error":0.0007573007855663161}}