{"mean":{"confidence_interval":{"confidence_level":0.95,"lower_bound":0.5726222474289726,"upper_bound":0.5796112765966618},"point_estimate":0.5762094821294936,"standard_error":0.0017847332147297639},"median":{"confidence_interval":{"confidence_level":0.95,"lower_bound":0.574305757906272,"upper_bound":0.5786771644844932},"point_estimate":0.5766411002767178,"standard_error":0.0010712783574519803}}