{"mean":{"confidence_interval":{"confidence_level":0.95,"lower_bound":0.3949240548978828,"upper_bound":0.4031011086214539},"point_estimate":0.39926376977162215,"standard_error":0.002086429760497543},"median":{"confidence_interval":{"confidence_level":0.95,"lower_bound":0.39900682387593256,"upper_bound":0.40331097402185323},"point_estimate":0.4014150136997714,"standard_error":0.0011881382148371752}}