{"mean":{"confidence_interval":{"confidence_level":0.95,"lower_bound":-0.11415818212825371,"upper_bound":-0.09503433908295021},"point_estimate":-0.10580972022948865,"standard_error":0.004947977293618359},"median":{"confidence_interval":{"confidence_level":0.95,"lower_bound":-0.1120243089836751,"upper_bound":-0.11094974186226614},"point_estimate":-0.11159926814902354,"standard_error":0.000272187169095191}}