{"mean":{"confidence_interval":{"confidence_level":0.95,"lower_bound":-0.0019942328625630573,"upper_bound":0.006313013710620606},"point_estimate":0.0017439798401859274,"standard_error":0.002145078391886697},"median":{"confidence_interval":{"confidence_level":0.95,"lower_bound":-0.00022832459446109343,"upper_bound":0.0010717672254711985},"point_estimate":0.00041197121699276806,"standard_error":0.00033005507820873305}}