{"mean":{"confidence_interval":{"confidence_level":0.95,"lower_bound":-0.1116824305299298,"upper_bound":-0.10492008737892158},"point_estimate":-0.10854544956834233,"standard_error":0.0017586352541113857},"median":{"confidence_interval":{"confidence_level":0.95,"lower_bound":-0.11178443586551612,"upper_bound":-0.11031120944166883},"point_estimate":-0.11080157010540392,"standard_error":0.00037394619145336624}}