{"mean":{"confidence_interval":{"confidence_level":0.95,"lower_bound":0.10881606468993749,"upper_bound":0.11916544360103822},"point_estimate":0.11418383858265413,"standard_error":0.0026311905045508068},"median":{"confidence_interval":{"confidence_level":0.95,"lower_bound":0.11029440128045254,"upper_bound":0.11242894428808037},"point_estimate":0.11149169170883821,"standard_error":0.0005594490772787923}}