{"mean":{"confidence_interval":{"confidence_level":0.95,"lower_bound":0.10898681696992016,"upper_bound":0.1425966452382294},"point_estimate":0.12476932243077021,"standard_error":0.008437849320955662},"median":{"confidence_interval":{"confidence_level":0.95,"lower_bound":0.12224961744691432,"upper_bound":0.1251005776456029},"point_estimate":0.12394718896675694,"standard_error":0.000805912542400799}}