{"mean":{"confidence_interval":{"confidence_level":0.95,"lower_bound":0.16094240437638052,"upper_bound":0.1799048832543996},"point_estimate":0.16939334380994175,"standard_error":0.005139395942437318},"median":{"confidence_interval":{"confidence_level":0.95,"lower_bound":0.16064485641710502,"upper_bound":0.1630199941787447},"point_estimate":0.16183648703606912,"standard_error":0.0006607904551211601}}