{"mean":{"confidence_interval":{"confidence_level":0.95,"lower_bound":-0.10687978243116777,"upper_bound":-0.10054376111046123},"point_estimate":-0.10346227220974036,"standard_error":0.0016156698323200143},"median":{"confidence_interval":{"confidence_level":0.95,"lower_bound":-0.1013014827930312,"upper_bound":-0.09978952683981879},"point_estimate":-0.10055464388083168,"standard_error":0.0003970063269095992}}