{"mean":{"confidence_interval":{"confidence_level":0.95,"lower_bound":0.07857508010979106,"upper_bound":0.0942617238562469},"point_estimate":0.08812233271435388,"standard_error":0.004145300637069387},"median":{"confidence_interval":{"confidence_level":0.95,"lower_bound":0.08773250000193289,"upper_bound":0.09159862413564435},"point_estimate":0.08946509150280613,"standard_error":0.001052216115261357}}