{"mean":{"confidence_interval":{"confidence_level":0.95,"lower_bound":-0.0014191384530013499,"upper_bound":0.0029819812059693213},"point_estimate":0.0006919837558989617,"standard_error":0.0011257715054064405},"median":{"confidence_interval":{"confidence_level":0.95,"lower_bound":-0.000490664132664187,"upper_bound":0.0010159675104277621},"point_estimate":0.0003938160591314688,"standard_error":0.0003896707458206435}}