{"mean":{"confidence_interval":{"confidence_level":0.95,"lower_bound":-0.1120515543934876,"upper_bound":-0.09919434317985859},"point_estimate":-0.10615482421897726,"standard_error":0.0032450693124659647},"median":{"confidence_interval":{"confidence_level":0.95,"lower_bound":-0.11134208412240487,"upper_bound":-0.1094611750281782},"point_estimate":-0.1105094661228545,"standard_error":0.0004916322458850414}}