{"mean":{"confidence_interval":{"confidence_level":0.95,"lower_bound":0.10321291170054218,"upper_bound":0.1266026587896656},"point_estimate":0.11776396016050916,"standard_error":0.006452703574468363},"median":{"confidence_interval":{"confidence_level":0.95,"lower_bound":0.12454901594054535,"upper_bound":0.1268928070390818},"point_estimate":0.12577967913116428,"standard_error":0.0006043753276189106}}