{"mean":{"confidence_interval":{"confidence_level":0.95,"lower_bound":0.10805732028699162,"upper_bound":0.11532916904505007},"point_estimate":0.11192538100218519,"standard_error":0.0018470687795720513},"median":{"confidence_interval":{"confidence_level":0.95,"lower_bound":0.10999722159936912,"upper_bound":0.1122681339690923},"point_estimate":0.11110185231859715,"standard_error":0.0005828844142462523}}