{"mean":{"confidence_interval":{"confidence_level":0.95,"lower_bound":0.1049948054104532,"upper_bound":0.11299857852427257},"point_estimate":0.109365259349957,"standard_error":0.0020592685816100144},"median":{"confidence_interval":{"confidence_level":0.95,"lower_bound":0.10818200799268696,"upper_bound":0.1110044607774896},"point_estimate":0.10934859937857455,"standard_error":0.0007483513757430094}}