{"mean":{"confidence_interval":{"confidence_level":0.95,"lower_bound":-0.1127075776911728,"upper_bound":-0.10714588467404818},"point_estimate":-0.11010200371439305,"standard_error":0.0014034024538303604},"median":{"confidence_interval":{"confidence_level":0.95,"lower_bound":-0.11006596378217681,"upper_bound":-0.10880793033434405},"point_estimate":-0.10952230099103366,"standard_error":0.00032375707479102904}}