{"mean":{"confidence_interval":{"confidence_level":0.95,"lower_bound":0.0019478103841062086,"upper_bound":0.0884612497230832},"point_estimate":0.031252511269240335,"standard_error":0.022669260192365294},"median":{"confidence_interval":{"confidence_level":0.95,"lower_bound":0.0009367080778313053,"upper_bound":0.0024012104046795546},"point_estimate":0.0015287299780875063,"standard_error":0.000374820717842025}}