{"mean":{"confidence_interval":{"confidence_level":0.95,"lower_bound":-0.003478561143899092,"upper_bound":0.0025351672636403605},"point_estimate":-0.0003512967847184578,"standard_error":0.0015337115784142769},"median":{"confidence_interval":{"confidence_level":0.95,"lower_bound":-0.0019871073296839903,"upper_bound":0.0010780833770609455},"point_estimate":-0.0006517206118326069,"standard_error":0.0007971448268065457}}