{"mean":{"confidence_interval":{"confidence_level":0.95,"lower_bound":0.09108964500266709,"upper_bound":0.096755110713598},"point_estimate":0.09354303905215477,"standard_error":0.0014921132748206118},"median":{"confidence_interval":{"confidence_level":0.95,"lower_bound":0.08928554011568468,"upper_bound":0.09514333836762212},"point_estimate":0.09287596014282395,"standard_error":0.0017736556843024733}}