{"mean":{"confidence_interval":{"confidence_level":0.95,"lower_bound":-0.049987630190519536,"upper_bound":-0.04608097664906376},"point_estimate":-0.04809175462672299,"standard_error":0.0009954415671952564},"median":{"confidence_interval":{"confidence_level":0.95,"lower_bound":-0.051127948463179695,"upper_bound":-0.047579958415092105},"point_estimate":-0.049629942368804136,"standard_error":0.0008632976237115975}}