{"mean":{"confidence_interval":{"confidence_level":0.95,"lower_bound":-0.0011592468101063705,"upper_bound":0.004268704594509407},"point_estimate":0.001052102193457749,"standard_error":0.001376868776741884},"median":{"confidence_interval":{"confidence_level":0.95,"lower_bound":-0.0029031388387817936,"upper_bound":0.0011201193754951963},"point_estimate":-0.0013219090710802073,"standard_error":0.001050410054653587}}