{"mean":{"confidence_interval":{"confidence_level":0.95,"lower_bound":0.0070057892594804945,"upper_bound":0.009754424174599229},"point_estimate":0.008362365311457287,"standard_error":0.0006953288054264822},"median":{"confidence_interval":{"confidence_level":0.95,"lower_bound":0.006339623202584077,"upper_bound":0.008762462572492247},"point_estimate":0.007726927526862548,"standard_error":0.0006293356310502556}}