{"mean":{"confidence_interval":{"confidence_level":0.95,"lower_bound":-0.00877912353764511,"upper_bound":0.0019163591662684878},"point_estimate":-0.003460069043814795,"standard_error":0.0027181784257359356},"median":{"confidence_interval":{"confidence_level":0.95,"lower_bound":-0.02168359148452459,"upper_bound":0.012413555660265807},"point_estimate":-0.005648369164949596,"standard_error":0.008115515984446674}}