{"mean":{"confidence_interval":{"confidence_level":0.95,"lower_bound":0.0014185724461002385,"upper_bound":0.013396748596626084},"point_estimate":0.007449719756563278,"standard_error":0.00311016669838629},"median":{"confidence_interval":{"confidence_level":0.95,"lower_bound":-0.01916564217260235,"upper_bound":0.017145711847580403},"point_estimate":-0.0023300491466120565,"standard_error":0.007903511001226377}}