{"mean":{"confidence_interval":{"confidence_level":0.95,"lower_bound":-0.001975644046870184,"upper_bound":0.0008965151380985668},"point_estimate":-0.0005980914882425248,"standard_error":0.0007313035651834124},"median":{"confidence_interval":{"confidence_level":0.95,"lower_bound":-0.0020050716362555177,"upper_bound":0.0004125091273748881},"point_estimate":-0.00116542525709451,"standard_error":0.0006353674840059205}}