{"mean":{"confidence_interval":{"confidence_level":0.95,"lower_bound":-0.003940144303359025,"upper_bound":-0.0005879327733772897},"point_estimate":-0.002173623840532213,"standard_error":0.0008463379284716393},"median":{"confidence_interval":{"confidence_level":0.95,"lower_bound":-0.004685322457348429,"upper_bound":-0.0003026467861029225},"point_estimate":-0.002674830255880556,"standard_error":0.0010530436079661688}}