{"mean":{"confidence_interval":{"confidence_level":0.95,"lower_bound":0.01820157864014076,"upper_bound":0.028802948145762678},"point_estimate":0.023642325569750877,"standard_error":0.0027038405150470847},"median":{"confidence_interval":{"confidence_level":0.95,"lower_bound":0.012969350594202567,"upper_bound":0.04756502814010943},"point_estimate":0.03952514346524105,"standard_error":0.008615241882497062}}