{"mean":{"confidence_interval":{"confidence_level":0.95,"lower_bound":-0.0012394431332046951,"upper_bound":0.0018025919586540074},"point_estimate":0.0002907115348584899,"standard_error":0.0007721106000275485},"median":{"confidence_interval":{"confidence_level":0.95,"lower_bound":-0.00037212100492789446,"upper_bound":0.003240356365218882},"point_estimate":0.0013108012679703407,"standard_error":0.0009183310959772839}}