{"mean":{"confidence_interval":{"confidence_level":0.95,"lower_bound":0.060036241717409,"upper_bound":0.0625577392318697},"point_estimate":0.06131756723293336,"standard_error":0.0006460837032246811},"median":{"confidence_interval":{"confidence_level":0.95,"lower_bound":0.06063400564658661,"upper_bound":0.061683531136002445},"point_estimate":0.061248512674276334,"standard_error":0.00025766760646558435}}