{"mean":{"confidence_interval":{"confidence_level":0.95,"lower_bound":0.08710729127751964,"upper_bound":0.089797970941949},"point_estimate":0.08852577039021026,"standard_error":0.0006822524514783375},"median":{"confidence_interval":{"confidence_level":0.95,"lower_bound":0.08856464301417111,"upper_bound":0.08991355965718761},"point_estimate":0.0893349977627873,"standard_error":0.00033352924792469705}}