{"mean":{"confidence_interval":{"confidence_level":0.95,"lower_bound":0.023248745581823112,"upper_bound":0.026608960254240192},"point_estimate":0.02502641361694602,"standard_error":0.0008532708913446028},"median":{"confidence_interval":{"confidence_level":0.95,"lower_bound":0.024690665262338866,"upper_bound":0.02644779040948253},"point_estimate":0.02567395810962636,"standard_error":0.0004876906878465873}}