{"mean":{"confidence_interval":{"confidence_level":0.95,"lower_bound":-0.0030261978626123383,"upper_bound":0.003043054359117962},"point_estimate":0.00014864766271993624,"standard_error":0.0015226975324441848},"median":{"confidence_interval":{"confidence_level":0.95,"lower_bound":0.000055465694461202674,"upper_bound":0.0029932299196635537},"point_estimate":0.0016048548778366811,"standard_error":0.000764502475271516}}