{"mean":{"confidence_interval":{"confidence_level":0.95,"lower_bound":-0.08339001353419424,"upper_bound":-0.08086678736194838},"point_estimate":-0.08211780283009984,"standard_error":0.0006413238834397753},"median":{"confidence_interval":{"confidence_level":0.95,"lower_bound":-0.08356050687921089,"upper_bound":-0.08081180167162216},"point_estimate":-0.08238152701905432,"standard_error":0.0007089769587641521}}