{"mean":{"confidence_interval":{"confidence_level":0.95,"lower_bound":0.0529482989749575,"upper_bound":0.060180511415059895},"point_estimate":0.056877541050198044,"standard_error":0.00185461038248351},"median":{"confidence_interval":{"confidence_level":0.95,"lower_bound":0.059125563659792046,"upper_bound":0.06082914577128573},"point_estimate":0.060083504496950546,"standard_error":0.00042762867687197643}}