{"mean":{"confidence_interval":{"confidence_level":0.95,"lower_bound":-0.008127013380531165,"upper_bound":-0.0005925189771354611},"point_estimate":-0.004226852256797531,"standard_error":0.0019183485407665683},"median":{"confidence_interval":{"confidence_level":0.95,"lower_bound":-0.021284749214974474,"upper_bound":0.012466919688741918},"point_estimate":-0.004706729991810987,"standard_error":0.008129061562087099}}