{"mean":{"confidence_interval":{"confidence_level":0.95,"lower_bound":0.08724615870781025,"upper_bound":0.0909777754104811},"point_estimate":0.08908533526727158,"standard_error":0.0009489297574063401},"median":{"confidence_interval":{"confidence_level":0.95,"lower_bound":0.08741425779949719,"upper_bound":0.09138699652237148},"point_estimate":0.08925527808135558,"standard_error":0.0009984397226143367}}