{"mean":{"confidence_interval":{"confidence_level":0.95,"lower_bound":0.05557899930726249,"upper_bound":0.06329172643049888},"point_estimate":0.060393461807918714,"standard_error":0.0020805264730139913},"median":{"confidence_interval":{"confidence_level":0.95,"lower_bound":0.06174690832117948,"upper_bound":0.06382557511199938},"point_estimate":0.06284571612565637,"standard_error":0.0005514112068618078}}