{"mean":{"confidence_interval":{"confidence_level":0.95,"lower_bound":0.08562740188999633,"upper_bound":0.10041283550021267},"point_estimate":0.09297517726777182,"standard_error":0.003784387490997679},"median":{"confidence_interval":{"confidence_level":0.95,"lower_bound":0.09047108743537291,"upper_bound":0.10423242121066556},"point_estimate":0.09776475005708107,"standard_error":0.0028986777035902266}}