{"mean":{"confidence_interval":{"confidence_level":0.95,"lower_bound":-0.011683562164725783,"upper_bound":-0.0011015439784092481},"point_estimate":-0.005355253531155069,"standard_error":0.00277648964673826},"median":{"confidence_interval":{"confidence_level":0.95,"lower_bound":-0.0033298820361782333,"upper_bound":-0.0021480643595753746},"point_estimate":-0.0027958069783223793,"standard_error":0.0002945270011729532}}