{"mean":{"confidence_interval":{"confidence_level":0.95,"lower_bound":0.09773987516273963,"upper_bound":0.10150397426688415},"point_estimate":0.09956061609355871,"standard_error":0.0009517702720838315},"median":{"confidence_interval":{"confidence_level":0.95,"lower_bound":0.09782896894604698,"upper_bound":0.10216769488538938},"point_estimate":0.10039767960788226,"standard_error":0.0010799561169735695}}