{"mean":{"confidence_interval":{"confidence_level":0.95,"lower_bound":0.0027737119041257264,"upper_bound":0.012375589055894066},"point_estimate":0.0076250659759751205,"standard_error":0.002454610003031842},"median":{"confidence_interval":{"confidence_level":0.95,"lower_bound":-0.01006541439579145,"upper_bound":0.023770300400258737},"point_estimate":0.011354445079646558,"standard_error":0.006947443809670864}}