{"mean":{"confidence_interval":{"confidence_level":0.95,"lower_bound":-0.19010073441297204,"upper_bound":-0.18315113729525342},"point_estimate":-0.18720448007612323,"standard_error":0.0018586685243301732},"median":{"confidence_interval":{"confidence_level":0.95,"lower_bound":-0.1897416482016746,"upper_bound":-0.1883149320853007},"point_estimate":-0.18893035224368115,"standard_error":0.00037671461934391995}}