{"mean":{"confidence_interval":{"confidence_level":0.95,"lower_bound":-0.008225000264564887,"upper_bound":0.0003275335315881792},"point_estimate":-0.0037914561703265015,"standard_error":0.002186192436374653},"median":{"confidence_interval":{"confidence_level":0.95,"lower_bound":-0.021791989449859273,"upper_bound":0.014421231944052648},"point_estimate":-0.0026866832403079632,"standard_error":0.00817263410749283}}