{"mean":{"confidence_interval":{"confidence_level":0.95,"lower_bound":-0.05296335497945795,"upper_bound":-0.04380361646556951},"point_estimate":-0.04936318756103952,"standard_error":0.0024611869069501567},"median":{"confidence_interval":{"confidence_level":0.95,"lower_bound":-0.052824185074930585,"upper_bound":-0.05177179170419366},"point_estimate":-0.05218322430161526,"standard_error":0.0002479670947767592}}