{"mean":{"confidence_interval":{"confidence_level":0.95,"lower_bound":-0.09493704059267458,"upper_bound":-0.091736880250254},"point_estimate":-0.09333983628468245,"standard_error":0.0008167995129569385},"median":{"confidence_interval":{"confidence_level":0.95,"lower_bound":-0.09563415181361634,"upper_bound":-0.09080047795849577},"point_estimate":-0.09308624153883105,"standard_error":0.0011958818671885321}}