{"mean":{"confidence_interval":{"confidence_level":0.95,"lower_bound":0.005586884856685013,"upper_bound":0.04447240234702693},"point_estimate":0.02421416850214486,"standard_error":0.010007127060321464},"median":{"confidence_interval":{"confidence_level":0.95,"lower_bound":-0.0039869521176975065,"upper_bound":-0.000288467038286333},"point_estimate":-0.0016985065297181468,"standard_error":0.0009224359769381253}}