{"mean":{"confidence_interval":{"confidence_level":0.95,"lower_bound":-0.006810775136678301,"upper_bound":0.00112041766979533},"point_estimate":-0.0030391485682529362,"standard_error":0.0020217385681006515},"median":{"confidence_interval":{"confidence_level":0.95,"lower_bound":-0.0038326832761104157,"upper_bound":-0.0007365135310571924},"point_estimate":-0.001940565144807782,"standard_error":0.0008059984908313162}}