{"mean":{"confidence_interval":{"confidence_level":0.95,"lower_bound":-0.037803199517427194,"upper_bound":-0.02901516348298083},"point_estimate":-0.03334106177919416,"standard_error":0.0022307459281735815},"median":{"confidence_interval":{"confidence_level":0.95,"lower_bound":-0.04035772206310839,"upper_bound":-0.02605008500361805},"point_estimate":-0.03537976566059642,"standard_error":0.0037683501944998808}}