{"mean":{"confidence_interval":{"confidence_level":0.95,"lower_bound":-0.08090617537865424,"upper_bound":-0.07621535337889487},"point_estimate":-0.07836949981171659,"standard_error":0.0011991579322177173},"median":{"confidence_interval":{"confidence_level":0.95,"lower_bound":-0.07772806579482883,"upper_bound":-0.07632067860510372},"point_estimate":-0.0772034532764303,"standard_error":0.0003952500196113212}}