{"mean":{"confidence_interval":{"confidence_level":0.95,"lower_bound":0.024318495253527164,"upper_bound":0.03137085790461351},"point_estimate":0.027419138624812822,"standard_error":0.0018274692735964413},"median":{"confidence_interval":{"confidence_level":0.95,"lower_bound":0.02334221911164769,"upper_bound":0.025224301890677703},"point_estimate":0.02403403998872755,"standard_error":0.0004866279784485498}}