{"mean":{"confidence_interval":{"confidence_level":0.95,"lower_bound":0.002478180386169488,"upper_bound":0.004853746406263337},"point_estimate":0.0036680889545033235,"standard_error":0.0006094312117469792},"median":{"confidence_interval":{"confidence_level":0.95,"lower_bound":0.002215031788561812,"upper_bound":0.004585814723202741},"point_estimate":0.0034114516224028613,"standard_error":0.0006027550055300151}}