{"mean":{"confidence_interval":{"confidence_level":0.95,"lower_bound":-0.08778478748629952,"upper_bound":-0.07782224451649909},"point_estimate":-0.08231385832907201,"standard_error":0.002555938477112655},"median":{"confidence_interval":{"confidence_level":0.95,"lower_bound":-0.07790465722296425,"upper_bound":-0.07572822284149645},"point_estimate":-0.07674333418794,"standard_error":0.0005336105755126001}}