{"mean":{"confidence_interval":{"confidence_level":0.95,"lower_bound":0.007262743989049714,"upper_bound":0.017807869346712534},"point_estimate":0.012489881648406476,"standard_error":0.002679204654205321},"median":{"confidence_interval":{"confidence_level":0.95,"lower_bound":0.0008178160742196017,"upper_bound":0.026192807430500897},"point_estimate":0.01995551471992907,"standard_error":0.007028071795048171}}