{"mean":{"confidence_interval":{"confidence_level":0.95,"lower_bound":-0.003300696156982682,"upper_bound":0.0014093459096470996},"point_estimate":-0.0012647040026774192,"standard_error":0.0011830284311460959},"median":{"confidence_interval":{"confidence_level":0.95,"lower_bound":-0.00430896049015439,"upper_bound":-0.001362511308114156},"point_estimate":-0.0027478110608237793,"standard_error":0.0007578868695591531}}