{"mean":{"confidence_interval":{"confidence_level":0.95,"lower_bound":-0.07820408260994602,"upper_bound":-0.0750996643429267},"point_estimate":-0.07658341987963235,"standard_error":0.0007883230800937438},"median":{"confidence_interval":{"confidence_level":0.95,"lower_bound":-0.07968046908776899,"upper_bound":-0.07452185428930536},"point_estimate":-0.07673383128581435,"standard_error":0.0013655312502625894}}