{"mean":{"confidence_interval":{"confidence_level":0.95,"lower_bound":0.08514787841761805,"upper_bound":0.09212581691777594},"point_estimate":0.08815157461723122,"standard_error":0.001812290614360925},"median":{"confidence_interval":{"confidence_level":0.95,"lower_bound":0.08577896687095854,"upper_bound":0.08837320030171188},"point_estimate":0.08679967566015412,"standard_error":0.0006269876688968697}}