{"mean":{"confidence_interval":{"confidence_level":0.95,"lower_bound":0.07078023459849275,"upper_bound":0.08231023153407553},"point_estimate":0.0776455534778775,"standard_error":0.003020300860695434},"median":{"confidence_interval":{"confidence_level":0.95,"lower_bound":0.08051678028248443,"upper_bound":0.08192918534240623},"point_estimate":0.08123393609928176,"standard_error":0.0003609807737700473}}