{"mean":{"confidence_interval":{"confidence_level":0.95,"lower_bound":0.17644041805352487,"upper_bound":0.18019076032542972},"point_estimate":0.17813403752825874,"standard_error":0.0009421975488019726},"median":{"confidence_interval":{"confidence_level":0.95,"lower_bound":0.1765045434172936,"upper_bound":0.17760588542299097},"point_estimate":0.17706076239683854,"standard_error":0.0002715838692922061}}