{"mean":{"confidence_interval":{"confidence_level":0.95,"lower_bound":-0.00807188051620154,"upper_bound":-0.004511193240333445},"point_estimate":-0.006311344511280348,"standard_error":0.0009080272552299273},"median":{"confidence_interval":{"confidence_level":0.95,"lower_bound":-0.008202360963707966,"upper_bound":-0.004308367117379253},"point_estimate":-0.005992479959743724,"standard_error":0.0009524722315051054}}