{"mean":{"confidence_interval":{"confidence_level":0.95,"lower_bound":0.10183540633725832,"upper_bound":0.11558893616327157},"point_estimate":0.10865229394309406,"standard_error":0.0035154571954142118},"median":{"confidence_interval":{"confidence_level":0.95,"lower_bound":0.10510887748482989,"upper_bound":0.11441923944874421},"point_estimate":0.11089436323477209,"standard_error":0.0022135342208821104}}