{"mean":{"confidence_interval":{"confidence_level":0.95,"lower_bound":0.11866901452269055,"upper_bound":0.12400464745861164},"point_estimate":0.12102626244020409,"standard_error":0.0014005826892252908},"median":{"confidence_interval":{"confidence_level":0.95,"lower_bound":0.11791824893300196,"upper_bound":0.11966024513478746},"point_estimate":0.11897069376097069,"standard_error":0.00042139280616263196}}