{"mean":{"confidence_interval":{"confidence_level":0.95,"lower_bound":0.08892671395358646,"upper_bound":0.09627657754392899},"point_estimate":0.09240293760300067,"standard_error":0.0018538945380673875},"median":{"confidence_interval":{"confidence_level":0.95,"lower_bound":0.08895623108870199,"upper_bound":0.09338889671317878},"point_estimate":0.09203097591768206,"standard_error":0.0011820221727581008}}