{"mean":{"confidence_interval":{"confidence_level":0.95,"lower_bound":-0.0934157561828779,"upper_bound":-0.08671104349725593},"point_estimate":-0.08952323356529757,"standard_error":0.0017464257489239704},"median":{"confidence_interval":{"confidence_level":0.95,"lower_bound":-0.08830607816514413,"upper_bound":-0.08708249857750516},"point_estimate":-0.08770192305023461,"standard_error":0.0003042217781492587}}