{"mean":{"confidence_interval":{"confidence_level":0.95,"lower_bound":0.19036473948408889,"upper_bound":0.200807053109156},"point_estimate":0.19674443716398748,"standard_error":0.0028071093995050153},"median":{"confidence_interval":{"confidence_level":0.95,"lower_bound":0.19897328455429064,"upper_bound":0.2008736776145792},"point_estimate":0.200157063046553,"standard_error":0.0005321962457140952}}