{"mean":{"confidence_interval":{"confidence_level":0.95,"lower_bound":-0.08026696429128582,"upper_bound":-0.07752801889568131},"point_estimate":-0.07887699716391527,"standard_error":0.0006977447711954765},"median":{"confidence_interval":{"confidence_level":0.95,"lower_bound":-0.07936869010562375,"upper_bound":-0.07690537182846924},"point_estimate":-0.07802211478571985,"standard_error":0.0006332253431540373}}