{"mean":{"confidence_interval":{"confidence_level":0.95,"lower_bound":0.026973618698807923,"upper_bound":0.03098808295304207},"point_estimate":0.028923156727590493,"standard_error":0.0010117493335040722},"median":{"confidence_interval":{"confidence_level":0.95,"lower_bound":0.028121016581213427,"upper_bound":0.029747296866132637},"point_estimate":0.028812598977669746,"standard_error":0.00046985865505376885}}