{"mean":{"confidence_interval":{"confidence_level":0.95,"lower_bound":0.10755932203095912,"upper_bound":0.1093014840868855},"point_estimate":0.10842728721962502,"standard_error":0.0004420839985392495},"median":{"confidence_interval":{"confidence_level":0.95,"lower_bound":0.10801645651470748,"upper_bound":0.10905516295139539},"point_estimate":0.10845953644506756,"standard_error":0.0002822393070616942}}