{"mean":{"confidence_interval":{"confidence_level":0.95,"lower_bound":-0.00024018929106494024,"upper_bound":0.007720056200681881},"point_estimate":0.0036523667293957285,"standard_error":0.0020428422660336938},"median":{"confidence_interval":{"confidence_level":0.95,"lower_bound":-0.014003673514158765,"upper_bound":0.019815695790198484},"point_estimate":0.0024442238827711016,"standard_error":0.00685552200955721}}