{"mean":{"confidence_interval":{"confidence_level":0.95,"lower_bound":-0.01419989937018427,"upper_bound":-0.010581366398132858},"point_estimate":-0.012433300742131892,"standard_error":0.0009223740334539105},"median":{"confidence_interval":{"confidence_level":0.95,"lower_bound":-0.016151064707429108,"upper_bound":-0.010691063365092566},"point_estimate":-0.013724664079683757,"standard_error":0.0014295241025686525}}