{"mean":{"confidence_interval":{"confidence_level":0.95,"lower_bound":0.06504446866409441,"upper_bound":0.07485661375567541},"point_estimate":0.07023048325633807,"standard_error":0.0024884444669642184},"median":{"confidence_interval":{"confidence_level":0.95,"lower_bound":0.0699326407671148,"upper_bound":0.07749705900922832},"point_estimate":0.07492483338964906,"standard_error":0.0019257199371547787}}