{"mean":{"confidence_interval":{"confidence_level":0.95,"lower_bound":-0.0021546942133721684,"upper_bound":0.0028310861811111465},"point_estimate":-0.0000390739304803045,"standard_error":0.001306030640807968},"median":{"confidence_interval":{"confidence_level":0.95,"lower_bound":-0.0030300482206949697,"upper_bound":-0.00005599528171040813},"point_estimate":-0.0018186494688190447,"standard_error":0.0007601193982729959}}