{"mean":{"confidence_interval":{"confidence_level":0.95,"lower_bound":-0.11885542086505028,"upper_bound":-0.11103856522201858},"point_estimate":-0.11464967720594121,"standard_error":0.0019833696524767853},"median":{"confidence_interval":{"confidence_level":0.95,"lower_bound":-0.11498709587467171,"upper_bound":-0.1130625831248745},"point_estimate":-0.11396042500549197,"standard_error":0.0004842441817028338}}