{"mean":{"confidence_interval":{"confidence_level":0.95,"lower_bound":7662.289575195523,"upper_bound":7711.211133674672},"point_estimate":7687.792360277218,"standard_error":12.473175098231165},"median":{"confidence_interval":{"confidence_level":0.95,"lower_bound":7696.633436532507,"upper_bound":7730.189655172414},"point_estimate":7711.380397672958,"standard_error":9.181335319302956},"median_abs_dev":{"confidence_interval":{"confidence_level":0.95,"lower_bound":44.90719645574761,"upper_bound":76.93875839251061},"point_estimate":58.2763986589705,"standard_error":8.123441157320492},"slope":{"confidence_interval":{"confidence_level":0.95,"lower_bound":7704.268268483927,"upper_bound":7720.662525013783},"point_estimate":7712.168389319686,"standard_error":4.190018813289221},"std_dev":{"confidence_interval":{"confidence_level":0.95,"lower_bound":95.75629444706927,"upper_bound":148.8136189282248},"point_estimate":124.99443136328706,"standard_error":13.580884483720446}}