{"mean":{"confidence_interval":{"confidence_level":0.95,"lower_bound":9493.18063510677,"upper_bound":9552.413573473177},"point_estimate":9523.378574971874,"standard_error":15.088937704476676},"median":{"confidence_interval":{"confidence_level":0.95,"lower_bound":9512.752741774675,"upper_bound":9588.670588235294},"point_estimate":9563.8221040079,"standard_error":18.792206671407374},"median_abs_dev":{"confidence_interval":{"confidence_level":0.95,"lower_bound":94.2321287075423,"upper_bound":155.90299879467003},"point_estimate":117.69310685705372,"standard_error":15.683525100446934},"slope":{"confidence_interval":{"confidence_level":0.95,"lower_bound":9527.44283478876,"upper_bound":9571.050083543985},"point_estimate":9548.727560392563,"standard_error":11.17355902979229},"std_dev":{"confidence_interval":{"confidence_level":0.95,"lower_bound":127.61637129530602,"upper_bound":172.7859123896106},"point_estimate":152.02361165231684,"standard_error":11.523046997037346}}