{"mean":{"confidence_interval":{"confidence_level":0.95,"lower_bound":10335.093532858737,"upper_bound":10411.312078102304},"point_estimate":10370.286566101508,"standard_error":19.46853336321427},"median":{"confidence_interval":{"confidence_level":0.95,"lower_bound":10346.55234375,"upper_bound":10381.024038461539},"point_estimate":10362.21382472826,"standard_error":9.441276526942433},"median_abs_dev":{"confidence_interval":{"confidence_level":0.95,"lower_bound":57.66868248057435,"upper_bound":105.49733246228726},"point_estimate":89.66607662780531,"standard_error":12.834717465830021},"slope":{"confidence_interval":{"confidence_level":0.95,"lower_bound":10367.638847079877,"upper_bound":10393.90933816425},"point_estimate":10380.093763484558,"standard_error":6.6966873359565575},"std_dev":{"confidence_interval":{"confidence_level":0.95,"lower_bound":103.88377118828267,"upper_bound":272.10839325303766},"point_estimate":195.94950404861953,"standard_error":42.98726863195426}}