{"mean":{"confidence_interval":{"confidence_level":0.95,"lower_bound":9223.484469114057,"upper_bound":9264.106441056745},"point_estimate":9243.992999349557,"standard_error":10.330335655468353},"median":{"confidence_interval":{"confidence_level":0.95,"lower_bound":9206.269086357948,"upper_bound":9257.401622718053},"point_estimate":9241.517825311943,"standard_error":15.746779742850569},"median_abs_dev":{"confidence_interval":{"confidence_level":0.95,"lower_bound":62.45023711711252,"upper_bound":114.1226298291228},"point_estimate":95.62310402378058,"standard_error":13.970367666798605},"slope":{"confidence_interval":{"confidence_level":0.95,"lower_bound":9195.419838958995,"upper_bound":9219.04349159451},"point_estimate":9206.117979989394,"standard_error":6.028267558265494},"std_dev":{"confidence_interval":{"confidence_level":0.95,"lower_bound":80.57506031349556,"upper_bound":128.13653976259027},"point_estimate":103.87413309665736,"standard_error":12.347490905734462}}