{"mean":{"confidence_interval":{"confidence_level":0.95,"lower_bound":10103.795327205962,"upper_bound":10160.391462480236},"point_estimate":10131.269510805469,"standard_error":14.440540081452973},"median":{"confidence_interval":{"confidence_level":0.95,"lower_bound":10104.132015306122,"upper_bound":10140.707932692309},"point_estimate":10119.764761210074,"standard_error":8.824241129754872},"median_abs_dev":{"confidence_interval":{"confidence_level":0.95,"lower_bound":59.47634143053395,"upper_bound":114.21360302478423},"point_estimate":80.40265357652436,"standard_error":13.570711580261888},"slope":{"confidence_interval":{"confidence_level":0.95,"lower_bound":10119.809874441258,"upper_bound":10154.876800723523},"point_estimate":10136.766232266884,"standard_error":8.971937583211858},"std_dev":{"confidence_interval":{"confidence_level":0.95,"lower_bound":105.44864838420614,"upper_bound":189.43827321777434},"point_estimate":146.20364912969586,"standard_error":22.162898905092057}}