{"mean":{"confidence_interval":{"confidence_level":0.95,"lower_bound":6888.927736270167,"upper_bound":6935.004150196397},"point_estimate":6910.372125990776,"standard_error":11.748472037183793},"median":{"confidence_interval":{"confidence_level":0.95,"lower_bound":6885.320192307692,"upper_bound":6911.868421052632},"point_estimate":6898.939583558096,"standard_error":6.41752896184464},"median_abs_dev":{"confidence_interval":{"confidence_level":0.95,"lower_bound":41.71999552880401,"upper_bound":74.96284691891323},"point_estimate":53.89475937916304,"standard_error":8.60367727400936},"slope":{"confidence_interval":{"confidence_level":0.95,"lower_bound":6912.307949664826,"upper_bound":6971.714007976311},"point_estimate":6937.396445646861,"standard_error":15.400908626860568},"std_dev":{"confidence_interval":{"confidence_level":0.95,"lower_bound":75.91473547346335,"upper_bound":163.9339942243649},"point_estimate":117.89529168790145,"standard_error":23.87617243708294}}