{"mean":{"confidence_interval":{"confidence_level":0.95,"lower_bound":7254.719094543268,"upper_bound":7279.226856647345},"point_estimate":7266.447847817948,"standard_error":6.231729887130697},"median":{"confidence_interval":{"confidence_level":0.95,"lower_bound":7244.478354978355,"upper_bound":7265.402097551185},"point_estimate":7252.96875,"standard_error":5.010677604504765},"median_abs_dev":{"confidence_interval":{"confidence_level":0.95,"lower_bound":32.277569301958074,"upper_bound":56.63900381901776},"point_estimate":41.519106017938995,"standard_error":6.9447317480587065},"slope":{"confidence_interval":{"confidence_level":0.95,"lower_bound":7259.3874629876345,"upper_bound":7293.555129485675},"point_estimate":7274.262496921334,"standard_error":8.82373628103056},"std_dev":{"confidence_interval":{"confidence_level":0.95,"lower_bound":46.64879099020914,"upper_bound":78.3931435466995},"point_estimate":62.696364601588364,"standard_error":8.197030400376374}}