{"mean":{"confidence_interval":{"confidence_level":0.95,"lower_bound":6921.509013437553,"upper_bound":6972.588321613819},"point_estimate":6944.255192126684,"standard_error":13.058199821275613},"median":{"confidence_interval":{"confidence_level":0.95,"lower_bound":6919.48717948718,"upper_bound":6948.651583710407},"point_estimate":6934.315389196867,"standard_error":7.635184153802395},"median_abs_dev":{"confidence_interval":{"confidence_level":0.95,"lower_bound":51.36518629456362,"upper_bound":88.9912418495763},"point_estimate":70.38441864921211,"standard_error":9.506824891379807},"slope":{"confidence_interval":{"confidence_level":0.95,"lower_bound":6919.8262951212655,"upper_bound":6949.879496091277},"point_estimate":6934.769626354139,"standard_error":7.637078908457908},"std_dev":{"confidence_interval":{"confidence_level":0.95,"lower_bound":72.49385744167807,"upper_bound":195.69029391965245},"point_estimate":131.45989410762843,"standard_error":37.109489002725915}}