{"mean":{"confidence_interval":{"confidence_level":0.95,"lower_bound":6361.747499815129,"upper_bound":6380.203795735159},"point_estimate":6370.084194933456,"standard_error":4.743240658999668},"median":{"confidence_interval":{"confidence_level":0.95,"lower_bound":6356.7597609124805,"upper_bound":6365.330357142857},"point_estimate":6362.718205128205,"standard_error":2.2836375991359814},"median_abs_dev":{"confidence_interval":{"confidence_level":0.95,"lower_bound":16.296111503138818,"upper_bound":27.417117291026806},"point_estimate":22.73718258537983,"standard_error":2.8685371760407574},"slope":{"confidence_interval":{"confidence_level":0.95,"lower_bound":6361.022610957597,"upper_bound":6393.835451185683},"point_estimate":6373.299301512241,"standard_error":9.013815406969055},"std_dev":{"confidence_interval":{"confidence_level":0.95,"lower_bound":25.632869925613104,"upper_bound":69.08447875517466},"point_estimate":47.60126506824631,"standard_error":11.79719796658282}}