{"mean":{"confidence_interval":{"confidence_level":0.95,"lower_bound":6922.058977758615,"upper_bound":6967.11601553767},"point_estimate":6942.40477814824,"standard_error":11.549518728730748},"median":{"confidence_interval":{"confidence_level":0.95,"lower_bound":6908.7671517671515,"upper_bound":6931.224511599512},"point_estimate":6918.641282051281,"standard_error":6.452939184892336},"median_abs_dev":{"confidence_interval":{"confidence_level":0.95,"lower_bound":44.83460004014746,"upper_bound":74.45552599328663},"point_estimate":60.654748897523035,"standard_error":7.596889582598302},"slope":{"confidence_interval":{"confidence_level":0.95,"lower_bound":6905.806967117772,"upper_bound":6956.1854965621615},"point_estimate":6927.293520364666,"standard_error":12.99073736213297},"std_dev":{"confidence_interval":{"confidence_level":0.95,"lower_bound":64.58540445203538,"upper_bound":168.81134369494714},"point_estimate":116.54925971051851,"standard_error":29.099122065006878}}