{"mean":{"confidence_interval":{"confidence_level":0.95,"lower_bound":1638530.075512623,"upper_bound":1643170.4741763505},"point_estimate":1640474.6514005417,"standard_error":1209.026349851405},"median":{"confidence_interval":{"confidence_level":0.95,"lower_bound":1637059.8970588236,"upper_bound":1638139.1964285714},"point_estimate":1637584.2454044118,"standard_error":251.93520827008186},"median_abs_dev":{"confidence_interval":{"confidence_level":0.95,"lower_bound":1285.3612051821028,"upper_bound":2839.0411868034503},"point_estimate":2155.878873306442,"standard_error":414.4232804443809},"slope":{"confidence_interval":{"confidence_level":0.95,"lower_bound":1637543.3306790106,"upper_bound":1639385.9036710486},"point_estimate":1638281.8167932613,"standard_error":481.0006180144138},"std_dev":{"confidence_interval":{"confidence_level":0.95,"lower_bound":3098.557373644905,"upper_bound":19176.268291310837},"point_estimate":12142.146430508597,"standard_error":4332.7887149389}}