{"mean":{"confidence_interval":{"confidence_level":0.95,"lower_bound":1797281.6118096043,"upper_bound":1806767.2215545091},"point_estimate":1801347.7728258509,"standard_error":2437.4902858158193},"median":{"confidence_interval":{"confidence_level":0.95,"lower_bound":1796803.6129032257,"upper_bound":1799044.806077694},"point_estimate":1798170.5155187543,"standard_error":631.325358282761},"median_abs_dev":{"confidence_interval":{"confidence_level":0.95,"lower_bound":5619.69232594477,"upper_bound":8988.935212722301},"point_estimate":7061.3925227402415,"standard_error":817.5425460437056},"slope":{"confidence_interval":{"confidence_level":0.95,"lower_bound":1796991.2817085565,"upper_bound":1800144.8494375625},"point_estimate":1798380.6045396777,"standard_error":807.6495141861104},"std_dev":{"confidence_interval":{"confidence_level":0.95,"lower_bound":10164.886905286656,"upper_bound":38296.6325741617},"point_estimate":24689.609705590316,"standard_error":8140.772824363146}}