{"mean":{"confidence_interval":{"confidence_level":0.95,"lower_bound":1707927.2534415321,"upper_bound":1714552.0451787156},"point_estimate":1710696.386530165,"standard_error":1728.9747158994487},"median":{"confidence_interval":{"confidence_level":0.95,"lower_bound":1706848.0666666667,"upper_bound":1708477.875},"point_estimate":1707546.3608712717,"standard_error":393.72034520220717},"median_abs_dev":{"confidence_interval":{"confidence_level":0.95,"lower_bound":2406.0250122845287,"upper_bound":3815.1933337351406},"point_estimate":3025.896102152022,"standard_error":365.735817003097},"slope":{"confidence_interval":{"confidence_level":0.95,"lower_bound":1708437.7628775956,"upper_bound":1717305.206484289},"point_estimate":1711705.1459317275,"standard_error":2427.960631097695},"std_dev":{"confidence_interval":{"confidence_level":0.95,"lower_bound":3855.0274978077837,"upper_bound":27042.9541227805},"point_estimate":17416.567625611744,"standard_error":6180.439796022508}}