{"mean":{"confidence_interval":{"confidence_level":0.95,"lower_bound":6537277.003125,"upper_bound":6611562.9274375},"point_estimate":6567056.99125,"standard_error":19713.515175728462},"median":{"confidence_interval":{"confidence_level":0.95,"lower_bound":6532409.375,"upper_bound":6534031.6875},"point_estimate":6533339.125,"standard_error":470.28078322822887},"median_abs_dev":{"confidence_interval":{"confidence_level":0.95,"lower_bound":3078.43352034688,"upper_bound":5609.324337914586},"point_estimate":4301.949148625135,"standard_error":629.3450495817465},"slope":null,"std_dev":{"confidence_interval":{"confidence_level":0.95,"lower_bound":18444.42972015559,"upper_bound":321784.31479493115},"point_estimate":197612.4687298831,"standard_error":83513.24772422427}}