{"mean":{"confidence_interval":{"confidence_level":0.95,"lower_bound":6296686.38271875,"upper_bound":6346095.70853125},"point_estimate":6321059.79375,"standard_error":12596.797991118592},"median":{"confidence_interval":{"confidence_level":0.95,"lower_bound":6250612.5,"upper_bound":6329712.875},"point_estimate":6282502.125,"standard_error":21248.20031356532},"median_abs_dev":{"confidence_interval":{"confidence_level":0.95,"lower_bound":91321.9499912113,"upper_bound":176764.5571243018},"point_estimate":126474.30270463228,"standard_error":23290.22543786239},"slope":null,"std_dev":{"confidence_interval":{"confidence_level":0.95,"lower_bound":113469.35863342522,"upper_bound":137228.97666104176},"point_estimate":126738.53113368877,"standard_error":6042.894836173102}}