{"mean":{"confidence_interval":{"confidence_level":0.95,"lower_bound":6535142.48375,"upper_bound":6538672.1888125},"point_estimate":6536825.1575,"standard_error":905.705853559946},"median":{"confidence_interval":{"confidence_level":0.95,"lower_bound":6533294.0,"upper_bound":6535440.5},"point_estimate":6534155.0,"standard_error":562.8563913827977},"median_abs_dev":{"confidence_interval":{"confidence_level":0.95,"lower_bound":3843.455106765032,"upper_bound":6114.056966453791},"point_estimate":5117.1938091516495,"standard_error":615.5322281969308},"slope":null,"std_dev":{"confidence_interval":{"confidence_level":0.95,"lower_bound":6829.018848358507,"upper_bound":10941.960472489067},"point_estimate":9093.95068233944,"standard_error":1046.3606448694438}}