{"mean":{"confidence_interval":{"confidence_level":0.95,"lower_bound":6531755.66853125,"upper_bound":6535798.72328125},"point_estimate":6533471.14,"standard_error":1045.0027831234934},"median":{"confidence_interval":{"confidence_level":0.95,"lower_bound":6530132.4375,"upper_bound":6531884.4375},"point_estimate":6530876.9375,"standard_error":456.93108199456026},"median_abs_dev":{"confidence_interval":{"confidence_level":0.95,"lower_bound":2552.91900998913,"upper_bound":4471.987149668857},"point_estimate":3408.8679894804955,"standard_error":525.4719517670076},"slope":null,"std_dev":{"confidence_interval":{"confidence_level":0.95,"lower_bound":4618.845944410924,"upper_bound":16175.739229411325},"point_estimate":10452.48938672064,"standard_error":3494.8956570148935}}