{"mean":{"confidence_interval":{"confidence_level":0.95,"lower_bound":6532107.94646875,"upper_bound":6537839.578406249},"point_estimate":6534315.9975,"standard_error":1548.6847625785256},"median":{"confidence_interval":{"confidence_level":0.95,"lower_bound":6530446.6875,"upper_bound":6532266.875},"point_estimate":6531208.6875,"standard_error":516.9746150619897},"median_abs_dev":{"confidence_interval":{"confidence_level":0.95,"lower_bound":1941.1866780370474,"upper_bound":3778.5913579165936},"point_estimate":2632.726903259754,"standard_error":474.32423881881954},"slope":null,"std_dev":{"confidence_interval":{"confidence_level":0.95,"lower_bound":4076.334998503818,"upper_bound":25700.066175255466},"point_estimate":15520.586009865749,"standard_error":7243.975056353013}}