{"mean":{"confidence_interval":{"confidence_level":0.95,"lower_bound":6543047.343343751,"upper_bound":6594576.41953125},"point_estimate":6563355.73125,"standard_error":13539.192368320864},"median":{"confidence_interval":{"confidence_level":0.95,"lower_bound":6533895.5,"upper_bound":6537494.8125},"point_estimate":6535945.5625,"standard_error":834.7592744328068},"median_abs_dev":{"confidence_interval":{"confidence_level":0.95,"lower_bound":4807.050110595301,"upper_bound":8721.02369517088},"point_estimate":6239.336664229631,"standard_error":1009.1637103229907},"slope":null,"std_dev":{"confidence_interval":{"confidence_level":0.95,"lower_bound":27855.016151758147,"upper_bound":222052.26864648992},"point_estimate":135835.6136814252,"standard_error":57131.50298318447}}