{"mean":{"confidence_interval":{"confidence_level":0.95,"lower_bound":6537791.86075,"upper_bound":6584217.09625},"point_estimate":6556212.39125,"standard_error":12230.826593793903},"median":{"confidence_interval":{"confidence_level":0.95,"lower_bound":6533991.75,"upper_bound":6536842.75},"point_estimate":6535007.375,"standard_error":685.4543671741012},"median_abs_dev":{"confidence_interval":{"confidence_level":0.95,"lower_bound":3821.123444661498,"upper_bound":6866.19846560061},"point_estimate":5488.492440059781,"standard_error":789.6912808871086},"slope":null,"std_dev":{"confidence_interval":{"confidence_level":0.95,"lower_bound":15688.99975688952,"upper_bound":201742.50883718906},"point_estimate":122962.87277093186,"standard_error":52801.06995432706}}