{"mean":{"confidence_interval":{"confidence_level":0.95,"lower_bound":6533036.085,"upper_bound":6536029.59728125},"point_estimate":6534448.7575,"standard_error":763.2906598553143},"median":{"confidence_interval":{"confidence_level":0.95,"lower_bound":6531446.625,"upper_bound":6533085.25},"point_estimate":6532157.25,"standard_error":418.7082729149555},"median_abs_dev":{"confidence_interval":{"confidence_level":0.95,"lower_bound":2976.31481403485,"upper_bound":4832.997926697135},"point_estimate":3733.7427087128162,"standard_error":469.61400256707276},"slope":null,"std_dev":{"confidence_interval":{"confidence_level":0.95,"lower_bound":5673.594554924951,"upper_bound":9291.603168297877},"point_estimate":7649.808938077119,"standard_error":922.8035278795079}}