{"mean":{"confidence_interval":{"confidence_level":0.95,"lower_bound":6527635.015,"upper_bound":6545954.914843749},"point_estimate":6535804.64125,"standard_error":4702.166483122331},"median":{"confidence_interval":{"confidence_level":0.95,"lower_bound":6523843.75,"upper_bound":6525325.25},"point_estimate":6524261.4375,"standard_error":350.37386796676435},"median_abs_dev":{"confidence_interval":{"confidence_level":0.95,"lower_bound":2574.4421917945147,"upper_bound":4906.40747445635},"point_estimate":3477.62356325984,"standard_error":558.4080539756939},"slope":null,"std_dev":{"confidence_interval":{"confidence_level":0.95,"lower_bound":19418.77531841494,"upper_bound":66230.26496288744},"point_estimate":47086.147950394006,"standard_error":11502.888055389541}}