{"mean":{"confidence_interval":{"confidence_level":0.95,"lower_bound":7379981.016178568,"upper_bound":7383344.73367857},"point_estimate":7381542.162857141,"standard_error":859.5189449712173},"median":{"confidence_interval":{"confidence_level":0.95,"lower_bound":7378425.642857143,"upper_bound":7380303.357142857},"point_estimate":7379438.5,"standard_error":428.2683535187134},"median_abs_dev":{"confidence_interval":{"confidence_level":0.95,"lower_bound":2928.2408480139247,"upper_bound":4749.1913156853125},"point_estimate":3908.239430615472,"standard_error":427.8047128150179},"slope":null,"std_dev":{"confidence_interval":{"confidence_level":0.95,"lower_bound":5458.351100398941,"upper_bound":11269.014839926893},"point_estimate":8622.538406372889,"standard_error":1485.6961755928382}}