{"mean":{"confidence_interval":{"confidence_level":0.95,"lower_bound":6534388.181875001,"upper_bound":6537644.37375},"point_estimate":6535886.82,"standard_error":830.9892650669061},"median":{"confidence_interval":{"confidence_level":0.95,"lower_bound":6533172.375,"upper_bound":6534340.75},"point_estimate":6533673.3125,"standard_error":293.3334565533978},"median_abs_dev":{"confidence_interval":{"confidence_level":0.95,"lower_bound":2332.0370960980654,"upper_bound":4635.348817706108},"point_estimate":3353.2704904675484,"standard_error":580.1332048009322},"slope":null,"std_dev":{"confidence_interval":{"confidence_level":0.95,"lower_bound":5214.394151320162,"upper_bound":10991.716994974642},"point_estimate":8356.017178679016,"standard_error":1474.6525366223384}}