{"mean":{"confidence_interval":{"confidence_level":0.95,"lower_bound":6528231.2439375,"upper_bound":6599736.425125},"point_estimate":6553820.96625,"standard_error":20977.21993977008},"median":{"confidence_interval":{"confidence_level":0.95,"lower_bound":6523887.1875,"upper_bound":6525256.6875},"point_estimate":6524621.75,"standard_error":354.2703913361205},"median_abs_dev":{"confidence_interval":{"confidence_level":0.95,"lower_bound":1967.2248400747776,"upper_bound":3297.4876664578915},"point_estimate":2572.4036168307066,"standard_error":332.61894517367193},"slope":null,"std_dev":{"confidence_interval":{"confidence_level":0.95,"lower_bound":20838.71891787141,"upper_bound":360433.0196827823},"point_estimate":211868.28476598728,"standard_error":117628.74639484267}}