{"mean":{"confidence_interval":{"confidence_level":0.95,"lower_bound":6535949.64453125,"upper_bound":6564538.102625},"point_estimate":6547519.0275,"standard_error":7511.425728936175},"median":{"confidence_interval":{"confidence_level":0.95,"lower_bound":6532781.75,"upper_bound":6535425.5},"point_estimate":6533831.875,"standard_error":655.5394838760669},"median_abs_dev":{"confidence_interval":{"confidence_level":0.95,"lower_bound":3290.9989750105888,"upper_bound":6229.236451908946},"point_estimate":3683.797622099519,"standard_error":759.8774874908727},"slope":null,"std_dev":{"confidence_interval":{"confidence_level":0.95,"lower_bound":9220.829812982534,"upper_bound":123306.9169136592},"point_estimate":75536.58577769829,"standard_error":31263.847426767723}}