{"mean":{"confidence_interval":{"confidence_level":0.95,"lower_bound":6523588.443625,"upper_bound":6530392.8304375},"point_estimate":6526282.2575,"standard_error":1792.0078433756012},"median":{"confidence_interval":{"confidence_level":0.95,"lower_bound":6522740.125,"upper_bound":6523948.5},"point_estimate":6523388.125,"standard_error":362.68344345501106},"median_abs_dev":{"confidence_interval":{"confidence_level":0.95,"lower_bound":2132.2567496448755,"upper_bound":3504.5883502811193},"point_estimate":2932.582747936249,"standard_error":345.19414908709985},"slope":null,"std_dev":{"confidence_interval":{"confidence_level":0.95,"lower_bound":3404.4031256932594,"upper_bound":29406.30496151094},"point_estimate":17959.05532606892,"standard_error":7595.656552608313}}