{"mean":{"confidence_interval":{"confidence_level":0.95,"lower_bound":7383964.116749997,"upper_bound":7389494.47332143},"point_estimate":7386296.720000002,"standard_error":1427.1750896548667},"median":{"confidence_interval":{"confidence_level":0.95,"lower_bound":7381880.571428572,"upper_bound":7385165.428571429},"point_estimate":7383696.0,"standard_error":844.1708071547291},"median_abs_dev":{"confidence_interval":{"confidence_level":0.95,"lower_bound":4634.71341771729,"upper_bound":7242.924471412682},"point_estimate":6477.05568500898,"standard_error":656.2398869622724},"slope":null,"std_dev":{"confidence_interval":{"confidence_level":0.95,"lower_bound":6347.16531056655,"upper_bound":22454.123371244874},"point_estimate":14389.378888976458,"standard_error":5029.592512887789}}