{"mean":{"confidence_interval":{"confidence_level":0.95,"lower_bound":7379718.294821432,"upper_bound":7385887.475750002},"point_estimate":7382329.357142858,"standard_error":1596.9819326634188},"median":{"confidence_interval":{"confidence_level":0.95,"lower_bound":7377910.857142857,"upper_bound":7379503.773214286},"point_estimate":7378522.428571429,"standard_error":401.4654533120381},"median_abs_dev":{"confidence_interval":{"confidence_level":0.95,"lower_bound":2977.8020471334457,"upper_bound":5620.96539520755},"point_estimate":4016.998728684115,"standard_error":666.1982218154698},"slope":null,"std_dev":{"confidence_interval":{"confidence_level":0.95,"lower_bound":6334.5812256743,"upper_bound":25013.789083894786},"point_estimate":16023.176170581335,"standard_error":5465.577014938373}}