{"mean":{"confidence_interval":{"confidence_level":0.95,"lower_bound":7381754.950428573,"upper_bound":7385053.668035719},"point_estimate":7383311.1400000015,"standard_error":843.1878712752522},"median":{"confidence_interval":{"confidence_level":0.95,"lower_bound":7379964.714285715,"upper_bound":7382215.428571428},"point_estimate":7381267.571428571,"standard_error":531.9510761956349},"median_abs_dev":{"confidence_interval":{"confidence_level":0.95,"lower_bound":2960.116747447324,"upper_bound":5348.818285038534},"point_estimate":4026.0002285235178,"standard_error":621.9259364124059},"slope":null,"std_dev":{"confidence_interval":{"confidence_level":0.95,"lower_bound":5969.774007582188,"upper_bound":10549.238439072626},"point_estimate":8430.192179264717,"standard_error":1171.207163962918}}