{"mean":{"confidence_interval":{"confidence_level":0.95,"lower_bound":6545993.05203125,"upper_bound":6594551.5749375},"point_estimate":6565965.085,"standard_error":12694.16538184026},"median":{"confidence_interval":{"confidence_level":0.95,"lower_bound":6536213.5,"upper_bound":6539717.5625},"point_estimate":6537627.0625,"standard_error":999.1140943901997},"median_abs_dev":{"confidence_interval":{"confidence_level":0.95,"lower_bound":4734.034378454089,"upper_bound":8429.414812847972},"point_estimate":5769.815785065293,"standard_error":983.3186860371625},"slope":null,"std_dev":{"confidence_interval":{"confidence_level":0.95,"lower_bound":33232.38501441645,"upper_bound":205520.25316823955},"point_estimate":128219.63038758708,"standard_error":49344.295509698386}}