{"mean":{"confidence_interval":{"confidence_level":0.95,"lower_bound":6537007.104125001,"upper_bound":6542382.07},"point_estimate":6539396.17125,"standard_error":1381.7259359942655},"median":{"confidence_interval":{"confidence_level":0.95,"lower_bound":6533854.125,"upper_bound":6536783.3125},"point_estimate":6535812.8125,"standard_error":786.4463193015982},"median_abs_dev":{"confidence_interval":{"confidence_level":0.95,"lower_bound":3923.330180346966,"upper_bound":7073.391811922193},"point_estimate":6087.092179432511,"standard_error":846.5633998692333},"slope":null,"std_dev":{"confidence_interval":{"confidence_level":0.95,"lower_bound":7675.259043557381,"upper_bound":20376.173274809884},"point_estimate":13874.721480069877,"standard_error":3749.0289386980357}}