{"mean":{"confidence_interval":{"confidence_level":0.95,"lower_bound":6537964.423218749,"upper_bound":6581026.95834375},"point_estimate":6554326.4625,"standard_error":11529.380665126315},"median":{"confidence_interval":{"confidence_level":0.95,"lower_bound":6534509.125,"upper_bound":6536633.0},"point_estimate":6535382.5625,"standard_error":518.0936604038766},"median_abs_dev":{"confidence_interval":{"confidence_level":0.95,"lower_bound":3044.982358440757,"upper_bound":5685.214924067259},"point_estimate":4405.175171792507,"standard_error":648.6258756917314},"slope":null,"std_dev":{"confidence_interval":{"confidence_level":0.95,"lower_bound":9775.886624505489,"upper_bound":193722.26797158847},"point_estimate":116007.55372526358,"standard_error":55187.16021904955}}