{"mean":{"confidence_interval":{"confidence_level":0.95,"lower_bound":7384110.106607144,"upper_bound":7389948.471714287},"point_estimate":7386707.722857145,"standard_error":1490.4316977193307},"median":{"confidence_interval":{"confidence_level":0.95,"lower_bound":7381521.642857143,"upper_bound":7383736.285714285},"point_estimate":7382291.857142857,"standard_error":570.1297280974004},"median_abs_dev":{"confidence_interval":{"confidence_level":0.95,"lower_bound":3283.4294417072774,"upper_bound":5745.286698000575},"point_estimate":4384.25992216432,"standard_error":687.7306243383489},"slope":null,"std_dev":{"confidence_interval":{"confidence_level":0.95,"lower_bound":7805.605489517628,"upper_bound":21632.488366175825},"point_estimate":14960.006225172248,"standard_error":3652.5371855445237}}