{"mean":{"confidence_interval":{"confidence_level":0.95,"lower_bound":6534978.9599375,"upper_bound":6536959.76534375},"point_estimate":6535937.51625,"standard_error":506.9158984487742},"median":{"confidence_interval":{"confidence_level":0.95,"lower_bound":6534566.0,"upper_bound":6536462.125},"point_estimate":6535370.0625,"standard_error":499.7118969521979},"median_abs_dev":{"confidence_interval":{"confidence_level":0.95,"lower_bound":3215.01804292202,"upper_bound":5767.86987259984},"point_estimate":4366.071597486734,"standard_error":683.0803973596867},"slope":null,"std_dev":{"confidence_interval":{"confidence_level":0.95,"lower_bound":4020.9254610282537,"upper_bound":6104.529604179652},"point_estimate":5091.219490842199,"standard_error":534.0061550796933}}