{"mean":{"confidence_interval":{"confidence_level":0.95,"lower_bound":6530055.31503125,"upper_bound":6554204.825062499},"point_estimate":6541016.8975,"standard_error":6196.476324319835},"median":{"confidence_interval":{"confidence_level":0.95,"lower_bound":6523704.0,"upper_bound":6526037.75},"point_estimate":6524815.4375,"standard_error":537.7454050307385},"median_abs_dev":{"confidence_interval":{"confidence_level":0.95,"lower_bound":3106.2322698533535,"upper_bound":5005.720823630691},"point_estimate":4092.161252349615,"standard_error":481.6643596195879},"slope":null,"std_dev":{"confidence_interval":{"confidence_level":0.95,"lower_bound":31596.851725087206,"upper_bound":84533.05770246724},"point_estimate":62218.46512567737,"standard_error":13592.637072403715}}