{"mean":{"confidence_interval":{"confidence_level":0.95,"lower_bound":7381099.953857143,"upper_bound":7389978.925392857},"point_estimate":7384827.4457142865,"standard_error":2300.622142027956},"median":{"confidence_interval":{"confidence_level":0.95,"lower_bound":7378922.214285715,"upper_bound":7381144.857142857},"point_estimate":7380244.857142857,"standard_error":620.3740174382584},"median_abs_dev":{"confidence_interval":{"confidence_level":0.95,"lower_bound":3173.293443662977,"upper_bound":5372.201004624367},"point_estimate":4172.248125928282,"standard_error":567.2494048387172},"slope":null,"std_dev":{"confidence_interval":{"confidence_level":0.95,"lower_bound":6839.542658732341,"upper_bound":36364.369451336934},"point_estimate":23120.56318303594,"standard_error":8100.606271751046}}