{"mean":{"confidence_interval":{"confidence_level":0.95,"lower_bound":7398020.198178571,"upper_bound":7476375.759392858},"point_estimate":7432784.861428568,"standard_error":20147.583017629306},"median":{"confidence_interval":{"confidence_level":0.95,"lower_bound":7377852.0,"upper_bound":7381000.857142857},"point_estimate":7379045.071428571,"standard_error":693.4903725092992},"median_abs_dev":{"confidence_interval":{"confidence_level":0.95,"lower_bound":4312.45972343893,"upper_bound":8250.245253529261},"point_estimate":5936.118494613717,"standard_error":1050.283842590284},"slope":null,"std_dev":{"confidence_interval":{"confidence_level":0.95,"lower_bound":80210.12222731189,"upper_bound":286922.44221596315},"point_estimate":202595.96661979315,"standard_error":50750.405133113454}}