{"mean":{"confidence_interval":{"confidence_level":0.95,"lower_bound":6534630.34571875,"upper_bound":6596774.5658125},"point_estimate":6559460.705,"standard_error":16578.32437630782},"median":{"confidence_interval":{"confidence_level":0.95,"lower_bound":6531087.8125,"upper_bound":6533556.5625},"point_estimate":6532468.6875,"standard_error":700.0926872989348},"median_abs_dev":{"confidence_interval":{"confidence_level":0.95,"lower_bound":3807.9259883333034,"upper_bound":6294.563513249159},"point_estimate":4866.541751101613,"standard_error":614.5569997353787},"slope":null,"std_dev":{"confidence_interval":{"confidence_level":0.95,"lower_bound":10471.028588945032,"upper_bound":264659.1861528753},"point_estimate":166308.85967430528,"standard_error":68558.04815891001}}