{"mean":{"confidence_interval":{"confidence_level":0.95,"lower_bound":7382393.187750004,"upper_bound":7384919.859714289},"point_estimate":7383609.670000004,"standard_error":643.1634111946478},"median":{"confidence_interval":{"confidence_level":0.95,"lower_bound":7380850.0,"upper_bound":7383370.785714285},"point_estimate":7381951.357142857,"standard_error":760.8881795700025},"median_abs_dev":{"confidence_interval":{"confidence_level":0.95,"lower_bound":3423.535139219904,"upper_bound":6216.965289626408},"point_estimate":4298.90452367909,"standard_error":758.9852913155535},"slope":null,"std_dev":{"confidence_interval":{"confidence_level":0.95,"lower_bound":5082.025097119464,"upper_bound":7637.038445952697},"point_estimate":6454.968873925383,"standard_error":653.075830223988}}