{"mean":{"confidence_interval":{"confidence_level":0.95,"lower_bound":6533980.57921875,"upper_bound":6577906.03534375},"point_estimate":6552656.09625,"standard_error":11363.020131896199},"median":{"confidence_interval":{"confidence_level":0.95,"lower_bound":6529356.625,"upper_bound":6531773.5},"point_estimate":6530445.375,"standard_error":483.79597271046447},"median_abs_dev":{"confidence_interval":{"confidence_level":0.95,"lower_bound":3109.93876978755,"upper_bound":5467.180065438151},"point_estimate":4307.50889852643,"standard_error":614.4014369234418},"slope":null,"std_dev":{"confidence_interval":{"confidence_level":0.95,"lower_bound":10173.875587556384,"upper_bound":178064.10375413037},"point_estimate":114657.5584613841,"standard_error":41676.43708033567}}