{"mean":{"confidence_interval":{"confidence_level":0.95,"lower_bound":46388492.763125,"upper_bound":46677229.926},"point_estimate":46528977.425,"standard_error":73931.81541024768},"median":{"confidence_interval":{"confidence_level":0.95,"lower_bound":46244056.5,"upper_bound":46497134.25},"point_estimate":46350057.0,"standard_error":75276.8913401242},"median_abs_dev":{"confidence_interval":{"confidence_level":0.95,"lower_bound":415849.2775171995,"upper_bound":825371.5596467257},"point_estimate":607388.2213667035,"standard_error":105201.15313464863},"slope":null,"std_dev":{"confidence_interval":{"confidence_level":0.95,"lower_bound":618554.688521648,"upper_bound":861398.6301182561},"point_estimate":744527.492401797,"standard_error":61685.00530986694}}