{"mean":{"confidence_interval":{"confidence_level":0.95,"lower_bound":42186334.159375,"upper_bound":42330237.37450001},"point_estimate":42255463.81,"standard_error":36652.45288575734},"median":{"confidence_interval":{"confidence_level":0.95,"lower_bound":42118678.5,"upper_bound":42267208.25},"point_estimate":42200132.25,"standard_error":39652.05931223751},"median_abs_dev":{"confidence_interval":{"confidence_level":0.95,"lower_bound":219577.50390172005,"upper_bound":353263.5435283184},"point_estimate":324328.0104920268,"standard_error":35043.59039747398},"slope":null,"std_dev":{"confidence_interval":{"confidence_level":0.95,"lower_bound":269458.5426599594,"upper_bound":467201.3008951164},"point_estimate":369906.48592284345,"standard_error":50945.08387985257}}