{"mean":{"confidence_interval":{"confidence_level":0.95,"lower_bound":42150306.05125,"upper_bound":42542051.43},"point_estimate":42318707.35,"standard_error":101519.33791243882},"median":{"confidence_interval":{"confidence_level":0.95,"lower_bound":42046758.0,"upper_bound":42320688.0},"point_estimate":42232177.0,"standard_error":63136.234614606736},"median_abs_dev":{"confidence_interval":{"confidence_level":0.95,"lower_bound":374888.00544440746,"upper_bound":620981.0685753822},"point_estimate":471858.93932282925,"standard_error":63823.90076036436},"slope":null,"std_dev":{"confidence_interval":{"confidence_level":0.95,"lower_bound":465563.6749531058,"upper_bound":1577072.2311891066},"point_estimate":1015564.9322057145,"standard_error":347063.437379957}}