{"mean":{"confidence_interval":{"confidence_level":0.95,"lower_bound":48075185.938875005,"upper_bound":48317592.02},"point_estimate":48193759.17,"standard_error":62102.06837816697},"median":{"confidence_interval":{"confidence_level":0.95,"lower_bound":47991325.75,"upper_bound":48243540.25},"point_estimate":48094103.0,"standard_error":64408.62541081122},"median_abs_dev":{"confidence_interval":{"confidence_level":0.95,"lower_bound":433979.25129532814,"upper_bound":697497.3860469457},"point_estimate":598227.6067793369,"standard_error":66768.3194200091},"slope":null,"std_dev":{"confidence_interval":{"confidence_level":0.95,"lower_bound":519698.1963672709,"upper_bound":721981.9622030667},"point_estimate":626862.9959086046,"standard_error":51593.350513154925}}