{"mean":{"confidence_interval":{"confidence_level":0.95,"lower_bound":45380498.657375,"upper_bound":46019756.772625},"point_estimate":45694503.37,"standard_error":163078.32066608168},"median":{"confidence_interval":{"confidence_level":0.95,"lower_bound":44956691.75,"upper_bound":45814486.0},"point_estimate":45290114.0,"standard_error":214660.93950315175},"median_abs_dev":{"confidence_interval":{"confidence_level":0.95,"lower_bound":1115968.9474038407,"upper_bound":1896714.9798765779},"point_estimate":1464220.5524548888,"standard_error":199147.99849859896},"slope":null,"std_dev":{"confidence_interval":{"confidence_level":0.95,"lower_bound":1364771.612293174,"upper_bound":1863941.0767555735},"point_estimate":1633060.4649566708,"standard_error":128216.73479225094}}