{"mean":{"confidence_interval":{"confidence_level":0.95,"lower_bound":47389465.5805,"upper_bound":47656144.535},"point_estimate":47518184.865,"standard_error":67807.59208716566},"median":{"confidence_interval":{"confidence_level":0.95,"lower_bound":47210349.5,"upper_bound":47423945.25},"point_estimate":47340710.75,"standard_error":58671.55582343828},"median_abs_dev":{"confidence_interval":{"confidence_level":0.95,"lower_bound":365364.1538634896,"upper_bound":644882.0627510548},"point_estimate":540969.9664458632,"standard_error":75700.74692575773},"slope":null,"std_dev":{"confidence_interval":{"confidence_level":0.95,"lower_bound":534246.0504861788,"upper_bound":821228.8182577289},"point_estimate":682874.7083002126,"standard_error":73399.62741237791}}