{"mean":{"confidence_interval":{"confidence_level":0.95,"lower_bound":9394.037905211144,"upper_bound":9455.681725865035},"point_estimate":9424.275989974303,"standard_error":15.739091340405347},"median":{"confidence_interval":{"confidence_level":0.95,"lower_bound":9350.661340725806,"upper_bound":9411.452780390102},"point_estimate":9371.002867965368,"standard_error":15.101052622579259},"median_abs_dev":{"confidence_interval":{"confidence_level":0.95,"lower_bound":93.0778567230545,"upper_bound":171.6415147063766},"point_estimate":122.72434923519279,"standard_error":20.048772664391347},"slope":{"confidence_interval":{"confidence_level":0.95,"lower_bound":9313.91198487124,"upper_bound":9344.23594980328},"point_estimate":9327.745782572287,"standard_error":7.736690371359325},"std_dev":{"confidence_interval":{"confidence_level":0.95,"lower_bound":132.15092020777243,"upper_bound":179.51348075659433},"point_estimate":157.75452482851205,"standard_error":12.049211082830357}}