{"mean":{"confidence_interval":{"confidence_level":0.95,"lower_bound":9246.466692860893,"upper_bound":9326.169323353495},"point_estimate":9286.162807792643,"standard_error":20.28368438223154},"median":{"confidence_interval":{"confidence_level":0.95,"lower_bound":9221.147928994083,"upper_bound":9373.526315789473},"point_estimate":9322.968661695448,"standard_error":41.794524871609525},"median_abs_dev":{"confidence_interval":{"confidence_level":0.95,"lower_bound":177.56630410210158,"upper_bound":287.50423912654907},"point_estimate":229.7538927159242,"standard_error":29.166880284988515},"slope":{"confidence_interval":{"confidence_level":0.95,"lower_bound":9234.008901876075,"upper_bound":9312.648970677401},"point_estimate":9275.62926759955,"standard_error":20.092384557199722},"std_dev":{"confidence_interval":{"confidence_level":0.95,"lower_bound":179.55954988620684,"upper_bound":228.48804506322057},"point_estimate":203.9548119481871,"standard_error":12.558702116176942}}