{"mean":{"confidence_interval":{"confidence_level":0.95,"lower_bound":9804.872898739546,"upper_bound":9900.178408673184},"point_estimate":9850.732057211595,"standard_error":24.326907397335834},"median":{"confidence_interval":{"confidence_level":0.95,"lower_bound":9742.417582417582,"upper_bound":9805.070321637428},"point_estimate":9770.84612308938,"standard_error":15.543257981553117},"median_abs_dev":{"confidence_interval":{"confidence_level":0.95,"lower_bound":91.05644903910341,"upper_bound":214.49708340891343},"point_estimate":131.86849964007087,"standard_error":33.9848519872716},"slope":{"confidence_interval":{"confidence_level":0.95,"lower_bound":9714.88404823361,"upper_bound":9754.153354970982},"point_estimate":9734.033535490862,"standard_error":10.000024443413446},"std_dev":{"confidence_interval":{"confidence_level":0.95,"lower_bound":189.3384787013277,"upper_bound":295.7301961638152},"point_estimate":244.16440297754022,"standard_error":27.373991009505104}}