{"mean":{"confidence_interval":{"confidence_level":0.95,"lower_bound":9417.148136847121,"upper_bound":9508.771060958483},"point_estimate":9459.773678610936,"standard_error":23.44337245893985},"median":{"confidence_interval":{"confidence_level":0.95,"lower_bound":9361.409039548023,"upper_bound":9440.08076923077},"point_estimate":9398.516393442624,"standard_error":19.234016947398644},"median_abs_dev":{"confidence_interval":{"confidence_level":0.95,"lower_bound":124.54827323125167,"upper_bound":228.2115162541799},"point_estimate":166.6295543704814,"standard_error":26.462741266921796},"slope":{"confidence_interval":{"confidence_level":0.95,"lower_bound":9313.824542252478,"upper_bound":9381.012781465279},"point_estimate":9341.106126594748,"standard_error":17.339498806284805},"std_dev":{"confidence_interval":{"confidence_level":0.95,"lower_bound":162.48486190362007,"upper_bound":317.07228178864057},"point_estimate":234.69778329248723,"standard_error":43.18746436822144}}