{"mean":{"confidence_interval":{"confidence_level":0.95,"lower_bound":-0.012540755525307755,"upper_bound":0.013389881797484904},"point_estimate":0.00005765723809769696,"standard_error":0.006587950101961807},"median":{"confidence_interval":{"confidence_level":0.95,"lower_bound":0.0019342499201448777,"upper_bound":0.009369963936532999},"point_estimate":0.006041949409579139,"standard_error":0.0019004104827993259}}