{"mean":{"confidence_interval":{"confidence_level":0.95,"lower_bound":-0.00006885553281728762,"upper_bound":0.01774115903175708},"point_estimate":0.008425356925510163,"standard_error":0.004542298214377266},"median":{"confidence_interval":{"confidence_level":0.95,"lower_bound":-0.006810728583786396,"upper_bound":0.008718147768146611},"point_estimate":0.00054981962054379,"standard_error":0.003976498111806877}}