{"mean":{"confidence_interval":{"confidence_level":0.95,"lower_bound":-0.0017399502184521414,"upper_bound":0.0259660971344346},"point_estimate":0.013361726650831462,"standard_error":0.007119990642640902},"median":{"confidence_interval":{"confidence_level":0.95,"lower_bound":0.01253419087874108,"upper_bound":0.03336258538730757},"point_estimate":0.0205365570433651,"standard_error":0.005402660698085169}}