{"mean":{"confidence_interval":{"confidence_level":0.95,"lower_bound":0.07103820961972417,"upper_bound":0.09406446926205948},"point_estimate":0.08181841774553367,"standard_error":0.0059147299378810424},"median":{"confidence_interval":{"confidence_level":0.95,"lower_bound":0.08341573632669852,"upper_bound":0.09969703873840041},"point_estimate":0.08989427994327226,"standard_error":0.004029814699259011}}