{"mean":{"confidence_interval":{"confidence_level":0.95,"lower_bound":1.2072394269844415,"upper_bound":1.2599176674715769},"point_estimate":1.2336556976808501,"standard_error":0.01345605042483429},"median":{"confidence_interval":{"confidence_level":0.95,"lower_bound":1.2635824577499424,"upper_bound":1.2747664743225522},"point_estimate":1.2699361679578316,"standard_error":0.0029558164378278074}}