{"mean":{"confidence_interval":{"confidence_level":0.95,"lower_bound":0.008542552926168345,"upper_bound":0.032673452126724054},"point_estimate":0.0208471856370247,"standard_error":0.0061651883499107725},"median":{"confidence_interval":{"confidence_level":0.95,"lower_bound":0.021067614859785477,"upper_bound":0.03844464604573461},"point_estimate":0.02743197216025095,"standard_error":0.004412688515658032}}