{"mean":{"confidence_interval":{"confidence_level":0.95,"lower_bound":-0.0260247765756372,"upper_bound":0.0033500676546702746},"point_estimate":-0.011250561599564168,"standard_error":0.007521656686598549},"median":{"confidence_interval":{"confidence_level":0.95,"lower_bound":-0.01905498795323113,"upper_bound":-0.010884592181093056},"point_estimate":-0.01583018279756443,"standard_error":0.002071353557138913}}