{"mean":{"confidence_interval":{"confidence_level":0.95,"lower_bound":-0.44086289452760247,"upper_bound":-0.4338255220842335},"point_estimate":-0.4372489226486277,"standard_error":0.0018179708831095845},"median":{"confidence_interval":{"confidence_level":0.95,"lower_bound":-0.44100481923720636,"upper_bound":-0.4336086347026484},"point_estimate":-0.4372976554917094,"standard_error":0.001960354007317815}}