{"mean":{"confidence_interval":{"confidence_level":0.95,"lower_bound":-0.022386796143966662,"upper_bound":0.004666889951633723},"point_estimate":-0.010383782518475715,"standard_error":0.006776159179505529},"median":{"confidence_interval":{"confidence_level":0.95,"lower_bound":-0.029059164768102663,"upper_bound":-0.011261974605159653},"point_estimate":-0.018953016416519697,"standard_error":0.004541390999624621}}