{"mean":{"confidence_interval":{"confidence_level":0.95,"lower_bound":1.0368773090180279,"upper_bound":1.0771388675566422},"point_estimate":1.057146068178222,"standard_error":0.010303928543194892},"median":{"confidence_interval":{"confidence_level":0.95,"lower_bound":1.0658336369838324,"upper_bound":1.078035247796076},"point_estimate":1.0740026305043155,"standard_error":0.0031015892146928343}}