{"mean":{"confidence_interval":{"confidence_level":0.95,"lower_bound":-0.016830300247914903,"upper_bound":0.001505763622856815},"point_estimate":-0.007863491803533629,"standard_error":0.00470646317545673},"median":{"confidence_interval":{"confidence_level":0.95,"lower_bound":-0.01824282221150686,"upper_bound":-0.0026012595069671977},"point_estimate":-0.007206982986968979,"standard_error":0.004155648793143463}}