{"mean":{"confidence_interval":{"confidence_level":0.95,"lower_bound":0.7485055371645116,"upper_bound":0.7733656964851553},"point_estimate":0.7617409944791347,"standard_error":0.006320594042890774},"median":{"confidence_interval":{"confidence_level":0.95,"lower_bound":0.7485085439908594,"upper_bound":0.7740973206228439},"point_estimate":0.7594779109214591,"standard_error":0.006913230745705578}}