{"mean":{"confidence_interval":{"confidence_level":0.95,"lower_bound":-0.5199453424727409,"upper_bound":-0.5085930553794052},"point_estimate":-0.5148358308184071,"standard_error":0.0028130226002349035},"median":{"confidence_interval":{"confidence_level":0.95,"lower_bound":-0.5219064964694256,"upper_bound":-0.519895149226618},"point_estimate":-0.5209914790951541,"standard_error":0.0004966646841797912}}