{"mean":{"confidence_interval":{"confidence_level":0.95,"lower_bound":-0.021417152847475942,"upper_bound":0.0005135573099483214},"point_estimate":-0.010418410369558706,"standard_error":0.005594214982508039},"median":{"confidence_interval":{"confidence_level":0.95,"lower_bound":-0.013146441017880428,"upper_bound":0.005136385191937043},"point_estimate":-0.003962279834858862,"standard_error":0.00445154459239266}}