{"mean":{"confidence_interval":{"confidence_level":0.95,"lower_bound":-0.027288581871931474,"upper_bound":-0.005432173299980986},"point_estimate":-0.016570671821455107,"standard_error":0.005542404644067164},"median":{"confidence_interval":{"confidence_level":0.95,"lower_bound":-0.02773422020994165,"upper_bound":-0.016296209464485956},"point_estimate":-0.022156170270947073,"standard_error":0.00281960436984818}}