{"mean":{"confidence_interval":{"confidence_level":0.95,"lower_bound":-0.0061754496705851815,"upper_bound":0.006329653985170589},"point_estimate":0.00003902519586040931,"standard_error":0.0032050599633700666},"median":{"confidence_interval":{"confidence_level":0.95,"lower_bound":-0.008134069414426626,"upper_bound":0.014746353526994715},"point_estimate":0.0016636905578966132,"standard_error":0.005980935231309229}}