{"mean":{"confidence_interval":{"confidence_level":0.95,"lower_bound":0.02362459894135859,"upper_bound":0.05624925713705479},"point_estimate":0.039372959509101246,"standard_error":0.008334737250722458},"median":{"confidence_interval":{"confidence_level":0.95,"lower_bound":0.034458146691105807,"upper_bound":0.04715928182790097},"point_estimate":0.044002927095821764,"standard_error":0.0030152302927589393}}