{"mean":{"confidence_interval":{"confidence_level":0.95,"lower_bound":-0.4975145618869813,"upper_bound":-0.48882356236609725},"point_estimate":-0.4931870029402714,"standard_error":0.0022164748854443775},"median":{"confidence_interval":{"confidence_level":0.95,"lower_bound":-0.49742424953845266,"upper_bound":-0.4959614099361333},"point_estimate":-0.496702213517068,"standard_error":0.00041423170877927744}}