{"mean":{"confidence_interval":{"confidence_level":0.95,"lower_bound":-0.020993674928125497,"upper_bound":0.00047561176230909993},"point_estimate":-0.010219705431842696,"standard_error":0.005474551285569977},"median":{"confidence_interval":{"confidence_level":0.95,"lower_bound":-0.007244913532753141,"upper_bound":-0.0030043323164045204},"point_estimate":-0.004889675246454672,"standard_error":0.0011110176840845244}}