{"mean":{"confidence_interval":{"confidence_level":0.95,"lower_bound":-0.026508838619083562,"upper_bound":-0.005288700416856138},"point_estimate":-0.01592265520797076,"standard_error":0.005378961102304154},"median":{"confidence_interval":{"confidence_level":0.95,"lower_bound":-0.019112211095935763,"upper_bound":0.00021781392849956548},"point_estimate":-0.008478466235685378,"standard_error":0.0048795178928073245}}