{"mean":{"confidence_interval":{"confidence_level":0.95,"lower_bound":-0.00889292622641946,"upper_bound":0.017862359970179636},"point_estimate":0.004725906006296077,"standard_error":0.006901605618055062},"median":{"confidence_interval":{"confidence_level":0.95,"lower_bound":-0.006807973291827807,"upper_bound":-0.0008201613693363807},"point_estimate":-0.0029152649198530556,"standard_error":0.001568300183423922}}