{"mean":{"confidence_interval":{"confidence_level":0.95,"lower_bound":0.3017435326348715,"upper_bound":0.322984191219269},"point_estimate":0.3121633217975843,"standard_error":0.00543257960435526},"median":{"confidence_interval":{"confidence_level":0.95,"lower_bound":0.2876356937458793,"upper_bound":0.3163949197903435},"point_estimate":0.2986590716418611,"standard_error":0.007524322862346454}}