{"mean":{"confidence_interval":{"confidence_level":0.95,"lower_bound":-0.05869403682629518,"upper_bound":-0.013678081876967892},"point_estimate":-0.03968385057032808,"standard_error":0.01179180189392875},"median":{"confidence_interval":{"confidence_level":0.95,"lower_bound":-0.06441777127888038,"upper_bound":-0.04600062288368645},"point_estimate":-0.05438193533971458,"standard_error":0.0046237257576110255}}