{"mean":{"confidence_interval":{"confidence_level":0.95,"lower_bound":0.08790734715194992,"upper_bound":0.10897883920862302},"point_estimate":0.09808755802851676,"standard_error":0.005364671689761388},"median":{"confidence_interval":{"confidence_level":0.95,"lower_bound":0.08067865448232969,"upper_bound":0.10997311398605114},"point_estimate":0.0924157238455876,"standard_error":0.007471445303815406}}