{"mean":{"confidence_interval":{"confidence_level":0.95,"lower_bound":0.8531816050152914,"upper_bound":0.8897168738962238},"point_estimate":0.8719083716006062,"standard_error":0.009327741564750571},"median":{"confidence_interval":{"confidence_level":0.95,"lower_bound":0.8806459112866258,"upper_bound":0.8887847726993126},"point_estimate":0.8855763533723455,"standard_error":0.0020454176598082145}}