{"mean":{"confidence_interval":{"confidence_level":0.95,"lower_bound":-0.008912556729610143,"upper_bound":0.017518932194440336},"point_estimate":0.0039258966161739295,"standard_error":0.006793045038991954},"median":{"confidence_interval":{"confidence_level":0.95,"lower_bound":0.0012701074439347426,"upper_bound":0.009117072035222051},"point_estimate":0.004761499345842468,"standard_error":0.0020454674489082166}}