{"mean":{"confidence_interval":{"confidence_level":0.95,"lower_bound":-0.02716662152508536,"upper_bound":-0.0004728059166875861},"point_estimate":-0.014150019433838534,"standard_error":0.006833953357166207},"median":{"confidence_interval":{"confidence_level":0.95,"lower_bound":-0.009821575649770042,"upper_bound":-0.005497698413761909},"point_estimate":-0.007817998473441667,"standard_error":0.0011228562091780264}}