{"mean":{"confidence_interval":{"confidence_level":0.95,"lower_bound":0.03088651669919508,"upper_bound":0.056534492186796084},"point_estimate":0.042915759818582755,"standard_error":0.0065376096345914035},"median":{"confidence_interval":{"confidence_level":0.95,"lower_bound":0.040000015036514874,"upper_bound":0.04583745659472904},"point_estimate":0.04337978232858197,"standard_error":0.001463505660552539}}