{"mean":{"confidence_interval":{"confidence_level":0.95,"lower_bound":0.02402559736316111,"upper_bound":0.039590290879542696},"point_estimate":0.03169389107970089,"standard_error":0.0039881731865865945},"median":{"confidence_interval":{"confidence_level":0.95,"lower_bound":0.02344828343224009,"upper_bound":0.04310024962135084},"point_estimate":0.0348764405186659,"standard_error":0.005011245142327612}}