{"mean":{"confidence_interval":{"confidence_level":0.95,"lower_bound":-0.02672425499414531,"upper_bound":0.02044978332331505},"point_estimate":-0.003562900159015947,"standard_error":0.01200520010167786},"median":{"confidence_interval":{"confidence_level":0.95,"lower_bound":-0.030746585489261125,"upper_bound":-0.019157015224805396},"point_estimate":-0.025953634306633777,"standard_error":0.007384474818145464}}