{"mean":{"confidence_interval":{"confidence_level":0.95,"lower_bound":-0.054439172514454286,"upper_bound":-0.030551496742296815},"point_estimate":-0.042626252997929104,"standard_error":0.006099851021132058},"median":{"confidence_interval":{"confidence_level":0.95,"lower_bound":-0.04798206916248415,"upper_bound":-0.04227610289640493},"point_estimate":-0.045958211048960584,"standard_error":0.0014493576057557466}}