{"mean":{"confidence_interval":{"confidence_level":0.95,"lower_bound":-0.445165654624718,"upper_bound":-0.432363680136328},"point_estimate":-0.4392219721973266,"standard_error":0.003193632651826571},"median":{"confidence_interval":{"confidence_level":0.95,"lower_bound":-0.44641494048955344,"upper_bound":-0.44308973376292005},"point_estimate":-0.4450262692990449,"standard_error":0.0008007656178914946}}