{"mean":{"confidence_interval":{"confidence_level":0.95,"lower_bound":-0.0275748888024949,"upper_bound":-0.014803601710842272},"point_estimate":-0.021791006987450512,"standard_error":0.0032318045248993493},"median":{"confidence_interval":{"confidence_level":0.95,"lower_bound":-0.026373702708209934,"upper_bound":-0.013758829761413627},"point_estimate":-0.02085423040436407,"standard_error":0.0030784462987341345}}