{"mean":{"confidence_interval":{"confidence_level":0.95,"lower_bound":-0.2604661199903293,"upper_bound":-0.22731910916193596},"point_estimate":-0.24221152981286165,"standard_error":0.008490041958590799},"median":{"confidence_interval":{"confidence_level":0.95,"lower_bound":-0.2542001631912407,"upper_bound":-0.24310868393872476},"point_estimate":-0.2480624251867125,"standard_error":0.0026438406247510644}}