{"mean":{"confidence_interval":{"confidence_level":0.95,"lower_bound":-0.015111716263155885,"upper_bound":0.008575760656045536},"point_estimate":-0.003208873209318175,"standard_error":0.006089665894144111},"median":{"confidence_interval":{"confidence_level":0.95,"lower_bound":-0.004292914248294255,"upper_bound":0.0005776325440107755},"point_estimate":-0.0021387588417675074,"standard_error":0.0013066984825165404}}