{"mean":{"confidence_interval":{"confidence_level":0.95,"lower_bound":-0.01784144352441834,"upper_bound":0.010719830788500981},"point_estimate":-0.0037123576169045824,"standard_error":0.007255224817354034},"median":{"confidence_interval":{"confidence_level":0.95,"lower_bound":-0.0016206572719644763,"upper_bound":0.006535345610195753},"point_estimate":0.0030870342050242083,"standard_error":0.0021154561148156166}}