{"mean":{"confidence_interval":{"confidence_level":0.95,"lower_bound":-0.008166886069775215,"upper_bound":0.021165643588322847},"point_estimate":0.006330722442042358,"standard_error":0.0074686396758519525},"median":{"confidence_interval":{"confidence_level":0.95,"lower_bound":-0.003321109913760778,"upper_bound":0.0031203982638252636},"point_estimate":-0.0006632877720398334,"standard_error":0.0016229402491156739}}