{"mean":{"confidence_interval":{"confidence_level":0.95,"lower_bound":0.5025136782193145,"upper_bound":0.5178755341395987},"point_estimate":0.5101443633798135,"standard_error":0.003926098251077034},"median":{"confidence_interval":{"confidence_level":0.95,"lower_bound":0.4969519847993069,"upper_bound":0.5163250566799993},"point_estimate":0.504703602352274,"standard_error":0.0049784515624319535}}