{"mean":{"confidence_interval":{"confidence_level":0.95,"lower_bound":-0.048023611062594125,"upper_bound":-0.02421966606035233},"point_estimate":-0.03617824414192383,"standard_error":0.006094467966208891},"median":{"confidence_interval":{"confidence_level":0.95,"lower_bound":-0.039909123203565766,"upper_bound":-0.03312861042885662},"point_estimate":-0.03582522990216763,"standard_error":0.0017900317597489895}}