{"mean":{"confidence_interval":{"confidence_level":0.95,"lower_bound":-0.006927126860844593,"upper_bound":0.02479893979943032},"point_estimate":0.00834260203347803,"standard_error":0.008095439085803895},"median":{"confidence_interval":{"confidence_level":0.95,"lower_bound":0.0008476799515153566,"upper_bound":0.0073469138732381615},"point_estimate":0.0033339054006236157,"standard_error":0.0017067965756825702}}