{"mean":{"confidence_interval":{"confidence_level":0.95,"lower_bound":0.0038992124999327146,"upper_bound":0.034297967125122356},"point_estimate":0.01946285728616637,"standard_error":0.007749103903565239},"median":{"confidence_interval":{"confidence_level":0.95,"lower_bound":0.01446428985863557,"upper_bound":0.019925370498559136},"point_estimate":0.017448368978987494,"standard_error":0.001351565553685931}}