{"mean":{"confidence_interval":{"confidence_level":0.95,"lower_bound":68411.2668368983,"upper_bound":68553.1443436716},"point_estimate":68483.66249551087,"standard_error":36.20372929980528},"median":{"confidence_interval":{"confidence_level":0.95,"lower_bound":68472.19172203765,"upper_bound":68601.7},"point_estimate":68529.95595999225,"standard_error":33.1344778213337},"median_abs_dev":{"confidence_interval":{"confidence_level":0.95,"lower_bound":185.0700109726933,"upper_bound":329.37443434482896},"point_estimate":242.33116515952534,"standard_error":37.978917447297796},"slope":{"confidence_interval":{"confidence_level":0.95,"lower_bound":68567.73415387912,"upper_bound":68679.20389585172},"point_estimate":68621.00046056845,"standard_error":28.337733731518004},"std_dev":{"confidence_interval":{"confidence_level":0.95,"lower_bound":275.634584941337,"upper_bound":454.68070055276223},"point_estimate":364.30935062462265,"standard_error":46.30215516702978}}