{"mean":{"confidence_interval":{"confidence_level":0.95,"lower_bound":81416.74431826458,"upper_bound":81749.38610457591},"point_estimate":81572.59466596629,"standard_error":85.2398937935492},"median":{"confidence_interval":{"confidence_level":0.95,"lower_bound":81446.62847222222,"upper_bound":81554.97210126583},"point_estimate":81502.1265095729,"standard_error":32.603545628431235},"median_abs_dev":{"confidence_interval":{"confidence_level":0.95,"lower_bound":260.03912648372113,"upper_bound":579.1992903925457},"point_estimate":400.8942200537644,"standard_error":83.69573899231874},"slope":{"confidence_interval":{"confidence_level":0.95,"lower_bound":81634.88780975548,"upper_bound":82125.4166781344},"point_estimate":81835.09216018916,"standard_error":128.84654558146843},"std_dev":{"confidence_interval":{"confidence_level":0.95,"lower_bound":503.5100176271088,"upper_bound":1161.1766413699327},"point_estimate":857.6335100608621,"standard_error":167.70756884111665}}