{"mean":{"confidence_interval":{"confidence_level":0.95,"lower_bound":61020.950366317185,"upper_bound":61156.603098048305},"point_estimate":61089.2049305333,"standard_error":34.65633355666284},"median":{"confidence_interval":{"confidence_level":0.95,"lower_bound":61096.13285024155,"upper_bound":61206.48809523809},"point_estimate":61170.913175975176,"standard_error":29.42970725629454},"median_abs_dev":{"confidence_interval":{"confidence_level":0.95,"lower_bound":181.25329751740358,"upper_bound":400.2556301691235},"point_estimate":284.97858903944586,"standard_error":57.371618174389184},"slope":{"confidence_interval":{"confidence_level":0.95,"lower_bound":61204.3487353688,"upper_bound":61301.087541115325},"point_estimate":61251.5952455544,"standard_error":24.739099566682523},"std_dev":{"confidence_interval":{"confidence_level":0.95,"lower_bound":295.7645961717156,"upper_bound":394.6174176543131},"point_estimate":347.79591000550516,"standard_error":25.1665051870778}}