{"mean":{"confidence_interval":{"confidence_level":0.95,"lower_bound":55323.81660520282,"upper_bound":55961.940690287076},"point_estimate":55577.20107864982,"standard_error":167.32448685934696},"median":{"confidence_interval":{"confidence_level":0.95,"lower_bound":55362.103832442066,"upper_bound":55485.70265151515},"point_estimate":55431.372641509435,"standard_error":35.50900016447783},"median_abs_dev":{"confidence_interval":{"confidence_level":0.95,"lower_bound":187.24585781654355,"upper_bound":373.19518699783856},"point_estimate":279.0032186043971,"standard_error":46.79269386108422},"slope":{"confidence_interval":{"confidence_level":0.95,"lower_bound":55486.967106619224,"upper_bound":56036.00659116324},"point_estimate":55678.26309492143,"standard_error":151.34013913725548},"std_dev":{"confidence_interval":{"confidence_level":0.95,"lower_bound":340.74938340181507,"upper_bound":2744.5293800318345},"point_estimate":1679.0237861053993,"standard_error":698.1852342946564}}