{"mean":{"confidence_interval":{"confidence_level":0.95,"lower_bound":7380381.851607137,"upper_bound":7383934.970499997},"point_estimate":7382062.3471428575,"standard_error":907.9521901881014},"median":{"confidence_interval":{"confidence_level":0.95,"lower_bound":7378933.142857144,"upper_bound":7380571.5},"point_estimate":7379592.714285715,"standard_error":512.8532041407755},"median_abs_dev":{"confidence_interval":{"confidence_level":0.95,"lower_bound":3536.954037206316,"upper_bound":6606.465482711792},"point_estimate":4763.805515425349,"standard_error":745.2825696673202},"slope":null,"std_dev":{"confidence_interval":{"confidence_level":0.95,"lower_bound":6629.995847048826,"upper_bound":11211.859034195753},"point_estimate":9127.693797917695,"standard_error":1172.6256166184194}}