{"mean":{"confidence_interval":{"confidence_level":0.95,"lower_bound":14599383.047500001,"upper_bound":14671123.915624999},"point_estimate":14626547.855,"standard_error":19656.0963077356},"median":{"confidence_interval":{"confidence_level":0.95,"lower_bound":14593237.125,"upper_bound":14612179.5},"point_estimate":14601890.375,"standard_error":4529.84185499374},"median_abs_dev":{"confidence_interval":{"confidence_level":0.95,"lower_bound":28409.39537063241,"upper_bound":53461.443100869656},"point_estimate":38104.30192351341,"standard_error":6575.463415376709},"slope":null,"std_dev":{"confidence_interval":{"confidence_level":0.95,"lower_bound":44178.27004201953,"upper_bound":330828.5419405657},"point_estimate":197823.84487895,"standard_error":96644.4924663822}}