{"mean":{"confidence_interval":{"confidence_level":0.95,"lower_bound":7381686.521785713,"upper_bound":7405236.092642858},"point_estimate":7391252.521428572,"standard_error":6186.7837210306425},"median":{"confidence_interval":{"confidence_level":0.95,"lower_bound":7378003.285714285,"upper_bound":7380165.857142857},"point_estimate":7379111.428571429,"standard_error":439.5403002247869},"median_abs_dev":{"confidence_interval":{"confidence_level":0.95,"lower_bound":3194.473443286562,"upper_bound":5804.4847969490065},"point_estimate":4736.483315910316,"standard_error":687.1626294263851},"slope":null,"std_dev":{"confidence_interval":{"confidence_level":0.95,"lower_bound":9200.069874725037,"upper_bound":101440.31877299766},"point_estimate":62403.85856591573,"standard_error":25207.584132457992}}