{"mean":{"confidence_interval":{"confidence_level":0.95,"lower_bound":6533147.142281249,"upper_bound":6536521.08196875},"point_estimate":6534700.01125,"standard_error":863.9087618575913},"median":{"confidence_interval":{"confidence_level":0.95,"lower_bound":6531586.3125,"upper_bound":6533196.125},"point_estimate":6532425.375,"standard_error":384.39258573800055},"median_abs_dev":{"confidence_interval":{"confidence_level":0.95,"lower_bound":2449.996456503868,"upper_bound":4279.710149019957},"point_estimate":3199.080093204975,"standard_error":454.7472197455194},"slope":null,"std_dev":{"confidence_interval":{"confidence_level":0.95,"lower_bound":5272.45131548612,"upper_bound":11629.609237488947},"point_estimate":8682.567673869897,"standard_error":1630.1337186318613}}