{"mean":{"confidence_interval":{"confidence_level":0.95,"lower_bound":6534045.9609062495,"upper_bound":6567728.03540625},"point_estimate":6547818.94875,"standard_error":8808.184774314872},"median":{"confidence_interval":{"confidence_level":0.95,"lower_bound":6530159.625,"upper_bound":6532474.375},"point_estimate":6531298.8125,"standard_error":604.9151006991221},"median_abs_dev":{"confidence_interval":{"confidence_level":0.95,"lower_bound":3197.868531038985,"upper_bound":5272.403493896127},"point_estimate":4055.0962530076504,"standard_error":528.0427869915347},"slope":null,"std_dev":{"confidence_interval":{"confidence_level":0.95,"lower_bound":12228.69937543808,"upper_bound":142578.23621035265},"point_estimate":88648.75613850821,"standard_error":34984.43392421911}}