{"mean":{"confidence_interval":{"confidence_level":0.95,"lower_bound":6544206.50584375,"upper_bound":6590484.06246875},"point_estimate":6564845.86,"standard_error":11903.404050718766},"median":{"confidence_interval":{"confidence_level":0.95,"lower_bound":6533559.25,"upper_bound":6535701.25},"point_estimate":6534125.75,"standard_error":561.0352425038964},"median_abs_dev":{"confidence_interval":{"confidence_level":0.95,"lower_bound":3620.506819160655,"upper_bound":6843.588816002011},"point_estimate":4554.547119140625,"standard_error":873.1377640632608},"slope":null,"std_dev":{"confidence_interval":{"confidence_level":0.95,"lower_bound":49542.94237697133,"upper_bound":168419.27597309815},"point_estimate":119500.76355602214,"standard_error":29435.062851728213}}