{"mean":{"confidence_interval":{"confidence_level":0.95,"lower_bound":7380140.367642856,"upper_bound":7383168.387071428},"point_estimate":7381570.654285713,"standard_error":776.9546700617899},"median":{"confidence_interval":{"confidence_level":0.95,"lower_bound":7378987.428571429,"upper_bound":7380276.428571429},"point_estimate":7379629.071428571,"standard_error":361.22241728423876},"median_abs_dev":{"confidence_interval":{"confidence_level":0.95,"lower_bound":2455.050533914924,"upper_bound":4838.258509103915},"point_estimate":3821.2955321585414,"standard_error":606.4820992902968},"slope":null,"std_dev":{"confidence_interval":{"confidence_level":0.95,"lower_bound":5369.711787425702,"upper_bound":9787.235603788511},"point_estimate":7791.28830061465,"standard_error":1126.3728003665583}}