{"mean":{"confidence_interval":{"confidence_level":0.95,"lower_bound":6544505.8975,"upper_bound":6584405.36990625},"point_estimate":6561839.4,"standard_error":10290.43582177336},"median":{"confidence_interval":{"confidence_level":0.95,"lower_bound":6535089.25,"upper_bound":6536856.25},"point_estimate":6535891.4375,"standard_error":434.39196567558247},"median_abs_dev":{"confidence_interval":{"confidence_level":0.95,"lower_bound":2963.2540348917246,"upper_bound":5105.0735543668225},"point_estimate":4014.2320912331343,"standard_error":531.2190555814602},"slope":null,"std_dev":{"confidence_interval":{"confidence_level":0.95,"lower_bound":33700.37719945775,"upper_bound":151285.43365242775},"point_estimate":103251.53120557014,"standard_error":29127.89899098253}}