{"mean":{"confidence_interval":{"confidence_level":0.95,"lower_bound":7380432.467285712,"upper_bound":7382839.481678569},"point_estimate":7381576.320000002,"standard_error":612.2119189805462},"median":{"confidence_interval":{"confidence_level":0.95,"lower_bound":7379607.928571429,"upper_bound":7380960.0},"point_estimate":7380234.5,"standard_error":360.94096056348684},"median_abs_dev":{"confidence_interval":{"confidence_level":0.95,"lower_bound":3065.5931455752366,"upper_bound":5341.172305175828},"point_estimate":4218.102825113607,"standard_error":596.6686956658993},"slope":null,"std_dev":{"confidence_interval":{"confidence_level":0.95,"lower_bound":4418.986445652606,"upper_bound":7684.951943853772},"point_estimate":6157.549266329293,"standard_error":836.345342454776}}