{"mean":{"confidence_interval":{"confidence_level":0.95,"lower_bound":6537729.717,"upper_bound":6572744.63425},"point_estimate":6552198.7575,"standard_error":9190.453563231547},"median":{"confidence_interval":{"confidence_level":0.95,"lower_bound":6533577.375,"upper_bound":6536367.75},"point_estimate":6535029.5,"standard_error":620.7491707131119},"median_abs_dev":{"confidence_interval":{"confidence_level":0.95,"lower_bound":3785.8190327882767,"upper_bound":6201.4377024024725},"point_estimate":4869.136301055551,"standard_error":612.9370792902835},"slope":null,"std_dev":{"confidence_interval":{"confidence_level":0.95,"lower_bound":11460.338706185497,"upper_bound":148796.26536402182},"point_estimate":92954.89215736989,"standard_error":36218.78231994143}}