{"mean":{"confidence_interval":{"confidence_level":0.95,"lower_bound":6523670.9549687505,"upper_bound":6531197.132250001},"point_estimate":6526880.1225,"standard_error":1950.5297146013525},"median":{"confidence_interval":{"confidence_level":0.95,"lower_bound":6521515.3125,"upper_bound":6522862.875},"point_estimate":6522232.25,"standard_error":356.02480099852437},"median_abs_dev":{"confidence_interval":{"confidence_level":0.95,"lower_bound":1741.4989940822124,"upper_bound":3264.129167050123},"point_estimate":2499.0149181336164,"standard_error":405.44440094587713},"slope":null,"std_dev":{"confidence_interval":{"confidence_level":0.95,"lower_bound":5287.546104195653,"upper_bound":30768.46393263654},"point_estimate":19719.178425078837,"standard_error":6579.281214322026}}