{"mean":{"confidence_interval":{"confidence_level":0.95,"lower_bound":-0.04877373477520519,"upper_bound":-0.019194146568800172},"point_estimate":-0.0347049927284625,"standard_error":0.007504008030501284},"median":{"confidence_interval":{"confidence_level":0.95,"lower_bound":-0.042615893585349514,"upper_bound":-0.036451555083946596},"point_estimate":-0.04030584427773343,"standard_error":0.0015646784981241707}}