{"mean":{"confidence_interval":{"confidence_level":0.95,"lower_bound":-0.001699786191538781,"upper_bound":0.03289234658858495},"point_estimate":0.014999641770724992,"standard_error":0.008796218383990388},"median":{"confidence_interval":{"confidence_level":0.95,"lower_bound":0.0050007240475358015,"upper_bound":0.018967862561719562},"point_estimate":0.01039864423133885,"standard_error":0.003762994488045394}}