{"mean":{"confidence_interval":{"confidence_level":0.95,"lower_bound":0.018847658704657114,"upper_bound":0.050193726604033484},"point_estimate":0.03422526793021796,"standard_error":0.007959022545909508},"median":{"confidence_interval":{"confidence_level":0.95,"lower_bound":0.033633821361003235,"upper_bound":0.04207369408819428},"point_estimate":0.03741954629839639,"standard_error":0.0021454562553402767}}