{"mean":{"confidence_interval":{"confidence_level":0.95,"lower_bound":0.021280621425268115,"upper_bound":0.05221489607268035},"point_estimate":0.03657827303511274,"standard_error":0.007805022163563819},"median":{"confidence_interval":{"confidence_level":0.95,"lower_bound":0.034705937593911385,"upper_bound":0.044122986930065},"point_estimate":0.039936137604904776,"standard_error":0.0023493692555916178}}