{"mean":{"confidence_interval":{"confidence_level":0.95,"lower_bound":0.2788931510772034,"upper_bound":0.30949767105668474},"point_estimate":0.294185240962622,"standard_error":0.007835966390681164},"median":{"confidence_interval":{"confidence_level":0.95,"lower_bound":0.28291543550065223,"upper_bound":0.2904761241790308},"point_estimate":0.2879127453630821,"standard_error":0.0020030272119913196}}