{"mean":{"confidence_interval":{"confidence_level":0.95,"lower_bound":-0.23106322380499594,"upper_bound":-0.21395083402205312},"point_estimate":-0.22261208029180735,"standard_error":0.004344444062788374},"median":{"confidence_interval":{"confidence_level":0.95,"lower_bound":-0.22496468052457183,"upper_bound":-0.22178394697657955},"point_estimate":-0.2236026380650401,"standard_error":0.0007865569815415808}}