{"mean":{"confidence_interval":{"confidence_level":0.95,"lower_bound":0.0686842744202502,"upper_bound":0.10044458862687765},"point_estimate":0.08390920960992942,"standard_error":0.007979219415981386},"median":{"confidence_interval":{"confidence_level":0.95,"lower_bound":0.07628646856219712,"upper_bound":0.08421684445695776},"point_estimate":0.0804594475381033,"standard_error":0.001964129605062937}}