{"mean":{"confidence_interval":{"confidence_level":0.95,"lower_bound":-0.002785764699956525,"upper_bound":0.040554985518632646},"point_estimate":0.01867144349676364,"standard_error":0.010894886690668792},"median":{"confidence_interval":{"confidence_level":0.95,"lower_bound":-0.005805781003233923,"upper_bound":0.0065217044028917925},"point_estimate":-0.0024380256056470984,"standard_error":0.003454703361475141}}