{"mean":{"confidence_interval":{"confidence_level":0.95,"lower_bound":0.14887934894290283,"upper_bound":0.17624336891147166},"point_estimate":0.16261014176093513,"standard_error":0.006967838011678291},"median":{"confidence_interval":{"confidence_level":0.95,"lower_bound":0.15436828247975365,"upper_bound":0.160169143165615},"point_estimate":0.15722162293640007,"standard_error":0.001433028221458401}}