{"mean":{"confidence_interval":{"confidence_level":0.95,"lower_bound":-0.0007003290631641452,"upper_bound":0.026993110641412525},"point_estimate":0.013123297359391328,"standard_error":0.007041017561363694},"median":{"confidence_interval":{"confidence_level":0.95,"lower_bound":0.009637498111810583,"upper_bound":0.02037513568660465},"point_estimate":0.01235699280357161,"standard_error":0.002407561552149477}}