{"mean":{"confidence_interval":{"confidence_level":0.95,"lower_bound":-0.051307997885778465,"upper_bound":-0.01920246237613729},"point_estimate":-0.03509972390575955,"standard_error":0.00818087518888763},"median":{"confidence_interval":{"confidence_level":0.95,"lower_bound":-0.026629381151493048,"upper_bound":-0.01849313231907552},"point_estimate":-0.021063335804477945,"standard_error":0.002134153257203385}}