{"mean":{"confidence_interval":{"confidence_level":0.95,"lower_bound":-0.017430590444156485,"upper_bound":0.005585461765945104},"point_estimate":-0.006107124343777359,"standard_error":0.005913994860978515},"median":{"confidence_interval":{"confidence_level":0.95,"lower_bound":-0.009357664992306058,"upper_bound":-0.004265855270394026},"point_estimate":-0.006792881780225635,"standard_error":0.0013016142295183347}}