{"mean":{"confidence_interval":{"confidence_level":0.95,"lower_bound":-0.03478883152976787,"upper_bound":-0.009154268082746664},"point_estimate":-0.021878916990828667,"standard_error":0.00644202651185136},"median":{"confidence_interval":{"confidence_level":0.95,"lower_bound":-0.025429675125755252,"upper_bound":-0.02100229752089533},"point_estimate":-0.023577027483298263,"standard_error":0.0010874018885017277}}