{"mean":{"confidence_interval":{"confidence_level":0.95,"lower_bound":-0.034433132072518885,"upper_bound":-0.007894729149638444},"point_estimate":-0.021050268489450907,"standard_error":0.00674470766925362},"median":{"confidence_interval":{"confidence_level":0.95,"lower_bound":-0.027271200538533713,"upper_bound":-0.021811863869348636},"point_estimate":-0.024324843421791864,"standard_error":0.0013787554271718005}}