{"mean":{"confidence_interval":{"confidence_level":0.95,"lower_bound":-0.014677998829545505,"upper_bound":0.03711954231899173},"point_estimate":0.009472066165872928,"standard_error":0.012986790009898871},"median":{"confidence_interval":{"confidence_level":0.95,"lower_bound":-0.006394431912420173,"upper_bound":0.0021095968706752455},"point_estimate":-0.0024873582854126886,"standard_error":0.0022531565204855137}}