{"mean":{"confidence_interval":{"confidence_level":0.95,"lower_bound":-0.0884276285545653,"upper_bound":-0.06484234894758321},"point_estimate":-0.07659200668211852,"standard_error":0.0060007463390238545},"median":{"confidence_interval":{"confidence_level":0.95,"lower_bound":-0.07427171823625511,"upper_bound":-0.06842431169343377},"point_estimate":-0.07159680722798845,"standard_error":0.0014895164763181977}}