{"mean":{"confidence_interval":{"confidence_level":0.95,"lower_bound":0.003539176523503775,"upper_bound":0.03193770395235164},"point_estimate":0.017176602039678412,"standard_error":0.007208307542980727},"median":{"confidence_interval":{"confidence_level":0.95,"lower_bound":0.02158316696993512,"upper_bound":0.027298571644517766},"point_estimate":0.025531475512062807,"standard_error":0.0014762435775391661}}