{"mean":{"confidence_interval":{"confidence_level":0.95,"lower_bound":-0.00580712824473981,"upper_bound":0.02025704437110185},"point_estimate":0.007870056266890524,"standard_error":0.0065991933008849},"median":{"confidence_interval":{"confidence_level":0.95,"lower_bound":0.004582656019251896,"upper_bound":0.007945735267999021},"point_estimate":0.006476201404580717,"standard_error":0.0008311487772594958}}