{"mean":{"confidence_interval":{"confidence_level":0.95,"lower_bound":-0.005069175928367185,"upper_bound":0.026283850027279287},"point_estimate":0.010924049217484688,"standard_error":0.007966900099025162},"median":{"confidence_interval":{"confidence_level":0.95,"lower_bound":-0.00004108572912669693,"upper_bound":0.005755612411893374},"point_estimate":0.0025728127388757738,"standard_error":0.0018148684256931772}}