{"mean":{"confidence_interval":{"confidence_level":0.95,"lower_bound":-0.015021023859069397,"upper_bound":0.009646970620145412},"point_estimate":-0.00317085549731122,"standard_error":0.006256209219478857},"median":{"confidence_interval":{"confidence_level":0.95,"lower_bound":-0.0049610349760060846,"upper_bound":0.00018248284506094947},"point_estimate":-0.0024604982357969707,"standard_error":0.0013309096434108605}}