{"mean":{"confidence_interval":{"confidence_level":0.95,"lower_bound":-0.009335846206021854,"upper_bound":0.01868974962567476},"point_estimate":0.004931904377713847,"standard_error":0.007088334087663205},"median":{"confidence_interval":{"confidence_level":0.95,"lower_bound":-0.0025046989461825486,"upper_bound":0.005015576155863455},"point_estimate":0.0009875848732208148,"standard_error":0.002023547062722742}}