{"mean":{"confidence_interval":{"confidence_level":0.95,"lower_bound":0.1316552300966475,"upper_bound":0.1570023567381467},"point_estimate":0.14444742208789352,"standard_error":0.006507748416576439},"median":{"confidence_interval":{"confidence_level":0.95,"lower_bound":0.14216655170287962,"upper_bound":0.14595801410697828},"point_estimate":0.1440724030353553,"standard_error":0.00099198844501023}}