{"mean":{"confidence_interval":{"confidence_level":0.95,"lower_bound":-0.016252365826088463,"upper_bound":0.011398766830231008},"point_estimate":-0.002045496665270763,"standard_error":0.007022405745306947},"median":{"confidence_interval":{"confidence_level":0.95,"lower_bound":-0.00646224378507787,"upper_bound":0.0025133094709228468},"point_estimate":-0.0030063819111374457,"standard_error":0.0022867001415015006}}