{"mean":{"confidence_interval":{"confidence_level":0.95,"lower_bound":-0.03232468961057866,"upper_bound":-0.004191248034474176},"point_estimate":-0.018363001600362194,"standard_error":0.007175811072209036},"median":{"confidence_interval":{"confidence_level":0.95,"lower_bound":-0.011449372420046955,"upper_bound":-0.006873815800881866},"point_estimate":-0.008814923699363653,"standard_error":0.0011440502402316382}}