{"mean":{"confidence_interval":{"confidence_level":0.95,"lower_bound":-0.020782346955619244,"upper_bound":0.0134318856893979},"point_estimate":-0.0028962696178437275,"standard_error":0.008695023519580054},"median":{"confidence_interval":{"confidence_level":0.95,"lower_bound":-0.00564694141724207,"upper_bound":0.005401198117462647},"point_estimate":0.002046896806019438,"standard_error":0.002501481329423607}}