{"mean":{"confidence_interval":{"confidence_level":0.95,"lower_bound":0.0027560662227882646,"upper_bound":0.03281117353305576},"point_estimate":0.01824173729575329,"standard_error":0.007707758040439318},"median":{"confidence_interval":{"confidence_level":0.95,"lower_bound":0.020935933723550182,"upper_bound":0.02581464294342589},"point_estimate":0.023827499357711224,"standard_error":0.001198017044054629}}