{"mean":{"confidence_interval":{"confidence_level":0.95,"lower_bound":-0.017495446683145226,"upper_bound":0.01450793691012886},"point_estimate":-0.0017648319006349222,"standard_error":0.008072765859044779},"median":{"confidence_interval":{"confidence_level":0.95,"lower_bound":-0.004741239887593118,"upper_bound":0.0032570151478914385},"point_estimate":-0.0015732207727632286,"standard_error":0.0020109561935192704}}