{"mean":{"confidence_interval":{"confidence_level":0.95,"lower_bound":-0.008799750760791328,"upper_bound":0.025960781665958974},"point_estimate":0.009464557056835021,"standard_error":0.008709973611883708},"median":{"confidence_interval":{"confidence_level":0.95,"lower_bound":0.006294087881133503,"upper_bound":0.013332339393850035},"point_estimate":0.00971111561912208,"standard_error":0.001755792421701355}}