{"mean":{"confidence_interval":{"confidence_level":0.95,"lower_bound":0.0017934679223103604,"upper_bound":0.029269011776663367},"point_estimate":0.015537282105708705,"standard_error":0.006984332387605943},"median":{"confidence_interval":{"confidence_level":0.95,"lower_bound":0.0025479976776776603,"upper_bound":0.010435483369345855},"point_estimate":0.006361265915573178,"standard_error":0.002018176570769529}}