{"mean":{"confidence_interval":{"confidence_level":0.95,"lower_bound":-0.02106022050033691,"upper_bound":0.0102852726774528},"point_estimate":-0.004930961176328186,"standard_error":0.007862872337443925},"median":{"confidence_interval":{"confidence_level":0.95,"lower_bound":-0.02259469051552354,"upper_bound":-0.00736831631008783},"point_estimate":-0.013425697798205904,"standard_error":0.0038951129745224224}}