{"mean":{"confidence_interval":{"confidence_level":0.95,"lower_bound":0.04558772164646452,"upper_bound":0.0795570296959826},"point_estimate":0.06228196953160725,"standard_error":0.008590817038046827},"median":{"confidence_interval":{"confidence_level":0.95,"lower_bound":0.05380084548356412,"upper_bound":0.08178748620378173},"point_estimate":0.05978159995308019,"standard_error":0.006114928278056327}}