{"mean":{"confidence_interval":{"confidence_level":0.95,"lower_bound":0.02282082074128954,"upper_bound":0.05713550475900135},"point_estimate":0.04038956159161122,"standard_error":0.008624789899218416},"median":{"confidence_interval":{"confidence_level":0.95,"lower_bound":0.04437534345750693,"upper_bound":0.05622201905646129},"point_estimate":0.0496280877688009,"standard_error":0.003022152863863757}}