{"mean":{"confidence_interval":{"confidence_level":0.95,"lower_bound":-0.015587517974356424,"upper_bound":0.012118662581377405},"point_estimate":-0.0014297871450413835,"standard_error":0.006965181078403124},"median":{"confidence_interval":{"confidence_level":0.95,"lower_bound":-0.005819681799757226,"upper_bound":-0.0010222888589509482},"point_estimate":-0.003284681745277407,"standard_error":0.0012382604338462137}}