{"mean":{"confidence_interval":{"confidence_level":0.95,"lower_bound":0.18772105806497535,"upper_bound":0.2196941269186484},"point_estimate":0.20384054935834905,"standard_error":0.008215988738520237},"median":{"confidence_interval":{"confidence_level":0.95,"lower_bound":0.18903604295954834,"upper_bound":0.19655583647775207},"point_estimate":0.192343446116356,"standard_error":0.0019700075183680553}}