{"mean":{"confidence_interval":{"confidence_level":0.95,"lower_bound":-0.015621549482647667,"upper_bound":0.01226529333686561},"point_estimate":-0.0015165325237802563,"standard_error":0.007088597975716689},"median":{"confidence_interval":{"confidence_level":0.95,"lower_bound":-0.005509212491728643,"upper_bound":0.0018949597839570398},"point_estimate":-0.0024529986802187542,"standard_error":0.0019414702951713826}}