{"mean":{"confidence_interval":{"confidence_level":0.95,"lower_bound":-0.01017684969333751,"upper_bound":0.021564638800226927},"point_estimate":0.004694293933827254,"standard_error":0.008108420719212271},"median":{"confidence_interval":{"confidence_level":0.95,"lower_bound":-0.006406033547495138,"upper_bound":0.0010782846606844302},"point_estimate":-0.002856485659246122,"standard_error":0.0018986507526782812}}