{"mean":{"confidence_interval":{"confidence_level":0.95,"lower_bound":-0.18698450709476377,"upper_bound":-0.1576720099808466},"point_estimate":-0.17176823456199397,"standard_error":0.007461287937033721},"median":{"confidence_interval":{"confidence_level":0.95,"lower_bound":-0.1572008214302206,"upper_bound":-0.14848612816070542},"point_estimate":-0.15117305973292994,"standard_error":0.002505048795571338}}