{"mean":{"confidence_interval":{"confidence_level":0.95,"lower_bound":-0.20943868867938495,"upper_bound":-0.19039970064813097},"point_estimate":-0.2004828119783606,"standard_error":0.004810502182702553},"median":{"confidence_interval":{"confidence_level":0.95,"lower_bound":-0.1976777132525358,"upper_bound":-0.19165930730799713},"point_estimate":-0.19439183867853937,"standard_error":0.0015680223474156874}}