{"mean":{"confidence_interval":{"confidence_level":0.95,"lower_bound":-0.23236017658210487,"upper_bound":-0.21204382843877323},"point_estimate":-0.22257273795792865,"standard_error":0.0051791420577781775},"median":{"confidence_interval":{"confidence_level":0.95,"lower_bound":-0.2198821345025035,"upper_bound":-0.21425444886183898},"point_estimate":-0.21724706098279156,"standard_error":0.001433096282316623}}