{"mean":{"confidence_interval":{"confidence_level":0.95,"lower_bound":-0.041358045642450936,"upper_bound":-0.012344747975052956},"point_estimate":-0.02708047506151312,"standard_error":0.007406133330456845},"median":{"confidence_interval":{"confidence_level":0.95,"lower_bound":-0.023931664237203092,"upper_bound":-0.017869785508045077},"point_estimate":-0.020766601522443362,"standard_error":0.0016881660053539188}}