{"mean":{"confidence_interval":{"confidence_level":0.95,"lower_bound":-0.021318165290968357,"upper_bound":0.0032446077375475604},"point_estimate":-0.008504380295557779,"standard_error":0.006172236103166892},"median":{"confidence_interval":{"confidence_level":0.95,"lower_bound":-0.009351602435171968,"upper_bound":-0.005801859222171024},"point_estimate":-0.007925658439517091,"standard_error":0.0009014644961832989}}