{"mean":{"confidence_interval":{"confidence_level":0.95,"lower_bound":-0.0015978565057065811,"upper_bound":0.025242055090389938},"point_estimate":0.01155486699947983,"standard_error":0.006857547373889105},"median":{"confidence_interval":{"confidence_level":0.95,"lower_bound":0.010531709651566468,"upper_bound":0.019359567536663125},"point_estimate":0.015739722280629698,"standard_error":0.002210981163833762}}