{"mean":{"confidence_interval":{"confidence_level":0.95,"lower_bound":-0.042745116785792,"upper_bound":-0.012814927900577944},"point_estimate":-0.027631916022555436,"standard_error":0.007629883278431451},"median":{"confidence_interval":{"confidence_level":0.95,"lower_bound":-0.0209596159578177,"upper_bound":-0.014992123116520761},"point_estimate":-0.017319321533974197,"standard_error":0.0014103192517457654}}