{"mean":{"confidence_interval":{"confidence_level":0.95,"lower_bound":-0.00916984283538951,"upper_bound":0.015899736327208567},"point_estimate":0.003988800944681792,"standard_error":0.006299128301292236},"median":{"confidence_interval":{"confidence_level":0.95,"lower_bound":-0.0006756486606841472,"upper_bound":0.0037026009759886236},"point_estimate":0.0011394589726798632,"standard_error":0.0011033017750831703}}