{"mean":{"confidence_interval":{"confidence_level":0.95,"lower_bound":-0.002145287046251217,"upper_bound":0.02703874365616621},"point_estimate":0.011818760674135786,"standard_error":0.007494398616524022},"median":{"confidence_interval":{"confidence_level":0.95,"lower_bound":0.006756719309910508,"upper_bound":0.01501982883735975},"point_estimate":0.009609823735967638,"standard_error":0.0019816646434390444}}