{"mean":{"confidence_interval":{"confidence_level":0.95,"lower_bound":-0.02641806667875335,"upper_bound":0.0024883411587444115},"point_estimate":-0.0123811571537501,"standard_error":0.007307832503158269},"median":{"confidence_interval":{"confidence_level":0.95,"lower_bound":-0.013070545696136748,"upper_bound":-0.008520729029606655},"point_estimate":-0.010384094045486236,"standard_error":0.001153333340138765}}