{"mean":{"confidence_interval":{"confidence_level":0.95,"lower_bound":-0.013007007730447289,"upper_bound":0.011619613979400346},"point_estimate":-0.0016166379529386488,"standard_error":0.006267810571398417},"median":{"confidence_interval":{"confidence_level":0.95,"lower_bound":-0.0059543527719427836,"upper_bound":-0.0014469552128802965},"point_estimate":-0.0036251311076513915,"standard_error":0.0011568861098733493}}