{"mean":{"confidence_interval":{"confidence_level":0.95,"lower_bound":-0.023205419712689808,"upper_bound":0.00832474359942584},"point_estimate":-0.007912546748744087,"standard_error":0.007978617788514436},"median":{"confidence_interval":{"confidence_level":0.95,"lower_bound":-0.01924142770496562,"upper_bound":-0.012811677093860219},"point_estimate":-0.016808175170271555,"standard_error":0.001578980949324552}}