{"mean":{"confidence_interval":{"confidence_level":0.95,"lower_bound":-0.007861651416118286,"upper_bound":0.017392576357780003},"point_estimate":0.0046181889200267445,"standard_error":0.006404802038793705},"median":{"confidence_interval":{"confidence_level":0.95,"lower_bound":0.002899198052531915,"upper_bound":0.01015398312978033},"point_estimate":0.006578395125018899,"standard_error":0.001960515293680031}}