{"mean":{"confidence_interval":{"confidence_level":0.95,"lower_bound":-0.05732310724311626,"upper_bound":-0.05146818275526131},"point_estimate":-0.05408710185710752,"standard_error":0.0014882059763606382},"median":{"confidence_interval":{"confidence_level":0.95,"lower_bound":-0.05536065160043402,"upper_bound":-0.05353313022955308},"point_estimate":-0.05433873749211526,"standard_error":0.0004755506066361792}}