{"mean":{"confidence_interval":{"confidence_level":0.95,"lower_bound":0.02332097267367312,"upper_bound":0.03472360181984902},"point_estimate":0.029770932239738146,"standard_error":0.0029410488125598735},"median":{"confidence_interval":{"confidence_level":0.95,"lower_bound":0.031153029912687202,"upper_bound":0.034348932658783804},"point_estimate":0.03250181075130909,"standard_error":0.0008169895723333726}}