{"mean":{"confidence_interval":{"confidence_level":0.95,"lower_bound":-0.012784084010511985,"upper_bound":-0.00606346123418287},"point_estimate":-0.009164108911723368,"standard_error":0.0016952456275291055},"median":{"confidence_interval":{"confidence_level":0.95,"lower_bound":-0.008966069074408691,"upper_bound":-0.007259642001240518},"point_estimate":-0.008084484313137685,"standard_error":0.00041555093925535865}}