{"mean":{"confidence_interval":{"confidence_level":0.95,"lower_bound":0.03553871440723208,"upper_bound":0.04032868886910839},"point_estimate":0.03780359851923687,"standard_error":0.001211227775789499},"median":{"confidence_interval":{"confidence_level":0.95,"lower_bound":0.035711203155816884,"upper_bound":0.038222619155671156},"point_estimate":0.037068820008060666,"standard_error":0.0006513621684356372}}