{"mean":{"confidence_interval":{"confidence_level":0.95,"lower_bound":0.02533554047814209,"upper_bound":0.038075439477106794},"point_estimate":0.030737770565037126,"standard_error":0.003241240843704673},"median":{"confidence_interval":{"confidence_level":0.95,"lower_bound":0.02383067088805535,"upper_bound":0.02711172425644733},"point_estimate":0.025457673178524765,"standard_error":0.0008411016199119548}}