{"mean":{"confidence_interval":{"confidence_level":0.95,"lower_bound":0.04164141727644639,"upper_bound":0.05323689977921485},"point_estimate":0.047440091088287284,"standard_error":0.0029455628786875777},"median":{"confidence_interval":{"confidence_level":0.95,"lower_bound":0.04505266214072767,"upper_bound":0.05155320553540088},"point_estimate":0.048654111742096884,"standard_error":0.0014705613005552233}}