{"mean":{"confidence_interval":{"confidence_level":0.95,"lower_bound":-0.018560719322535436,"upper_bound":-0.0007389247581796537},"point_estimate":-0.00888750967924512,"standard_error":0.004580554085817011},"median":{"confidence_interval":{"confidence_level":0.95,"lower_bound":0.000059670301704839446,"upper_bound":0.0029746626307910976},"point_estimate":0.0017724187496703792,"standard_error":0.0007529524410544553}}