{"mean":{"confidence_interval":{"confidence_level":0.95,"lower_bound":-0.0022313533132533618,"upper_bound":0.004167643280769702},"point_estimate":0.0013175273519228092,"standard_error":0.001637722482608419},"median":{"confidence_interval":{"confidence_level":0.95,"lower_bound":0.001217964826962104,"upper_bound":0.003190263591079212},"point_estimate":0.0018671226799502616,"standard_error":0.0005222889695095192}}