{"mean":{"confidence_interval":{"confidence_level":0.95,"lower_bound":0.0019766636552122417,"upper_bound":0.007374743594692033},"point_estimate":0.004824362836556073,"standard_error":0.0013773839715009479},"median":{"confidence_interval":{"confidence_level":0.95,"lower_bound":0.003616466219786618,"upper_bound":0.00534595196956178},"point_estimate":0.00431984730160706,"standard_error":0.00040880847888822864}}