{"mean":{"confidence_interval":{"confidence_level":0.95,"lower_bound":-0.005101532721905529,"upper_bound":0.00010337115606842114},"point_estimate":-0.002668644891371974,"standard_error":0.001330908551196235},"median":{"confidence_interval":{"confidence_level":0.95,"lower_bound":-0.00550243054342503,"upper_bound":-0.003617327740258358},"point_estimate":-0.0045692076976927565,"standard_error":0.0005082280666582654}}