{"mean":{"confidence_interval":{"confidence_level":0.95,"lower_bound":-0.007324913170169642,"upper_bound":-0.0019973503910014796},"point_estimate":-0.0049085937531455626,"standard_error":0.0014203182876414608},"median":{"confidence_interval":{"confidence_level":0.95,"lower_bound":-0.007682600949536544,"upper_bound":-0.00513124557225908},"point_estimate":-0.006521459571078303,"standard_error":0.0006326479973416993}}