{"mean":{"confidence_interval":{"confidence_level":0.95,"lower_bound":-0.04791602795745162,"upper_bound":-0.04207793187321643},"point_estimate":-0.04497612429126174,"standard_error":0.0014809704023406047},"median":{"confidence_interval":{"confidence_level":0.95,"lower_bound":-0.04416679040960303,"upper_bound":-0.04216955438524739},"point_estimate":-0.04307420070711199,"standard_error":0.0005089462475277134}}