{"mean":{"confidence_interval":{"confidence_level":0.95,"lower_bound":-0.04457138592835766,"upper_bound":-0.036766531797991366},"point_estimate":-0.040841000901843394,"standard_error":0.0020187944896637496},"median":{"confidence_interval":{"confidence_level":0.95,"lower_bound":-0.04413059652533213,"upper_bound":-0.042246504480945135},"point_estimate":-0.043166685112748016,"standard_error":0.00046572504672077564}}