{"mean":{"confidence_interval":{"confidence_level":0.95,"lower_bound":0.007774437130359888,"upper_bound":0.025353199914794195},"point_estimate":0.014933059834233209,"standard_error":0.004511280331292839},"median":{"confidence_interval":{"confidence_level":0.95,"lower_bound":0.010590239402711532,"upper_bound":0.012580977119092562},"point_estimate":0.01173284232144911,"standard_error":0.0005022918399975774}}