{"mean":{"confidence_interval":{"confidence_level":0.95,"lower_bound":-0.006754051041411746,"upper_bound":-0.0013215729931559284},"point_estimate":-0.004236762486544254,"standard_error":0.0013727220837455548},"median":{"confidence_interval":{"confidence_level":0.95,"lower_bound":-0.009188434292734526,"upper_bound":-0.004854859302213703},"point_estimate":-0.007264478079259784,"standard_error":0.0010886610091680406}}