{"mean":{"confidence_interval":{"confidence_level":0.95,"lower_bound":0.07168784328304804,"upper_bound":0.08201007775376569},"point_estimate":0.07672898685486751,"standard_error":0.0025682073192188327},"median":{"confidence_interval":{"confidence_level":0.95,"lower_bound":0.06244255931119769,"upper_bound":0.08036408966652253},"point_estimate":0.06431739484661292,"standard_error":0.004179607117540069}}