{"mean":{"confidence_interval":{"confidence_level":0.95,"lower_bound":-0.05646017565326058,"upper_bound":-0.04661216873593324},"point_estimate":-0.05159618818008771,"standard_error":0.0024712711226274613},"median":{"confidence_interval":{"confidence_level":0.95,"lower_bound":-0.05744921513718558,"upper_bound":-0.051951785888873725},"point_estimate":-0.05473081346355879,"standard_error":0.0013187925521076854}}