{"mean":{"confidence_interval":{"confidence_level":0.95,"lower_bound":0.005929324649244883,"upper_bound":0.011072391162675835},"point_estimate":0.008220871527028883,"standard_error":0.0012762289599983453},"median":{"confidence_interval":{"confidence_level":0.95,"lower_bound":0.007202175101081121,"upper_bound":0.00881781344209176},"point_estimate":0.008082941722354686,"standard_error":0.0004172265080040351}}