{"mean":{"confidence_interval":{"confidence_level":0.95,"lower_bound":0.03975447620524825,"upper_bound":0.04544888215231594},"point_estimate":0.04286377478515324,"standard_error":0.0014591130383630722},"median":{"confidence_interval":{"confidence_level":0.95,"lower_bound":0.04272108678426845,"upper_bound":0.04482957153624967},"point_estimate":0.04382768740654508,"standard_error":0.0005445561734081568}}