{"mean":{"confidence_interval":{"confidence_level":0.95,"lower_bound":-0.08403100682119989,"upper_bound":-0.07954029789217812},"point_estimate":-0.0819395293956886,"standard_error":0.0011304936603273392},"median":{"confidence_interval":{"confidence_level":0.95,"lower_bound":-0.08333989100837136,"upper_bound":-0.08147421433419977},"point_estimate":-0.08225811843747277,"standard_error":0.0004794976249795588}}