{"mean":{"confidence_interval":{"confidence_level":0.95,"lower_bound":-0.010844266986055225,"upper_bound":-0.005482178382430826},"point_estimate":-0.008425678929723679,"standard_error":0.001385880298436526},"median":{"confidence_interval":{"confidence_level":0.95,"lower_bound":-0.010895626956532123,"upper_bound":-0.009219148337160865},"point_estimate":-0.010100550758244342,"standard_error":0.00041753855360223877}}