{"mean":{"confidence_interval":{"confidence_level":0.95,"lower_bound":-0.00566485842722344,"upper_bound":0.01704237647019741},"point_estimate":0.002654387130861746,"standard_error":0.005761830421259851},"median":{"confidence_interval":{"confidence_level":0.95,"lower_bound":-0.005934509954318323,"upper_bound":-0.0035477686713349943},"point_estimate":-0.004915254787609791,"standard_error":0.0005885811919788731}}