{"mean":{"confidence_interval":{"confidence_level":0.95,"lower_bound":0.006451435096462816,"upper_bound":0.012623536515276661},"point_estimate":0.00931104920360215,"standard_error":0.0015922572527481778},"median":{"confidence_interval":{"confidence_level":0.95,"lower_bound":0.0056751703875637105,"upper_bound":0.00787812032565216},"point_estimate":0.006509238367193415,"standard_error":0.0005633220381673612}}