{"mean":{"confidence_interval":{"confidence_level":0.95,"lower_bound":-0.039023440329344225,"upper_bound":-0.03371130804083124},"point_estimate":-0.03636426937553228,"standard_error":0.0013337527882855767},"median":{"confidence_interval":{"confidence_level":0.95,"lower_bound":-0.03833479500255246,"upper_bound":-0.03605009490809363},"point_estimate":-0.0373140561792924,"standard_error":0.0005650663569193911}}