{"mean":{"confidence_interval":{"confidence_level":0.95,"lower_bound":0.04921181762556206,"upper_bound":0.0552331223892739},"point_estimate":0.052512671014736556,"standard_error":0.0015300619791027209},"median":{"confidence_interval":{"confidence_level":0.95,"lower_bound":0.051943286392537535,"upper_bound":0.05400078872302938},"point_estimate":0.05303853825614513,"standard_error":0.0005436284476885778}}