{"mean":{"confidence_interval":{"confidence_level":0.95,"lower_bound":0.001782490088694322,"upper_bound":0.006688011577080427},"point_estimate":0.004293122278484995,"standard_error":0.0012352847532094188},"median":{"confidence_interval":{"confidence_level":0.95,"lower_bound":0.0035180193560371276,"upper_bound":0.005191254018191316},"point_estimate":0.004341635183535697,"standard_error":0.00042485405502178006}}