{"mean":{"confidence_interval":{"confidence_level":0.95,"lower_bound":0.005458089385252718,"upper_bound":0.01181161715745777},"point_estimate":0.008716950666737944,"standard_error":0.0016013877229128079},"median":{"confidence_interval":{"confidence_level":0.95,"lower_bound":0.007961082115721219,"upper_bound":0.01015294863533489},"point_estimate":0.009199503259187836,"standard_error":0.000539156727457976}}