{"mean":{"confidence_interval":{"confidence_level":0.95,"lower_bound":-0.009211867970594615,"upper_bound":-0.0003719773177915004},"point_estimate":-0.004418571965378204,"standard_error":0.0022628184831042703},"median":{"confidence_interval":{"confidence_level":0.95,"lower_bound":-0.002854769048104654,"upper_bound":-0.0011419012341359336},"point_estimate":-0.002031941265279613,"standard_error":0.00042921745459595465}}