{"mean":{"confidence_interval":{"confidence_level":0.95,"lower_bound":0.0063439295740017575,"upper_bound":0.017776400415415148},"point_estimate":0.01123939201162627,"standard_error":0.003044650758293487},"median":{"confidence_interval":{"confidence_level":0.95,"lower_bound":0.006183188670457244,"upper_bound":0.008539471817183772},"point_estimate":0.007463592930041507,"standard_error":0.000600260884557516}}