{"mean":{"confidence_interval":{"confidence_level":0.95,"lower_bound":7434.186345989194,"upper_bound":7462.224781432426},"point_estimate":7447.134054982095,"standard_error":7.174614035560581},"median":{"confidence_interval":{"confidence_level":0.95,"lower_bound":7428.706168831169,"upper_bound":7445.601482213438},"point_estimate":7436.711731601732,"standard_error":4.054575509943976},"median_abs_dev":{"confidence_interval":{"confidence_level":0.95,"lower_bound":27.38617961769363,"upper_bound":48.81184623586582},"point_estimate":35.82826451567054,"standard_error":5.324713556291674},"slope":{"confidence_interval":{"confidence_level":0.95,"lower_bound":7437.013743673665,"upper_bound":7456.660010085002},"point_estimate":7446.268042505743,"standard_error":5.0253613079611394},"std_dev":{"confidence_interval":{"confidence_level":0.95,"lower_bound":43.98927395511591,"upper_bound":101.38523145854013},"point_estimate":72.14094309615302,"standard_error":15.450629097362269}}