{"mean":{"confidence_interval":{"confidence_level":0.95,"lower_bound":7293.894815603012,"upper_bound":7340.295429631392},"point_estimate":7313.41049228676,"standard_error":12.080403475038493},"median":{"confidence_interval":{"confidence_level":0.95,"lower_bound":7286.070137693632,"upper_bound":7314.3481182795695},"point_estimate":7294.979313794727,"standard_error":7.396841858652893},"median_abs_dev":{"confidence_interval":{"confidence_level":0.95,"lower_bound":45.67638196750699,"upper_bound":69.12032133780339},"point_estimate":56.88859649002561,"standard_error":5.82326467461607},"slope":{"confidence_interval":{"confidence_level":0.95,"lower_bound":7285.798720438485,"upper_bound":7308.16217892171},"point_estimate":7296.330188414364,"standard_error":5.696699750381151},"std_dev":{"confidence_interval":{"confidence_level":0.95,"lower_bound":51.603145095306395,"upper_bound":192.16707735713342},"point_estimate":121.41930018194745,"standard_error":45.15367592367577}}