{"mean":{"confidence_interval":{"confidence_level":0.95,"lower_bound":7025.157651397496,"upper_bound":7052.178672148861},"point_estimate":7037.966199163039,"standard_error":6.885239387301303},"median":{"confidence_interval":{"confidence_level":0.95,"lower_bound":7015.408730158731,"upper_bound":7047.414750957854},"point_estimate":7029.976382488479,"standard_error":7.525608719343297},"median_abs_dev":{"confidence_interval":{"confidence_level":0.95,"lower_bound":36.70766707558191,"upper_bound":55.135385976601924},"point_estimate":45.93480259268334,"standard_error":4.6307578678069685},"slope":{"confidence_interval":{"confidence_level":0.95,"lower_bound":7021.431976686545,"upper_bound":7039.776788336143},"point_estimate":7030.579644352495,"standard_error":4.681913969805863},"std_dev":{"confidence_interval":{"confidence_level":0.95,"lower_bound":47.83591162886296,"upper_bound":90.01092491952357},"point_estimate":68.92380280277501,"standard_error":10.95361595420916}}