{"mean":{"confidence_interval":{"confidence_level":0.95,"lower_bound":7446.189930778742,"upper_bound":7474.218100129176},"point_estimate":7459.076694436705,"standard_error":7.180447569857802},"median":{"confidence_interval":{"confidence_level":0.95,"lower_bound":7438.443197755961,"upper_bound":7466.161616161616},"point_estimate":7453.68720993721,"standard_error":5.8501474967338885},"median_abs_dev":{"confidence_interval":{"confidence_level":0.95,"lower_bound":38.645054553680474,"upper_bound":57.18148218253217},"point_estimate":47.32602740948677,"standard_error":4.789950465770974},"slope":{"confidence_interval":{"confidence_level":0.95,"lower_bound":7448.602249785061,"upper_bound":7488.0891971992},"point_estimate":7465.246134583607,"standard_error":10.330647252313694},"std_dev":{"confidence_interval":{"confidence_level":0.95,"lower_bound":41.82737729982745,"upper_bound":99.19292310190093},"point_estimate":71.95070603141566,"standard_error":15.1893304992273}}