{"mean":{"confidence_interval":{"confidence_level":0.95,"lower_bound":7085.691834996627,"upper_bound":7155.519655375374},"point_estimate":7114.37554206324,"standard_error":18.187407472295835},"median":{"confidence_interval":{"confidence_level":0.95,"lower_bound":7075.835972335972,"upper_bound":7104.942234848485},"point_estimate":7090.558176100629,"standard_error":6.186260253727253},"median_abs_dev":{"confidence_interval":{"confidence_level":0.95,"lower_bound":37.255124299849605,"upper_bound":68.47298962400733},"point_estimate":49.334896501752446,"standard_error":8.464339986618064},"slope":{"confidence_interval":{"confidence_level":0.95,"lower_bound":7089.61361072801,"upper_bound":7118.425264739628},"point_estimate":7102.840960275132,"standard_error":7.360266558783112},"std_dev":{"confidence_interval":{"confidence_level":0.95,"lower_bound":68.1203158719752,"upper_bound":293.448020737454},"point_estimate":183.52743040143835,"standard_error":70.99527736263906}}