{"mean":{"confidence_interval":{"confidence_level":0.95,"lower_bound":7261.62651912452,"upper_bound":7334.407944451768},"point_estimate":7293.760244654495,"standard_error":18.73230898415624},"median":{"confidence_interval":{"confidence_level":0.95,"lower_bound":7251.652551020408,"upper_bound":7282.012731481482},"point_estimate":7262.21846541094,"standard_error":8.183485331207002},"median_abs_dev":{"confidence_interval":{"confidence_level":0.95,"lower_bound":45.70660408726439,"upper_bound":80.61175678644733},"point_estimate":60.52702307675416,"standard_error":9.054212559031933},"slope":{"confidence_interval":{"confidence_level":0.95,"lower_bound":7269.29197609624,"upper_bound":7369.6581644590115},"point_estimate":7306.481630707847,"standard_error":27.803703566662108},"std_dev":{"confidence_interval":{"confidence_level":0.95,"lower_bound":78.33929889073143,"upper_bound":272.948290211367},"point_estimate":188.04921585598447,"standard_error":50.527971848480206}}