{"mean":{"confidence_interval":{"confidence_level":0.95,"lower_bound":7010.887415773341,"upper_bound":7058.394672678105},"point_estimate":7031.876988423137,"standard_error":12.214065229795539},"median":{"confidence_interval":{"confidence_level":0.95,"lower_bound":7003.6811625874125,"upper_bound":7023.727477477478},"point_estimate":7013.897564950628,"standard_error":4.998499298103888},"median_abs_dev":{"confidence_interval":{"confidence_level":0.95,"lower_bound":30.06427491084124,"upper_bound":50.511163632659425},"point_estimate":37.41423806937493,"standard_error":5.258445962130707},"slope":{"confidence_interval":{"confidence_level":0.95,"lower_bound":7016.214707119602,"upper_bound":7093.8028496665065},"point_estimate":7048.07284961332,"standard_error":20.33761561870952},"std_dev":{"confidence_interval":{"confidence_level":0.95,"lower_bound":51.08534383257022,"upper_bound":181.09115222835453},"point_estimate":122.98287928663323,"standard_error":33.37534631870354}}