{"mean":{"confidence_interval":{"confidence_level":0.95,"lower_bound":7223.2905340814405,"upper_bound":7260.055487105999},"point_estimate":7238.669103776206,"standard_error":9.533699360837643},"median":{"confidence_interval":{"confidence_level":0.95,"lower_bound":7221.943571428572,"upper_bound":7233.078792735043},"point_estimate":7228.300950486295,"standard_error":2.8738763377986496},"median_abs_dev":{"confidence_interval":{"confidence_level":0.95,"lower_bound":27.250045355038164,"upper_bound":45.45905777581445},"point_estimate":34.809237431579184,"standard_error":4.368456925340692},"slope":{"confidence_interval":{"confidence_level":0.95,"lower_bound":7228.187576251425,"upper_bound":7240.534504496326},"point_estimate":7234.270166001675,"standard_error":3.1585711614331444},"std_dev":{"confidence_interval":{"confidence_level":0.95,"lower_bound":36.111288106297586,"upper_bound":152.41699838251157},"point_estimate":96.05538691749044,"standard_error":35.04011910618737}}