{"mean":{"confidence_interval":{"confidence_level":0.95,"lower_bound":7344.1644377670455,"upper_bound":7356.805252324391},"point_estimate":7350.409415747705,"standard_error":3.2333927429827827},"median":{"confidence_interval":{"confidence_level":0.95,"lower_bound":7342.881374722838,"upper_bound":7355.932079414838},"point_estimate":7351.823262032086,"standard_error":3.0486418727661695},"median_abs_dev":{"confidence_interval":{"confidence_level":0.95,"lower_bound":20.122527841874337,"upper_bound":35.68649226602886},"point_estimate":27.511260439071005,"standard_error":3.8681874431322854},"slope":{"confidence_interval":{"confidence_level":0.95,"lower_bound":7347.161700047604,"upper_bound":7355.245321353705},"point_estimate":7351.047139997582,"standard_error":2.060442682706427},"std_dev":{"confidence_interval":{"confidence_level":0.95,"lower_bound":27.211050414813823,"upper_bound":37.05929880495304},"point_estimate":32.394164646642594,"standard_error":2.5229554881445733}}