{"mean":{"confidence_interval":{"confidence_level":0.95,"lower_bound":7482.575556553174,"upper_bound":7551.9157017010875},"point_estimate":7514.087903598025,"standard_error":17.779971779297213},"median":{"confidence_interval":{"confidence_level":0.95,"lower_bound":7461.230303030303,"upper_bound":7495.3337283686315},"point_estimate":7487.106351981352,"standard_error":8.976851933824703},"median_abs_dev":{"confidence_interval":{"confidence_level":0.95,"lower_bound":42.65255181311217,"upper_bound":67.01063519552322},"point_estimate":49.45037193326974,"standard_error":6.398279553596525},"slope":{"confidence_interval":{"confidence_level":0.95,"lower_bound":7493.803045946142,"upper_bound":7617.617479857055},"point_estimate":7547.959756035305,"standard_error":31.986217209753995},"std_dev":{"confidence_interval":{"confidence_level":0.95,"lower_bound":99.38911329932165,"upper_bound":244.55950899837092},"point_estimate":178.3371579911483,"standard_error":37.244053168170716}}