{"mean":{"confidence_interval":{"confidence_level":0.95,"lower_bound":7231.644645434899,"upper_bound":7250.412775160081},"point_estimate":7240.877980563802,"standard_error":4.784348005934919},"median":{"confidence_interval":{"confidence_level":0.95,"lower_bound":7226.932142857143,"upper_bound":7244.510939241917},"point_estimate":7234.392051444233,"standard_error":4.06680998009533},"median_abs_dev":{"confidence_interval":{"confidence_level":0.95,"lower_bound":29.30246339885925,"upper_bound":50.72945508466335},"point_estimate":39.950997730719564,"standard_error":5.353177707847517},"slope":{"confidence_interval":{"confidence_level":0.95,"lower_bound":7228.181127474697,"upper_bound":7246.2987396781555},"point_estimate":7236.576842520073,"standard_error":4.611540995450643},"std_dev":{"confidence_interval":{"confidence_level":0.95,"lower_bound":39.962768242324486,"upper_bound":55.90794938710049},"point_estimate":48.25340719422212,"standard_error":4.07210343062119}}