{"mean":{"confidence_interval":{"confidence_level":0.95,"lower_bound":7282.506627380832,"upper_bound":7314.168196228494},"point_estimate":7297.831404424473,"standard_error":8.088895734194042},"median":{"confidence_interval":{"confidence_level":0.95,"lower_bound":7263.257317801673,"upper_bound":7302.1577380952385},"point_estimate":7282.151041666666,"standard_error":11.228336201230826},"median_abs_dev":{"confidence_interval":{"confidence_level":0.95,"lower_bound":49.69909036837388,"upper_bound":80.62529950265994},"point_estimate":59.653423684530075,"standard_error":7.873808135106466},"slope":{"confidence_interval":{"confidence_level":0.95,"lower_bound":7267.897883454636,"upper_bound":7305.9989803196695},"point_estimate":7285.119693611152,"standard_error":9.760504951717326},"std_dev":{"confidence_interval":{"confidence_level":0.95,"lower_bound":65.59391626123107,"upper_bound":95.31618349826968},"point_estimate":81.48410594857661,"standard_error":7.615089136726556}}