{"mean":{"confidence_interval":{"confidence_level":0.95,"lower_bound":5274483.7464,"upper_bound":5283951.763200003},"point_estimate":5279013.472999999,"standard_error":2414.7918295025365},"median":{"confidence_interval":{"confidence_level":0.95,"lower_bound":5270192.8,"upper_bound":5275220.4},"point_estimate":5272815.9,"standard_error":1128.5346273835883},"median_abs_dev":{"confidence_interval":{"confidence_level":0.95,"lower_bound":8830.634164475317,"upper_bound":18151.61973774378},"point_estimate":14551.273961662831,"standard_error":2461.0672669164574},"slope":null,"std_dev":{"confidence_interval":{"confidence_level":0.95,"lower_bound":17989.004437411426,"upper_bound":29535.03277437925},"point_estimate":24272.88320599114,"standard_error":2935.223648377347}}