{"mean":{"confidence_interval":{"confidence_level":0.95,"lower_bound":4971299.318574998,"upper_bound":4980609.127},"point_estimate":4975856.960999999,"standard_error":2370.0788246716966},"median":{"confidence_interval":{"confidence_level":0.95,"lower_bound":4967139.6,"upper_bound":4978281.2},"point_estimate":4971376.949999999,"standard_error":2816.9652213949885},"median_abs_dev":{"confidence_interval":{"confidence_level":0.95,"lower_bound":18020.92855006415,"upper_bound":28969.92935568122},"point_estimate":22692.897587119704,"standard_error":2998.7215426514454},"slope":null,"std_dev":{"confidence_interval":{"confidence_level":0.95,"lower_bound":19769.36629836431,"upper_bound":27652.80339584141},"point_estimate":23759.483480228515,"standard_error":2013.214862464728}}