{"mean":{"confidence_interval":{"confidence_level":0.95,"lower_bound":5296938.541225,"upper_bound":5358359.516574999},"point_estimate":5321844.375999999,"standard_error":16178.809845619699},"median":{"confidence_interval":{"confidence_level":0.95,"lower_bound":5290838.8,"upper_bound":5297357.3},"point_estimate":5293144.1,"standard_error":1581.2097697400854},"median_abs_dev":{"confidence_interval":{"confidence_level":0.95,"lower_bound":10842.38148175911,"upper_bound":21953.30629675132},"point_estimate":15715.189070999622,"standard_error":2882.6241121604276},"slope":null,"std_dev":{"confidence_interval":{"confidence_level":0.95,"lower_bound":20879.75196281016,"upper_bound":261916.1299471743},"point_estimate":162075.45636779343,"standard_error":65225.02987825906}}