{"mean":{"confidence_interval":{"confidence_level":0.95,"lower_bound":5314846.510999999,"upper_bound":5323874.842449999},"point_estimate":5319146.018999999,"standard_error":2296.0719147955383},"median":{"confidence_interval":{"confidence_level":0.95,"lower_bound":5313377.050000001,"upper_bound":5319159.2},"point_estimate":5316124.25,"standard_error":1328.0209449991103},"median_abs_dev":{"confidence_interval":{"confidence_level":0.95,"lower_bound":10990.958384871206,"upper_bound":18424.419986150184},"point_estimate":14470.39813309894,"standard_error":1909.6936152029036},"slope":null,"std_dev":{"confidence_interval":{"confidence_level":0.95,"lower_bound":17070.153842699314,"upper_bound":29556.051111211058},"point_estimate":23058.994182163948,"standard_error":3267.51433744441}}