{"mean":{"confidence_interval":{"confidence_level":0.95,"lower_bound":5203458.081025,"upper_bound":5213408.574625},"point_estimate":5208093.063999999,"standard_error":2546.520487867467},"median":{"confidence_interval":{"confidence_level":0.95,"lower_bound":5199404.95,"upper_bound":5208280.35},"point_estimate":5202985.7,"standard_error":2359.7960449142465},"median_abs_dev":{"confidence_interval":{"confidence_level":0.95,"lower_bound":11426.062558896303,"upper_bound":19791.078788637285},"point_estimate":13813.976994752746,"standard_error":2138.6463616447923},"slope":null,"std_dev":{"confidence_interval":{"confidence_level":0.95,"lower_bound":16928.185738254328,"upper_bound":35180.81235700132},"point_estimate":25614.720031119403,"standard_error":5072.336181637736}}