{"mean":{"confidence_interval":{"confidence_level":0.95,"lower_bound":5303327.944449998,"upper_bound":5319638.494875},"point_estimate":5310803.888999999,"standard_error":4178.560510724561},"median":{"confidence_interval":{"confidence_level":0.95,"lower_bound":5298231.8,"upper_bound":5311391.3},"point_estimate":5304085.5,"standard_error":3383.5968886739074},"median_abs_dev":{"confidence_interval":{"confidence_level":0.95,"lower_bound":16714.461453259682,"upper_bound":28546.35054320028},"point_estimate":21028.67911666618,"standard_error":2943.047127137693},"slope":null,"std_dev":{"confidence_interval":{"confidence_level":0.95,"lower_bound":23342.148518829785,"upper_bound":58506.34008126196},"point_estimate":42093.90894929691,"standard_error":9035.267427084767}}