{"mean":{"confidence_interval":{"confidence_level":0.95,"lower_bound":5235186.384049999,"upper_bound":5247490.3822},"point_estimate":5241105.460999997,"standard_error":3132.966481356445},"median":{"confidence_interval":{"confidence_level":0.95,"lower_bound":5227120.3,"upper_bound":5237889.4},"point_estimate":5232256.4,"standard_error":2627.785299207549},"median_abs_dev":{"confidence_interval":{"confidence_level":0.95,"lower_bound":16860.052770674505,"upper_bound":28286.969677807007},"point_estimate":23487.57117301281,"standard_error":2790.638190095603},"slope":null,"std_dev":{"confidence_interval":{"confidence_level":0.95,"lower_bound":24203.282070997248,"upper_bound":37468.413824791736},"point_estimate":31317.074153495425,"standard_error":3389.171240791113}}