{"mean":{"confidence_interval":{"confidence_level":0.95,"lower_bound":5194868.303425003,"upper_bound":5207272.4608499985},"point_estimate":5200514.670000003,"standard_error":3193.82903491782},"median":{"confidence_interval":{"confidence_level":0.95,"lower_bound":5189410.6,"upper_bound":5197695.1},"point_estimate":5192778.65,"standard_error":2127.180564293134},"median_abs_dev":{"confidence_interval":{"confidence_level":0.95,"lower_bound":13048.566225841909,"upper_bound":22226.842285395083},"point_estimate":17376.21995151126,"standard_error":2402.1112364412656},"slope":null,"std_dev":{"confidence_interval":{"confidence_level":0.95,"lower_bound":18567.724775404997,"upper_bound":46431.505167544216},"point_estimate":32092.51928539948,"standard_error":7987.079156105168}}