{"mean":{"confidence_interval":{"confidence_level":0.95,"lower_bound":5206735.822824998,"upper_bound":5216984.917199998},"point_estimate":5211629.423000001,"standard_error":2616.719492005682},"median":{"confidence_interval":{"confidence_level":0.95,"lower_bound":5201594.85,"upper_bound":5215066.6},"point_estimate":5206929.4,"standard_error":3491.3344563764886},"median_abs_dev":{"confidence_interval":{"confidence_level":0.95,"lower_bound":17802.17092394884,"upper_bound":27509.049471616883},"point_estimate":22647.826547921395,"standard_error":2464.1223392630395},"slope":null,"std_dev":{"confidence_interval":{"confidence_level":0.95,"lower_bound":19410.342465754995,"upper_bound":33646.23912744012},"point_estimate":26363.743961341337,"standard_error":3714.2655343838437}}