{"mean":{"confidence_interval":{"confidence_level":0.95,"lower_bound":5229784.9599750005,"upper_bound":5253156.288124998},"point_estimate":5240978.768999999,"standard_error":5943.298203616403},"median":{"confidence_interval":{"confidence_level":0.95,"lower_bound":5214055.8,"upper_bound":5236184.15},"point_estimate":5227328.4,"standard_error":5695.871877007023},"median_abs_dev":{"confidence_interval":{"confidence_level":0.95,"lower_bound":29568.677355051455,"upper_bound":50063.62048119334},"point_estimate":40691.21648758733,"standard_error":5400.38276283295},"slope":null,"std_dev":{"confidence_interval":{"confidence_level":0.95,"lower_bound":45653.23485647762,"upper_bound":71763.81019858537},"point_estimate":59641.07387754523,"standard_error":6671.361308819825}}