{"mean":{"confidence_interval":{"confidence_level":0.95,"lower_bound":5202263.966225001,"upper_bound":5213543.732825},"point_estimate":5207363.984,"standard_error":2878.0156200428687},"median":{"confidence_interval":{"confidence_level":0.95,"lower_bound":5196964.0,"upper_bound":5205650.35},"point_estimate":5200825.85,"standard_error":2022.584150196574},"median_abs_dev":{"confidence_interval":{"confidence_level":0.95,"lower_bound":13485.284580587926,"upper_bound":24456.153735816064},"point_estimate":18920.64434409114,"standard_error":2819.1120670489595},"slope":null,"std_dev":{"confidence_interval":{"confidence_level":0.95,"lower_bound":17761.492090577314,"upper_bound":41722.55777624151},"point_estimate":28909.690604218908,"standard_error":7273.335444195702}}