{"mean":{"confidence_interval":{"confidence_level":0.95,"lower_bound":5211053.395999998,"upper_bound":5223984.381874996},"point_estimate":5216927.9849999985,"standard_error":3297.4012937137336},"median":{"confidence_interval":{"confidence_level":0.95,"lower_bound":5207190.8,"upper_bound":5214404.300000001},"point_estimate":5209896.6,"standard_error":1595.0119345315838},"median_abs_dev":{"confidence_interval":{"confidence_level":0.95,"lower_bound":13103.070307373862,"upper_bound":21565.602697134433},"point_estimate":18498.474001587543,"standard_error":2324.266919236461},"slope":null,"std_dev":{"confidence_interval":{"confidence_level":0.95,"lower_bound":18572.61302438887,"upper_bound":47197.00986981712},"point_estimate":33193.94561740114,"standard_error":7602.0968805766925}}