{"mean":{"confidence_interval":{"confidence_level":0.95,"lower_bound":5296304.325949999,"upper_bound":5338129.285724999},"point_estimate":5315578.032999999,"standard_error":10733.155935312801},"median":{"confidence_interval":{"confidence_level":0.95,"lower_bound":5277919.75,"upper_bound":5298648.05},"point_estimate":5287257.0,"standard_error":5159.520203277477},"median_abs_dev":{"confidence_interval":{"confidence_level":0.95,"lower_bound":38774.807761609554,"upper_bound":66402.0204511282},"point_estimate":55615.290212631226,"standard_error":7227.824542577264},"slope":null,"std_dev":{"confidence_interval":{"confidence_level":0.95,"lower_bound":65587.47110266318,"upper_bound":146002.73378598996},"point_estimate":108127.72625528753,"standard_error":20715.153350507422}}