{"mean":{"confidence_interval":{"confidence_level":0.95,"lower_bound":5297440.532225,"upper_bound":5310792.095175},"point_estimate":5303902.554,"standard_error":3404.832502685152},"median":{"confidence_interval":{"confidence_level":0.95,"lower_bound":5292701.1,"upper_bound":5303194.9},"point_estimate":5298834.6,"standard_error":2879.7510087397345},"median_abs_dev":{"confidence_interval":{"confidence_level":0.95,"lower_bound":22609.427208602567,"upper_bound":38129.283733070035},"point_estimate":31673.821057676854,"standard_error":3938.80650934008},"slope":null,"std_dev":{"confidence_interval":{"confidence_level":0.95,"lower_bound":26442.618999394228,"upper_bound":41769.18066274979},"point_estimate":34279.58556721607,"standard_error":3943.316706338357}}