{"mean":{"confidence_interval":{"confidence_level":0.95,"lower_bound":5326141.030475001,"upper_bound":5345859.686999998},"point_estimate":5335542.073999995,"standard_error":5036.218954300349},"median":{"confidence_interval":{"confidence_level":0.95,"lower_bound":5322458.6,"upper_bound":5339741.35},"point_estimate":5333550.15,"standard_error":4689.777072912918},"median_abs_dev":{"confidence_interval":{"confidence_level":0.95,"lower_bound":26264.406793713708,"upper_bound":43715.57217389345},"point_estimate":33019.651183784285,"standard_error":4500.923188412185},"slope":null,"std_dev":{"confidence_interval":{"confidence_level":0.95,"lower_bound":36242.24449722436,"upper_bound":64030.20085108302},"point_estimate":50639.84789479735,"standard_error":7147.9059697209}}