{"mean":{"confidence_interval":{"confidence_level":0.95,"lower_bound":5210455.082700001,"upper_bound":5230818.363974997},"point_estimate":5219084.858999998,"standard_error":5298.652386874082},"median":{"confidence_interval":{"confidence_level":0.95,"lower_bound":5205650.7,"upper_bound":5214101.7},"point_estimate":5210112.75,"standard_error":2205.667902695883},"median_abs_dev":{"confidence_interval":{"confidence_level":0.95,"lower_bound":12153.539154230444,"upper_bound":21826.910942495975},"point_estimate":17832.564223409252,"standard_error":2630.5331183239687},"slope":null,"std_dev":{"confidence_interval":{"confidence_level":0.95,"lower_bound":16477.561796819646,"upper_bound":83767.63223862027},"point_estimate":53478.203270850485,"standard_error":18379.630827977286}}