{"mean":{"confidence_interval":{"confidence_level":0.95,"lower_bound":5270328.9692,"upper_bound":5288861.33},"point_estimate":5277744.807999997,"standard_error":4898.684087160382},"median":{"confidence_interval":{"confidence_level":0.95,"lower_bound":5266263.2,"upper_bound":5277424.9},"point_estimate":5270094.5,"standard_error":3016.1350711441337},"median_abs_dev":{"confidence_interval":{"confidence_level":0.95,"lower_bound":17302.089952825947,"upper_bound":26984.431470930576},"point_estimate":22047.52181857769,"standard_error":2342.7924060629057},"slope":null,"std_dev":{"confidence_interval":{"confidence_level":0.95,"lower_bound":17736.548112420238,"upper_bound":80249.72024363973},"point_estimate":49222.31422515748,"standard_error":21107.8649647987}}