{"mean":{"confidence_interval":{"confidence_level":0.95,"lower_bound":5280475.142225002,"upper_bound":5289442.305474999},"point_estimate":5284740.304,"standard_error":2283.640955892091},"median":{"confidence_interval":{"confidence_level":0.95,"lower_bound":5275989.65,"upper_bound":5283822.9},"point_estimate":5278448.45,"standard_error":2175.985566129968},"median_abs_dev":{"confidence_interval":{"confidence_level":0.95,"lower_bound":11370.168539889288,"upper_bound":20160.172052085538},"point_estimate":14778.185887634754,"standard_error":2338.341240656031},"slope":null,"std_dev":{"confidence_interval":{"confidence_level":0.95,"lower_bound":16555.25320497172,"upper_bound":29635.092090727238},"point_estimate":22915.01671997538,"standard_error":3436.8889575367384}}