{"mean":{"confidence_interval":{"confidence_level":0.95,"lower_bound":311801.5181088594,"upper_bound":313900.7296447249},"point_estimate":312712.5841954073,"standard_error":542.7219312819602},"median":{"confidence_interval":{"confidence_level":0.95,"lower_bound":310994.1041666667,"upper_bound":311163.3068181818},"point_estimate":311073.5822610294,"standard_error":44.018138943763375},"median_abs_dev":{"confidence_interval":{"confidence_level":0.95,"lower_bound":262.4071383527308,"upper_bound":488.4537099477448},"point_estimate":365.1046443506723,"standard_error":59.846108486121324},"slope":{"confidence_interval":{"confidence_level":0.95,"lower_bound":312138.88861287886,"upper_bound":315340.7918512074},"point_estimate":313550.567472292,"standard_error":828.5406651253867},"std_dev":{"confidence_interval":{"confidence_level":0.95,"lower_bound":2439.372232665716,"upper_bound":8221.156932925687},"point_estimate":5445.217405184277,"standard_error":1591.350093670271}}