{"mean":{"confidence_interval":{"confidence_level":0.95,"lower_bound":272557.6579003981,"upper_bound":272624.88752253656},"point_estimate":272590.8254249154,"standard_error":17.077875556073884},"median":{"confidence_interval":{"confidence_level":0.95,"lower_bound":272522.9074074074,"upper_bound":272617.57258064515},"point_estimate":272576.2202332242,"standard_error":21.59957514001715},"median_abs_dev":{"confidence_interval":{"confidence_level":0.95,"lower_bound":130.93211017544724,"upper_bound":202.16641186125565},"point_estimate":174.94017814419715,"standard_error":18.57496517826894},"slope":{"confidence_interval":{"confidence_level":0.95,"lower_bound":272579.7154775258,"upper_bound":272643.9153604932},"point_estimate":272611.4757595685,"standard_error":16.400071623028104},"std_dev":{"confidence_interval":{"confidence_level":0.95,"lower_bound":145.8453141783396,"upper_bound":194.8376365874171},"point_estimate":171.9188516236794,"standard_error":12.550789421668163}}