{"mean":{"confidence_interval":{"confidence_level":0.95,"lower_bound":352032.9821021486,"upper_bound":353531.60704113083},"point_estimate":352706.94759985304,"standard_error":384.66712847267917},"median":{"confidence_interval":{"confidence_level":0.95,"lower_bound":351547.4168494954,"upper_bound":351678.65476190473},"point_estimate":351628.53525641025,"standard_error":34.19198606427637},"median_abs_dev":{"confidence_interval":{"confidence_level":0.95,"lower_bound":277.8508478411396,"upper_bound":512.4833317350007},"point_estimate":346.7022601000262,"standard_error":62.3704724764765},"slope":{"confidence_interval":{"confidence_level":0.95,"lower_bound":352775.53128785035,"upper_bound":356348.87758671795},"point_estimate":354463.464784986,"standard_error":917.9093927855429},"std_dev":{"confidence_interval":{"confidence_level":0.95,"lower_bound":1912.6429437245085,"upper_bound":5447.87554174583},"point_estimate":3874.6498351682976,"standard_error":901.9239342003691}}