{"mean":{"confidence_interval":{"confidence_level":0.95,"lower_bound":310645.482245815,"upper_bound":311018.4756159483},"point_estimate":310801.7640319073,"standard_error":97.51133238737204},"median":{"confidence_interval":{"confidence_level":0.95,"lower_bound":310562.7221902846,"upper_bound":310626.8277116402},"point_estimate":310586.90741758246,"standard_error":17.74426957279974},"median_abs_dev":{"confidence_interval":{"confidence_level":0.95,"lower_bound":101.02018771404032,"upper_bound":210.98862171693372},"point_estimate":147.89144706132515,"standard_error":25.433764316424206},"slope":{"confidence_interval":{"confidence_level":0.95,"lower_bound":310616.0420541929,"upper_bound":310796.4741581895},"point_estimate":310693.15498374467,"standard_error":46.83392155783653},"std_dev":{"confidence_interval":{"confidence_level":0.95,"lower_bound":299.9615427878911,"upper_bound":1571.6988685633517},"point_estimate":986.6678118376727,"standard_error":368.14403493216514}}