{"mean":{"confidence_interval":{"confidence_level":0.95,"lower_bound":229214.61134655646,"upper_bound":236971.34482326458},"point_estimate":232927.06600075425,"standard_error":1981.6820330630346},"median":{"confidence_interval":{"confidence_level":0.95,"lower_bound":221162.35862068966,"upper_bound":223661.25},"point_estimate":221786.89218487396,"standard_error":757.0800733724221},"median_abs_dev":{"confidence_interval":{"confidence_level":0.95,"lower_bound":3161.6308377305863,"upper_bound":7994.725417755702},"point_estimate":4698.144339591258,"standard_error":1356.964183434813},"slope":{"confidence_interval":{"confidence_level":0.95,"lower_bound":226977.36688419274,"upper_bound":238796.81159209769},"point_estimate":232675.75529008423,"standard_error":3023.911397692627},"std_dev":{"confidence_interval":{"confidence_level":0.95,"lower_bound":16850.778276672798,"upper_bound":22452.041659140905},"point_estimate":19935.418992142662,"standard_error":1425.1986360602896}}