{"mean":{"confidence_interval":{"confidence_level":0.95,"lower_bound":4143.374970350146,"upper_bound":4168.527817009437},"point_estimate":4155.640285757751,"standard_error":6.408991368255344},"median":{"confidence_interval":{"confidence_level":0.95,"lower_bound":4135.334217506631,"upper_bound":4159.011208649506},"point_estimate":4148.485256410257,"standard_error":5.586239119914102},"median_abs_dev":{"confidence_interval":{"confidence_level":0.95,"lower_bound":37.546694272683915,"upper_bound":71.5772237498242},"point_estimate":57.239773437525194,"standard_error":8.864495219523118},"slope":{"confidence_interval":{"confidence_level":0.95,"lower_bound":4149.55750769685,"upper_bound":4176.050103772147},"point_estimate":4163.041686464858,"standard_error":6.780474996935854},"std_dev":{"confidence_interval":{"confidence_level":0.95,"lower_bound":51.492944356721786,"upper_bound":77.91588276450699},"point_estimate":64.41498684924663,"standard_error":6.85164297425703}}