{"mean":{"confidence_interval":{"confidence_level":0.95,"lower_bound":4163.061248796863,"upper_bound":4197.130573653859},"point_estimate":4179.3914316364935,"standard_error":8.694548575910812},"median":{"confidence_interval":{"confidence_level":0.95,"lower_bound":4146.423076923077,"upper_bound":4179.240520043337},"point_estimate":4160.213551749814,"standard_error":7.8904733477015006},"median_abs_dev":{"confidence_interval":{"confidence_level":0.95,"lower_bound":48.17778553205771,"upper_bound":84.72422696766415},"point_estimate":69.71958055710195,"standard_error":9.655064607106572},"slope":{"confidence_interval":{"confidence_level":0.95,"lower_bound":4151.877682468099,"upper_bound":4179.245516680444},"point_estimate":4165.204318923282,"standard_error":6.979782269979083},"std_dev":{"confidence_interval":{"confidence_level":0.95,"lower_bound":66.8261798596539,"upper_bound":105.15200281618462},"point_estimate":87.47365006651452,"standard_error":9.824312960259972}}