{"mean":{"confidence_interval":{"confidence_level":0.95,"lower_bound":4147.331947426674,"upper_bound":4184.224686430905},"point_estimate":4162.5266267882735,"standard_error":9.669923650735273},"median":{"confidence_interval":{"confidence_level":0.95,"lower_bound":4141.013495276653,"upper_bound":4164.768346595933},"point_estimate":4150.448937246963,"standard_error":5.565623498685437},"median_abs_dev":{"confidence_interval":{"confidence_level":0.95,"lower_bound":32.47049784044798,"upper_bound":54.612021336078094},"point_estimate":44.61584281446763,"standard_error":5.811706533795653},"slope":{"confidence_interval":{"confidence_level":0.95,"lower_bound":4147.69124286178,"upper_bound":4169.898821142036},"point_estimate":4157.944704504894,"standard_error":5.672920310353227},"std_dev":{"confidence_interval":{"confidence_level":0.95,"lower_bound":38.24710962110395,"upper_bound":155.65110272295306},"point_estimate":97.31057725994785,"standard_error":38.07273588177463}}