{"mean":{"confidence_interval":{"confidence_level":0.95,"lower_bound":4237.351290437275,"upper_bound":4247.340979696011},"point_estimate":4241.962433867932,"standard_error":2.552136006875137},"median":{"confidence_interval":{"confidence_level":0.95,"lower_bound":4235.525274725274,"upper_bound":4243.963286713287},"point_estimate":4238.547557997558,"standard_error":2.5377018549534682},"median_abs_dev":{"confidence_interval":{"confidence_level":0.95,"lower_bound":13.74921398667205,"upper_bound":24.422017942491483},"point_estimate":17.958216406119796,"standard_error":2.816891848241281},"slope":{"confidence_interval":{"confidence_level":0.95,"lower_bound":4238.578017031399,"upper_bound":4247.010371337043},"point_estimate":4242.650814472951,"standard_error":2.156419601676298},"std_dev":{"confidence_interval":{"confidence_level":0.95,"lower_bound":16.740177550096146,"upper_bound":36.16335017427306},"point_estimate":25.558293185179863,"standard_error":5.828896518639961}}