{"mean":{"confidence_interval":{"confidence_level":0.95,"lower_bound":67222806.96325,"upper_bound":67935013.63800001},"point_estimate":67571816.68,"standard_error":181505.16323802219},"median":{"confidence_interval":{"confidence_level":0.95,"lower_bound":66705288.0,"upper_bound":67600058.5},"point_estimate":67259522.5,"standard_error":223873.35939029825},"median_abs_dev":{"confidence_interval":{"confidence_level":0.95,"lower_bound":1327863.979625702,"upper_bound":2301867.7062986786},"point_estimate":1853782.2204887867,"standard_error":240533.3384314989},"slope":null,"std_dev":{"confidence_interval":{"confidence_level":0.95,"lower_bound":1543976.3428401453,"upper_bound":2090449.149354843},"point_estimate":1827983.9097760846,"standard_error":139414.55449424117}}