{"mean":{"confidence_interval":{"confidence_level":0.95,"lower_bound":64751080.56,"upper_bound":65099429.5805},"point_estimate":64925309.75,"standard_error":89023.9124563266},"median":{"confidence_interval":{"confidence_level":0.95,"lower_bound":64636807.0,"upper_bound":65127456.5},"point_estimate":64898247.5,"standard_error":125778.78028413135},"median_abs_dev":{"confidence_interval":{"confidence_level":0.95,"lower_bound":738048.6450970173,"upper_bound":1228318.5108929873},"point_estimate":959989.413356781,"standard_error":126952.40329286072},"slope":null,"std_dev":{"confidence_interval":{"confidence_level":0.95,"lower_bound":785696.7324913496,"upper_bound":1006671.2114449297},"point_estimate":901491.2546813402,"standard_error":56254.504133990864}}