{"mean":{"confidence_interval":{"confidence_level":0.95,"lower_bound":15184.108568678223,"upper_bound":15311.350714325083},"point_estimate":15240.31228942799,"standard_error":32.69542712528622},"median":{"confidence_interval":{"confidence_level":0.95,"lower_bound":15160.054411764706,"upper_bound":15192.75},"point_estimate":15173.763986638107,"standard_error":7.137912297671307},"median_abs_dev":{"confidence_interval":{"confidence_level":0.95,"lower_bound":45.28835328351624,"upper_bound":96.78416261997336},"point_estimate":71.76960373987976,"standard_error":14.070658260534772},"slope":{"confidence_interval":{"confidence_level":0.95,"lower_bound":15178.728252873156,"upper_bound":15298.184636016875},"point_estimate":15226.483999926111,"standard_error":31.29712306990152},"std_dev":{"confidence_interval":{"confidence_level":0.95,"lower_bound":137.9936636810448,"upper_bound":481.8443873795339},"point_estimate":328.75407304518586,"standard_error":88.34823427709871}}