{"mean":{"confidence_interval":{"confidence_level":0.95,"lower_bound":18623.666668677615,"upper_bound":18671.616767241238},"point_estimate":18647.00294680119,"standard_error":12.246087900666296},"median":{"confidence_interval":{"confidence_level":0.95,"lower_bound":18612.542535460994,"upper_bound":18652.825587606836},"point_estimate":18638.12884424603,"standard_error":11.361919919427073},"median_abs_dev":{"confidence_interval":{"confidence_level":0.95,"lower_bound":66.6379415252715,"upper_bound":107.93265860196784},"point_estimate":81.31277636890778,"standard_error":10.408284960996854},"slope":{"confidence_interval":{"confidence_level":0.95,"lower_bound":18622.709194216593,"upper_bound":18653.535723165456},"point_estimate":18638.2300934683,"standard_error":7.869073081636479},"std_dev":{"confidence_interval":{"confidence_level":0.95,"lower_bound":93.84038410358137,"upper_bound":150.583767870075},"point_estimate":123.29170604777379,"standard_error":14.497114130993225}}