{"mean":{"confidence_interval":{"confidence_level":0.95,"lower_bound":18872.866844429973,"upper_bound":18908.85415651073},"point_estimate":18890.144419402255,"standard_error":9.195346713344017},"median":{"confidence_interval":{"confidence_level":0.95,"lower_bound":18864.35307017544,"upper_bound":18891.821428571428},"point_estimate":18877.921875,"standard_error":7.515159021458517},"median_abs_dev":{"confidence_interval":{"confidence_level":0.95,"lower_bound":39.91818323118277,"upper_bound":68.24908160111997},"point_estimate":49.696784149366806,"standard_error":7.114956445657303},"slope":{"confidence_interval":{"confidence_level":0.95,"lower_bound":18881.625851771703,"upper_bound":18909.344335359398},"point_estimate":18895.265079429584,"standard_error":7.0498836718100915},"std_dev":{"confidence_interval":{"confidence_level":0.95,"lower_bound":65.59631876669188,"upper_bound":115.68815388742323},"point_estimate":92.15261584023797,"standard_error":12.844798885946705}}