{"mean":{"confidence_interval":{"confidence_level":0.95,"lower_bound":18955.785797076078,"upper_bound":19174.909826581243},"point_estimate":19050.186011796464,"standard_error":56.70195978181631},"median":{"confidence_interval":{"confidence_level":0.95,"lower_bound":18931.84632352941,"upper_bound":19070.60613207547},"point_estimate":18995.1810515873,"standard_error":32.72875300343259},"median_abs_dev":{"confidence_interval":{"confidence_level":0.95,"lower_bound":162.56782700352377,"upper_bound":261.61895430064976},"point_estimate":199.98418274533697,"standard_error":24.563531240393395},"slope":{"confidence_interval":{"confidence_level":0.95,"lower_bound":18933.190481126185,"upper_bound":19309.403623792976},"point_estimate":19090.31566905571,"standard_error":97.42030845244298},"std_dev":{"confidence_interval":{"confidence_level":0.95,"lower_bound":206.06771238197817,"upper_bound":885.9284295083415},"point_estimate":571.6924173899426,"standard_error":186.76004133134077}}