{"mean":{"confidence_interval":{"confidence_level":0.95,"lower_bound":17212.533122075238,"upper_bound":17318.061456571177},"point_estimate":17258.054036937232,"standard_error":27.127671253776956},"median":{"confidence_interval":{"confidence_level":0.95,"lower_bound":17195.326988495795,"upper_bound":17237.426315789475},"point_estimate":17216.250799232737,"standard_error":9.397294670559369},"median_abs_dev":{"confidence_interval":{"confidence_level":0.95,"lower_bound":58.882805772801575,"upper_bound":97.13662216246817},"point_estimate":71.3525027330918,"standard_error":9.422070992254547},"slope":{"confidence_interval":{"confidence_level":0.95,"lower_bound":17212.020038044622,"upper_bound":17264.10343022625},"point_estimate":17234.72479791636,"standard_error":13.367889100022023},"std_dev":{"confidence_interval":{"confidence_level":0.95,"lower_bound":112.70914002299675,"upper_bound":420.49027562253667},"point_estimate":273.2485187468898,"standard_error":86.69828777928348}}