{"mean":{"confidence_interval":{"confidence_level":0.95,"lower_bound":6364537.08109375,"upper_bound":6403072.86875},"point_estimate":6381827.42,"standard_error":9862.500501387822},"median":{"confidence_interval":{"confidence_level":0.95,"lower_bound":6347447.0625,"upper_bound":6379783.75},"point_estimate":6363116.9375,"standard_error":8685.88941063705},"median_abs_dev":{"confidence_interval":{"confidence_level":0.95,"lower_bound":45837.72871121764,"upper_bound":73527.87776961923},"point_estimate":60705.519234761596,"standard_error":7345.365441820352},"slope":null,"std_dev":{"confidence_interval":{"confidence_level":0.95,"lower_bound":57024.492474676634,"upper_bound":143855.68390458674},"point_estimate":99046.39060147566,"standard_error":24996.485211640873}}