{"mean":{"confidence_interval":{"confidence_level":0.95,"lower_bound":3967319.2842692314,"upper_bound":3975571.8368653874},"point_estimate":3971168.186153846,"standard_error":2108.7751268305465},"median":{"confidence_interval":{"confidence_level":0.95,"lower_bound":3964296.4615384615,"upper_bound":3969395.230769231},"point_estimate":3967809.192307692,"standard_error":1490.7224759298817},"median_abs_dev":{"confidence_interval":{"confidence_level":0.95,"lower_bound":9603.54132950306,"upper_bound":16624.621597161873},"point_estimate":13055.775368213654,"standard_error":1784.8454819731257},"slope":null,"std_dev":{"confidence_interval":{"confidence_level":0.95,"lower_bound":13486.073619997214,"upper_bound":29102.81140476808},"point_estimate":21304.82671043576,"standard_error":4119.924921928821}}