{"mean":{"confidence_interval":{"confidence_level":0.95,"lower_bound":3966078.4980961527,"upper_bound":3986779.971826921},"point_estimate":3974038.340000001,"standard_error":5471.68602179813},"median":{"confidence_interval":{"confidence_level":0.95,"lower_bound":3961158.3846153845,"upper_bound":3968018.3846153845},"point_estimate":3963116.0,"standard_error":1962.515968995669},"median_abs_dev":{"confidence_interval":{"confidence_level":0.95,"lower_bound":8419.856319748253,"upper_bound":13931.763860353843},"point_estimate":10527.600274636221,"standard_error":1360.513289387862},"slope":null,"std_dev":{"confidence_interval":{"confidence_level":0.95,"lower_bound":14859.834513322125,"upper_bound":89960.69492361094},"point_estimate":54572.73697793348,"standard_error":24610.829779031475}}