{"mean":{"confidence_interval":{"confidence_level":0.95,"lower_bound":4245575.829312499,"upper_bound":4281790.792187502},"point_estimate":4260575.5975,"standard_error":9368.574663303732},"median":{"confidence_interval":{"confidence_level":0.95,"lower_bound":4237283.458333334,"upper_bound":4245674.833333333},"point_estimate":4240621.791666667,"standard_error":2251.9135510724495},"median_abs_dev":{"confidence_interval":{"confidence_level":0.95,"lower_bound":12490.534128248692,"upper_bound":19545.362553000912},"point_estimate":15585.029148310654,"standard_error":1738.2054613336106},"slope":null,"std_dev":{"confidence_interval":{"confidence_level":0.95,"lower_bound":32178.7984185275,"upper_bound":149063.880095829},"point_estimate":94308.38104292745,"standard_error":34267.93438428795}}