{"mean":{"confidence_interval":{"confidence_level":0.95,"lower_bound":6417614.2975,"upper_bound":6440768.825062499},"point_estimate":6429143.885,"standard_error":5893.678616458995},"median":{"confidence_interval":{"confidence_level":0.95,"lower_bound":6409759.25,"upper_bound":6444441.875},"point_estimate":6428079.875,"standard_error":9242.937241158586},"median_abs_dev":{"confidence_interval":{"confidence_level":0.95,"lower_bound":59587.66665335745,"upper_bound":87886.95117719471},"point_estimate":76443.22529286146,"standard_error":7082.070206796333},"slope":null,"std_dev":{"confidence_interval":{"confidence_level":0.95,"lower_bound":52806.642737980175,"upper_bound":65334.756908874995},"point_estimate":59280.18547571035,"standard_error":3194.6112941373603}}