{"mean":{"confidence_interval":{"confidence_level":0.95,"lower_bound":4313462.335,"upper_bound":4356204.537666667},"point_estimate":4334450.9783333335,"standard_error":10884.88929982201},"median":{"confidence_interval":{"confidence_level":0.95,"lower_bound":4276378.25,"upper_bound":4337782.291666667},"point_estimate":4311418.041666667,"standard_error":15379.698748102865},"median_abs_dev":{"confidence_interval":{"confidence_level":0.95,"lower_bound":70350.06217541211,"upper_bound":129084.4817332928},"point_estimate":99137.25953996228,"standard_error":14049.061250498815},"slope":null,"std_dev":{"confidence_interval":{"confidence_level":0.95,"lower_bound":89259.65584758394,"upper_bound":126621.65483056245},"point_estimate":109099.56842901914,"standard_error":9535.322047454236}}