{"mean":{"confidence_interval":{"confidence_level":0.95,"lower_bound":4155723.324458334,"upper_bound":4161306.110666667},"point_estimate":4158433.8691666652,"standard_error":1427.828554913745},"median":{"confidence_interval":{"confidence_level":0.95,"lower_bound":4152067.25,"upper_bound":4158931.75},"point_estimate":4156141.958333333,"standard_error":1560.4078112224452},"median_abs_dev":{"confidence_interval":{"confidence_level":0.95,"lower_bound":9190.081261843443,"upper_bound":15093.856132030947},"point_estimate":11501.763495802765,"standard_error":1508.813816533562},"slope":null,"std_dev":{"confidence_interval":{"confidence_level":0.95,"lower_bound":11986.734241717124,"upper_bound":16239.155491542444},"point_estimate":14275.454577042683,"standard_error":1086.2604416765732}}