{"mean":{"confidence_interval":{"confidence_level":0.95,"lower_bound":4292303.378333332,"upper_bound":4314831.259916666},"point_estimate":4301547.445000001,"standard_error":5943.291457602136},"median":{"confidence_interval":{"confidence_level":0.95,"lower_bound":4290273.541666667,"upper_bound":4294444.166666667},"point_estimate":4291655.958333334,"standard_error":930.6173599506794},"median_abs_dev":{"confidence_interval":{"confidence_level":0.95,"lower_bound":6151.060190797082,"upper_bound":11791.488240659237},"point_estimate":8932.664841413498,"standard_error":1433.9741949982015},"slope":null,"std_dev":{"confidence_interval":{"confidence_level":0.95,"lower_bound":9120.382952039321,"upper_bound":94268.8151768155},"point_estimate":59847.400498426716,"standard_error":23215.677540828405}}