{"mean":{"confidence_interval":{"confidence_level":0.95,"lower_bound":3965236.5384615385,"upper_bound":3988044.5978269223},"point_estimate":3973677.0330769233,"standard_error":6468.019649227219},"median":{"confidence_interval":{"confidence_level":0.95,"lower_bound":3962369.769230769,"upper_bound":3969199.6153846155},"point_estimate":3965431.230769231,"standard_error":1601.4650437505152},"median_abs_dev":{"confidence_interval":{"confidence_level":0.95,"lower_bound":10634.746634272482,"upper_bound":17326.803753925884},"point_estimate":14034.405396993796,"standard_error":1671.879050535829},"slope":null,"std_dev":{"confidence_interval":{"confidence_level":0.95,"lower_bound":12328.412248330125,"upper_bound":110348.93535149735},"point_estimate":65209.450521321836,"standard_error":34358.08380360154}}