{"mean":{"confidence_interval":{"confidence_level":0.95,"lower_bound":4199753.764270834,"upper_bound":4228633.516604167},"point_estimate":4211622.828333333,"standard_error":7600.884887213983},"median":{"confidence_interval":{"confidence_level":0.95,"lower_bound":4195102.875,"upper_bound":4200753.833333333},"point_estimate":4198042.25,"standard_error":1324.0235818764259},"median_abs_dev":{"confidence_interval":{"confidence_level":0.95,"lower_bound":8959.10454094364,"upper_bound":14198.612847923772},"point_estimate":11180.657051503658,"standard_error":1377.3051480144281},"slope":null,"std_dev":{"confidence_interval":{"confidence_level":0.95,"lower_bound":15283.020525578118,"upper_bound":121704.46553214325},"point_estimate":76181.37802376457,"standard_error":29289.505394064738}}