{"mean":{"confidence_interval":{"confidence_level":0.95,"lower_bound":6629646.23625,"upper_bound":6654395.767187499},"point_estimate":6641934.22375,"standard_error":6323.160954072493},"median":{"confidence_interval":{"confidence_level":0.95,"lower_bound":6630035.4375,"upper_bound":6654180.5},"point_estimate":6637560.3125,"standard_error":6530.259051441667},"median_abs_dev":{"confidence_interval":{"confidence_level":0.95,"lower_bound":51035.397583628095,"upper_bound":80273.89760797836},"point_estimate":72857.7425815165,"standard_error":7636.312858939585},"slope":null,"std_dev":{"confidence_interval":{"confidence_level":0.95,"lower_bound":54904.31640690413,"upper_bound":70849.94005403528},"point_estimate":63444.01436625114,"standard_error":4079.165335209522}}