{"mean":{"confidence_interval":{"confidence_level":0.95,"lower_bound":3972414.3377307686,"upper_bound":3997563.911538461},"point_estimate":3981657.683076924,"standard_error":7257.736649092214},"median":{"confidence_interval":{"confidence_level":0.95,"lower_bound":3969820.076923077,"upper_bound":3975512.653846154},"point_estimate":3973263.076923077,"standard_error":1429.7767988979178},"median_abs_dev":{"confidence_interval":{"confidence_level":0.95,"lower_bound":10654.134480081886,"upper_bound":16466.610653813175},"point_estimate":14351.738814436632,"standard_error":1492.637010344178},"slope":null,"std_dev":{"confidence_interval":{"confidence_level":0.95,"lower_bound":11145.500413054835,"upper_bound":124372.18454533162},"point_estimate":73308.32152143214,"standard_error":39464.87967793815}}