{"mean":{"confidence_interval":{"confidence_level":0.95,"lower_bound":4313942.064187499,"upper_bound":4319051.4854791695},"point_estimate":4316486.524166666,"standard_error":1303.3872351664431},"median":{"confidence_interval":{"confidence_level":0.95,"lower_bound":4312498.916666666,"upper_bound":4319932.166666667},"point_estimate":4316296.0,"standard_error":2230.16703024242},"median_abs_dev":{"confidence_interval":{"confidence_level":0.95,"lower_bound":11727.180466800928,"upper_bound":18045.21847963356},"point_estimate":14861.026161164045,"standard_error":1734.3351200729774},"slope":null,"std_dev":{"confidence_interval":{"confidence_level":0.95,"lower_bound":11494.161542915268,"upper_bound":14571.722396834064},"point_estimate":13106.462169814082,"standard_error":782.5640745554605}}