{"mean":{"confidence_interval":{"confidence_level":0.95,"lower_bound":4168644.5875,"upper_bound":4175444.6149999993},"point_estimate":4171877.016666667,"standard_error":1744.1786760465184},"median":{"confidence_interval":{"confidence_level":0.95,"lower_bound":4164502.5833333335,"upper_bound":4170909.5833333335},"point_estimate":4167520.291666667,"standard_error":1458.0867619782987},"median_abs_dev":{"confidence_interval":{"confidence_level":0.95,"lower_bound":9034.222939610481,"upper_bound":16800.26692673564},"point_estimate":13027.914843708162,"standard_error":2000.373406829037},"slope":null,"std_dev":{"confidence_interval":{"confidence_level":0.95,"lower_bound":12420.992583926749,"upper_bound":23207.087119236578},"point_estimate":17498.835816158644,"standard_error":2934.115669494082}}