{"mean":{"confidence_interval":{"confidence_level":0.95,"lower_bound":4547506.625499999,"upper_bound":4558652.92918182},"point_estimate":4552510.797272728,"standard_error":2861.4925802181488},"median":{"confidence_interval":{"confidence_level":0.95,"lower_bound":4544526.545454545,"upper_bound":4550998.545454545},"point_estimate":4547628.909090909,"standard_error":1663.1520483223517},"median_abs_dev":{"confidence_interval":{"confidence_level":0.95,"lower_bound":9843.116007069195,"upper_bound":15141.33864255094},"point_estimate":13035.490704937665,"standard_error":1334.7982894834647},"slope":null,"std_dev":{"confidence_interval":{"confidence_level":0.95,"lower_bound":13786.784353758027,"upper_bound":41703.72042919591},"point_estimate":28734.109819561243,"standard_error":7378.218578468157}}