{"mean":{"confidence_interval":{"confidence_level":0.95,"lower_bound":4234177.494999998,"upper_bound":4272588.210833335},"point_estimate":4249327.415000001,"standard_error":10179.656621470705},"median":{"confidence_interval":{"confidence_level":0.95,"lower_bound":4232483.958333334,"upper_bound":4236063.0},"point_estimate":4233843.833333333,"standard_error":991.5646734809209},"median_abs_dev":{"confidence_interval":{"confidence_level":0.95,"lower_bound":8805.470118671195,"upper_bound":15310.006853192584},"point_estimate":11563.47671970679,"standard_error":1667.2976129714798},"slope":null,"std_dev":{"confidence_interval":{"confidence_level":0.95,"lower_bound":12815.542010233068,"upper_bound":164828.86226802404},"point_estimate":101477.16227112674,"standard_error":42729.97133765115}}