{"mean":{"confidence_interval":{"confidence_level":0.95,"lower_bound":4237867.144166666,"upper_bound":4284083.914999998},"point_estimate":4257442.553333333,"standard_error":11919.07576918248},"median":{"confidence_interval":{"confidence_level":0.95,"lower_bound":4233694.75,"upper_bound":4239744.666666667},"point_estimate":4236696.291666666,"standard_error":1504.6384397375907},"median_abs_dev":{"confidence_interval":{"confidence_level":0.95,"lower_bound":10823.165132850409,"upper_bound":18112.429678439865},"point_estimate":14899.079560488923,"standard_error":1834.0341693463788},"slope":null,"std_dev":{"confidence_interval":{"confidence_level":0.95,"lower_bound":15742.916529940569,"upper_bound":186506.95105502068},"point_estimate":119030.20281411093,"standard_error":42010.57504188651}}