{"mean":{"confidence_interval":{"confidence_level":0.95,"lower_bound":4502837.807499997,"upper_bound":4528541.400124999},"point_estimate":4515419.6691666655,"standard_error":6564.693134051322},"median":{"confidence_interval":{"confidence_level":0.95,"lower_bound":4507124.833333333,"upper_bound":4533591.708333334},"point_estimate":4523118.083333333,"standard_error":6289.228248976664},"median_abs_dev":{"confidence_interval":{"confidence_level":0.95,"lower_bound":37563.647133111495,"upper_bound":60478.55788879094},"point_estimate":49026.05995461345,"standard_error":5637.756501775655},"slope":null,"std_dev":{"confidence_interval":{"confidence_level":0.95,"lower_bound":50530.294705832275,"upper_bound":80616.64621561687},"point_estimate":65968.4532293695,"standard_error":7724.536181834607}}