{"mean":{"confidence_interval":{"confidence_level":0.95,"lower_bound":3957901.295384617,"upper_bound":3963342.3015384614},"point_estimate":3960511.5738461544,"standard_error":1395.7613995116835},"median":{"confidence_interval":{"confidence_level":0.95,"lower_bound":3956589.846153846,"upper_bound":3958911.1153846155},"point_estimate":3957491.923076923,"standard_error":607.1620422023168},"median_abs_dev":{"confidence_interval":{"confidence_level":0.95,"lower_bound":6384.759763570879,"upper_bound":11775.037083258863},"point_estimate":8523.809387133646,"standard_error":1386.0079669286358},"slope":null,"std_dev":{"confidence_interval":{"confidence_level":0.95,"lower_bound":10523.404547609029,"upper_bound":17094.548968932515},"point_estimate":14034.784780658018,"standard_error":1680.2814521549471}}