{"mean":{"confidence_interval":{"confidence_level":0.95,"lower_bound":-0.008478422768092686,"upper_bound":-0.0024407723008469558},"point_estimate":-0.00545149876373574,"standard_error":0.001535880082986051},"median":{"confidence_interval":{"confidence_level":0.95,"lower_bound":-0.0015051851212986023,"upper_bound":-0.0000172135715453825},"point_estimate":-0.0009235843142992861,"standard_error":0.0004015313955227152}}