{"mean":{"confidence_interval":{"confidence_level":0.95,"lower_bound":0.23068533694972798,"upper_bound":0.24133440350826102},"point_estimate":0.23606665644468694,"standard_error":0.002693989776543827},"median":{"confidence_interval":{"confidence_level":0.95,"lower_bound":0.23976088760033076,"upper_bound":0.241349841394342},"point_estimate":0.24065635510651995,"standard_error":0.00040471175866285165}}