{"mean":{"confidence_interval":{"confidence_level":0.95,"lower_bound":-0.0003877097364287707,"upper_bound":0.0016207392646251872},"point_estimate":0.0006635651115167729,"standard_error":0.0005133285590066039},"median":{"confidence_interval":{"confidence_level":0.95,"lower_bound":0.000014243546936798523,"upper_bound":0.0017409784057484945},"point_estimate":0.0011421060655045778,"standard_error":0.00042828917511158777}}