{"mean":{"confidence_interval":{"confidence_level":0.95,"lower_bound":-0.0019321442892273138,"upper_bound":0.0007290248605352652},"point_estimate":-0.0006305103605336315,"standard_error":0.0006655014623946221},"median":{"confidence_interval":{"confidence_level":0.95,"lower_bound":-0.0016766491405264539,"upper_bound":-0.00020857042566325184},"point_estimate":-0.0008693660636581724,"standard_error":0.00037600098127509707}}