{"mean":{"confidence_interval":{"confidence_level":0.95,"lower_bound":0.11228802883319904,"upper_bound":0.11970223421504023},"point_estimate":0.1164969050067175,"standard_error":0.001912783271025461},"median":{"confidence_interval":{"confidence_level":0.95,"lower_bound":0.11934780913980014,"upper_bound":0.12074522288028322},"point_estimate":0.12007052605784163,"standard_error":0.0003439180043152187}}