{"mean":{"confidence_interval":{"confidence_level":0.95,"lower_bound":-0.11378270726137232,"upper_bound":-0.1119479351997509},"point_estimate":-0.11289153240059213,"standard_error":0.0004710801578183368},"median":{"confidence_interval":{"confidence_level":0.95,"lower_bound":-0.11378787405461532,"upper_bound":-0.11291203092271629},"point_estimate":-0.11335668356288964,"standard_error":0.00022553199727441114}}