{"mean":{"confidence_interval":{"confidence_level":0.95,"lower_bound":-0.20635225861288575,"upper_bound":-0.2041277365347438},"point_estimate":-0.2051770725266706,"standard_error":0.0005703994374093988},"median":{"confidence_interval":{"confidence_level":0.95,"lower_bound":-0.20584133920221015,"upper_bound":-0.20469804383113865},"point_estimate":-0.20510723338137604,"standard_error":0.00028993132424025097}}