{"mean":{"confidence_interval":{"confidence_level":0.95,"lower_bound":0.12455663090864458,"upper_bound":0.13608099196828588},"point_estimate":0.12928746392635326,"standard_error":0.002983939705108216},"median":{"confidence_interval":{"confidence_level":0.95,"lower_bound":0.12259796267692424,"upper_bound":0.12442906864944159},"point_estimate":0.12335609952671978,"standard_error":0.0004599634126858592}}