{"mean":{"confidence_interval":{"confidence_level":0.95,"lower_bound":-0.0003946254433305037,"upper_bound":0.005460743653109055},"point_estimate":0.002642471781943101,"standard_error":0.0014828723079117442},"median":{"confidence_interval":{"confidence_level":0.95,"lower_bound":0.0021911966757570678,"upper_bound":0.003947426194858883},"point_estimate":0.002833590850594092,"standard_error":0.00044859219441237253}}