{"mean":{"confidence_interval":{"confidence_level":0.95,"lower_bound":0.12191451293084815,"upper_bound":0.12418046346653125},"point_estimate":0.12306018774657024,"standard_error":0.0005789679694419368},"median":{"confidence_interval":{"confidence_level":0.95,"lower_bound":0.12223798155565269,"upper_bound":0.12410200309576913},"point_estimate":0.12314835179451222,"standard_error":0.00047781425404802287}}