{"mean":{"confidence_interval":{"confidence_level":0.95,"lower_bound":-0.005565163664581981,"upper_bound":0.00020318059810955794},"point_estimate":-0.0025552188436951395,"standard_error":0.0014721568165734665},"median":{"confidence_interval":{"confidence_level":0.95,"lower_bound":-0.005489029842667135,"upper_bound":0.0023147851461418067},"point_estimate":0.00035628475366733525,"standard_error":0.00188344561581847}}