{"mean":{"confidence_interval":{"confidence_level":0.95,"lower_bound":0.21973490354597816,"upper_bound":0.23230511871849077},"point_estimate":0.22686741672073074,"standard_error":0.003242035370172271},"median":{"confidence_interval":{"confidence_level":0.95,"lower_bound":0.23740376545633057,"upper_bound":0.23975726547967002},"point_estimate":0.23844875378668817,"standard_error":0.0006070424970745489}}