{"mean":{"confidence_interval":{"confidence_level":0.95,"lower_bound":-0.0031586689017224024,"upper_bound":0.0024681790855180007},"point_estimate":0.00014733135662869934,"standard_error":0.0014588626039793505},"median":{"confidence_interval":{"confidence_level":0.95,"lower_bound":0.0011611989650339716,"upper_bound":0.0022275344701014888},"point_estimate":0.0018210643706140228,"standard_error":0.00027317174288073556}}