{"mean":{"confidence_interval":{"confidence_level":0.95,"lower_bound":-0.10691097132927235,"upper_bound":-0.10062280288787333},"point_estimate":-0.10449322773919678,"standard_error":0.0015728519278127872},"median":{"confidence_interval":{"confidence_level":0.95,"lower_bound":-0.10785058330960395,"upper_bound":-0.1066608713730981},"point_estimate":-0.10709609713936852,"standard_error":0.00031323500293594617}}