{"mean":{"confidence_interval":{"confidence_level":0.95,"lower_bound":0.12115882627099278,"upper_bound":0.12355145787913442},"point_estimate":0.1223313018103358,"standard_error":0.0006152506651972286},"median":{"confidence_interval":{"confidence_level":0.95,"lower_bound":0.12065516605464999,"upper_bound":0.1221307157250957},"point_estimate":0.12130451708374768,"standard_error":0.0003757029228784256}}