{"mean":{"confidence_interval":{"confidence_level":0.95,"lower_bound":-0.19305210720335864,"upper_bound":-0.18306378990747066},"point_estimate":-0.1886324217846841,"standard_error":0.0025732093746789536},"median":{"confidence_interval":{"confidence_level":0.95,"lower_bound":-0.19440574356525175,"upper_bound":-0.192901692061628},"point_estimate":-0.19358186108448072,"standard_error":0.0003804856442324564}}