{"mean":{"confidence_interval":{"confidence_level":0.95,"lower_bound":0.003414215381673952,"upper_bound":0.00791694478165999},"point_estimate":0.005591625233285713,"standard_error":0.0011888444895044885},"median":{"confidence_interval":{"confidence_level":0.95,"lower_bound":-0.00035745642749385187,"upper_bound":0.003690705766122848},"point_estimate":0.001003826936556873,"standard_error":0.0010853606707025149}}