{"mean":{"confidence_interval":{"confidence_level":0.95,"lower_bound":-0.000041695060801971415,"upper_bound":0.005486703636917527},"point_estimate":0.0019679136631651772,"standard_error":0.0014159733635458137},"median":{"confidence_interval":{"confidence_level":0.95,"lower_bound":0.00007557507001365593,"upper_bound":0.0010043139528159543},"point_estimate":0.0005469731491183349,"standard_error":0.00025148805238874597}}