{"mean":{"confidence_interval":{"confidence_level":0.95,"lower_bound":-0.1997283503156877,"upper_bound":-0.19721520276479235},"point_estimate":-0.19844428965157157,"standard_error":0.0006391512204151353},"median":{"confidence_interval":{"confidence_level":0.95,"lower_bound":-0.19953980895939172,"upper_bound":-0.19673452895735533},"point_estimate":-0.19853468131222574,"standard_error":0.0007608686643288597}}