{"mean":{"confidence_interval":{"confidence_level":0.95,"lower_bound":-0.11155412375921903,"upper_bound":-0.1098923792574432},"point_estimate":-0.11067859822754744,"standard_error":0.0004236562050917401},"median":{"confidence_interval":{"confidence_level":0.95,"lower_bound":-0.11111386096156495,"upper_bound":-0.10971898929460577},"point_estimate":-0.11036172469664607,"standard_error":0.00034780918600651475}}