{"mean":{"confidence_interval":{"confidence_level":0.95,"lower_bound":-0.018654614149343263,"upper_bound":-0.0009784016058691535},"point_estimate":-0.008424159933056896,"standard_error":0.0046136872881367835},"median":{"confidence_interval":{"confidence_level":0.95,"lower_bound":-0.0013652071894035833,"upper_bound":0.0002891836620864119},"point_estimate":-0.0005312144551222753,"standard_error":0.00041285743840381855}}