{"mean":{"confidence_interval":{"confidence_level":0.95,"lower_bound":-0.016351419804592118,"upper_bound":0.006475130681540092},"point_estimate":-0.003454234247395438,"standard_error":0.005795499258995277},"median":{"confidence_interval":{"confidence_level":0.95,"lower_bound":-0.001771724399367125,"upper_bound":-0.00013370005999502332},"point_estimate":-0.0009227921770197378,"standard_error":0.0004204491831847135}}