{"mean":{"confidence_interval":{"confidence_level":0.95,"lower_bound":0.0011161835857076148,"upper_bound":0.008170664633254296},"point_estimate":0.004358649423024108,"standard_error":0.0017126770321497762},"median":{"confidence_interval":{"confidence_level":0.95,"lower_bound":-0.0009037999738954472,"upper_bound":0.0002742335514514907},"point_estimate":-0.0003954234330639794,"standard_error":0.0002982982871137408}}