{"mean":{"confidence_interval":{"confidence_level":0.95,"lower_bound":-0.1200118124940892,"upper_bound":-0.11071834488687758},"point_estimate":-0.11460224569872257,"standard_error":0.002420860877534076},"median":{"confidence_interval":{"confidence_level":0.95,"lower_bound":-0.11077158597263659,"upper_bound":-0.1094520066613398},"point_estimate":-0.11004433428969596,"standard_error":0.00033517200321120106}}