{"mean":{"confidence_interval":{"confidence_level":0.95,"lower_bound":-0.0005807246854134133,"upper_bound":0.005041354817673182},"point_estimate":0.00208777234330082,"standard_error":0.001388196993897588},"median":{"confidence_interval":{"confidence_level":0.95,"lower_bound":-0.002081197983743288,"upper_bound":0.005003987680367577},"point_estimate":-0.0003508902430030547,"standard_error":0.0016141919901447395}}