{"mean":{"confidence_interval":{"confidence_level":0.95,"lower_bound":-0.18763387190093986,"upper_bound":-0.18052447682850378},"point_estimate":-0.18390642946179814,"standard_error":0.0018686855937116132},"median":{"confidence_interval":{"confidence_level":0.95,"lower_bound":-0.19241140302504578,"upper_bound":-0.1876588786825678},"point_estimate":-0.19140591188805667,"standard_error":0.001529467369673207}}