{"mean":{"confidence_interval":{"confidence_level":0.95,"lower_bound":0.0003248478238871367,"upper_bound":0.010570669537576143},"point_estimate":0.004663131393502162,"standard_error":0.0025674923579629924},"median":{"confidence_interval":{"confidence_level":0.95,"lower_bound":-0.0007661841055989369,"upper_bound":0.0007396343186718557},"point_estimate":-0.000156975754556421,"standard_error":0.000393828336875795}}