{"mean":{"confidence_interval":{"confidence_level":0.95,"lower_bound":0.11583103128399778,"upper_bound":0.12004844942300202},"point_estimate":0.11822007738352358,"standard_error":0.0010844639863300312},"median":{"confidence_interval":{"confidence_level":0.95,"lower_bound":0.11862606738810388,"upper_bound":0.12056900184569574},"point_estimate":0.11940378227198134,"standard_error":0.0005167909710771816}}