{"mean":{"confidence_interval":{"confidence_level":0.95,"lower_bound":-0.004507184316422647,"upper_bound":-0.0007207805462500649},"point_estimate":-0.0023362804666955395,"standard_error":0.0009819838157884456},"median":{"confidence_interval":{"confidence_level":0.95,"lower_bound":-0.0015502436951490006,"upper_bound":8.889492710828506e-7},"point_estimate":-0.0008432422313769949,"standard_error":0.00043438519625588694}}