{"mean":{"confidence_interval":{"confidence_level":0.95,"lower_bound":0.23278422077858532,"upper_bound":0.24202480521277703},"point_estimate":0.23807442415605218,"standard_error":0.0023828384957967665},"median":{"confidence_interval":{"confidence_level":0.95,"lower_bound":0.2397767097474781,"upper_bound":0.2413997831606276},"point_estimate":0.24048118128406415,"standard_error":0.0003943923212236033}}