{"mean":{"confidence_interval":{"confidence_level":0.95,"lower_bound":-0.009978824328528708,"upper_bound":0.0042014337897452615},"point_estimate":-0.002448534162701632,"standard_error":0.0036125977130322226},"median":{"confidence_interval":{"confidence_level":0.95,"lower_bound":-0.0006557233377645355,"upper_bound":0.00045307320943233087},"point_estimate":-0.00004798781740589231,"standard_error":0.0002885552071633404}}