{"mean":{"confidence_interval":{"confidence_level":0.95,"lower_bound":-0.13144865754877277,"upper_bound":-0.12678046372178609},"point_estimate":-0.12957029200661896,"standard_error":0.0011827001840706416},"median":{"confidence_interval":{"confidence_level":0.95,"lower_bound":-0.13056151263242832,"upper_bound":-0.12975333268341607},"point_estimate":-0.13017709703077296,"standard_error":0.00020999772010744765}}