{"mean":{"confidence_interval":{"confidence_level":0.95,"lower_bound":0.14641481578271112,"upper_bound":0.14955339695901734},"point_estimate":0.1478696058129676,"standard_error":0.0007898688930613231},"median":{"confidence_interval":{"confidence_level":0.95,"lower_bound":0.14706063181204576,"upper_bound":0.14851094844833157},"point_estimate":0.14766729554957903,"standard_error":0.0003732439364847694}}