{"mean":{"confidence_interval":{"confidence_level":0.95,"lower_bound":-0.0011121779540751579,"upper_bound":0.0013196404565833872},"point_estimate":0.0000992560200623327,"standard_error":0.0006151634700886497},"median":{"confidence_interval":{"confidence_level":0.95,"lower_bound":-0.00005080486578357135,"upper_bound":0.0009565355150542576},"point_estimate":0.000429933225196244,"standard_error":0.00025853919030957817}}