{"mean":{"confidence_interval":{"confidence_level":0.95,"lower_bound":-0.0009312233649112655,"upper_bound":0.0006116328248805701},"point_estimate":-0.00014928591704366223,"standard_error":0.00038889504474661467},"median":{"confidence_interval":{"confidence_level":0.95,"lower_bound":-0.00006497957761431028,"upper_bound":0.00020077685781916266},"point_estimate":0.00008063944782521482,"standard_error":0.00006860296838408026}}