{"mean":{"confidence_interval":{"confidence_level":0.95,"lower_bound":-0.1293168819373749,"upper_bound":-0.1179866591228229},"point_estimate":-0.12376387088699048,"standard_error":0.0028843023992957497},"median":{"confidence_interval":{"confidence_level":0.95,"lower_bound":-0.11583161989824187,"upper_bound":-0.11513408570977285},"point_estimate":-0.11540582165309066,"standard_error":0.00018266314025661146}}