{"mean":{"confidence_interval":{"confidence_level":0.95,"lower_bound":-0.0012588928019118257,"upper_bound":0.000026990602035653295},"point_estimate":-0.0006060020504259356,"standard_error":0.00032554163278965774},"median":{"confidence_interval":{"confidence_level":0.95,"lower_bound":-0.0007502321146264368,"upper_bound":-0.00031101001468314404},"point_estimate":-0.000528804903786706,"standard_error":0.0001119845752026848}}