{"mean":{"confidence_interval":{"confidence_level":0.95,"lower_bound":-0.11467226943611303,"upper_bound":-0.1139003060846179},"point_estimate":-0.11431189026422495,"standard_error":0.00020036667859678567},"median":{"confidence_interval":{"confidence_level":0.95,"lower_bound":-0.1146735678916716,"upper_bound":-0.11412822343679482},"point_estimate":-0.11443198000026833,"standard_error":0.00013679352588264187}}