{"mean":{"confidence_interval":{"confidence_level":0.95,"lower_bound":-0.11445641930603195,"upper_bound":-0.10803266807779417},"point_estimate":-0.11138493842919162,"standard_error":0.00165293691617109},"median":{"confidence_interval":{"confidence_level":0.95,"lower_bound":-0.11500715819481877,"upper_bound":-0.11464024996589961},"point_estimate":-0.11487974754839003,"standard_error":0.00009707878042358555}}