{"mean":{"confidence_interval":{"confidence_level":0.95,"lower_bound":-0.11405747840274108,"upper_bound":-0.10844381228318743},"point_estimate":-0.11161984838323702,"standard_error":0.0014202911471482393},"median":{"confidence_interval":{"confidence_level":0.95,"lower_bound":-0.11502090969530132,"upper_bound":-0.11456216653478235},"point_estimate":-0.11482116307334433,"standard_error":0.00011751611475296605}}