{"mean":{"confidence_interval":{"confidence_level":0.95,"lower_bound":0.12779713389692765,"upper_bound":0.12949046094624206},"point_estimate":0.12873806562626844,"standard_error":0.0004346610411612648},"median":{"confidence_interval":{"confidence_level":0.95,"lower_bound":0.1289370601908688,"upper_bound":0.12954522535461943},"point_estimate":0.12926789655877857,"standard_error":0.0001533495764276939}}