{"mean":{"confidence_interval":{"confidence_level":0.95,"lower_bound":-0.007262416301713761,"upper_bound":-0.0006947542147475895},"point_estimate":-0.003179562975575645,"standard_error":0.0017651445307370292},"median":{"confidence_interval":{"confidence_level":0.95,"lower_bound":-0.0007300414225640539,"upper_bound":-0.00022509573885587386},"point_estimate":-0.0004573756733311507,"standard_error":0.00013152635544043587}}