{"mean":{"confidence_interval":{"confidence_level":0.95,"lower_bound":-0.12739157094384512,"upper_bound":-0.12342207127348448},"point_estimate":-0.1250510103572543,"standard_error":0.0010341399972836395},"median":{"confidence_interval":{"confidence_level":0.95,"lower_bound":-0.12404250392537142,"upper_bound":-0.12363415075257222},"point_estimate":-0.12380512545710398,"standard_error":0.00010617239014761471}}