{"mean":{"confidence_interval":{"confidence_level":0.95,"lower_bound":-0.4790757050643603,"upper_bound":-0.47819544226814803},"point_estimate":-0.4786164950743622,"standard_error":0.00022460580134670442},"median":{"confidence_interval":{"confidence_level":0.95,"lower_bound":-0.47908655727436544,"upper_bound":-0.4782684486716954},"point_estimate":-0.47863107243799685,"standard_error":0.0001914133802870714}}