{"mean":{"confidence_interval":{"confidence_level":0.95,"lower_bound":-0.0006060806704317022,"upper_bound":0.009898117814425738},"point_estimate":0.0036365683361210266,"standard_error":0.0028213860276367336},"median":{"confidence_interval":{"confidence_level":0.95,"lower_bound":-0.00018707656829775043,"upper_bound":0.0002711470871725741},"point_estimate":0.0000690604962763075,"standard_error":0.0001090572174155555}}