{"mean":{"confidence_interval":{"confidence_level":0.95,"lower_bound":-0.0006717222670625244,"upper_bound":0.0007954082661997597},"point_estimate":0.000022968082256324962,"standard_error":0.00037029578189709615},"median":{"confidence_interval":{"confidence_level":0.95,"lower_bound":-0.0005330601946181008,"upper_bound":-0.0001381661723267591},"point_estimate":-0.00033337562973534407,"standard_error":0.00010153295654897573}}