{"mean":{"confidence_interval":{"confidence_level":0.95,"lower_bound":-0.005679018810814837,"upper_bound":-0.0005098596497436639},"point_estimate":-0.0026728553070491934,"standard_error":0.0013479726542610273},"median":{"confidence_interval":{"confidence_level":0.95,"lower_bound":-0.0005872824171084812,"upper_bound":-0.0002524683372790967},"point_estimate":-0.00045504374384952584,"standard_error":0.00008789613992591328}}