{"mean":{"confidence_interval":{"confidence_level":0.95,"lower_bound":0.00024073484241703412,"upper_bound":0.0019134217433182715},"point_estimate":0.0009440385316470401,"standard_error":0.0004209340732692215},"median":{"confidence_interval":{"confidence_level":0.95,"lower_bound":0.0002914002416252504,"upper_bound":0.0007241999492113571},"point_estimate":0.0004929830986462047,"standard_error":0.00011152837835618505}}