{"mean":{"confidence_interval":{"confidence_level":0.95,"lower_bound":0.12913759525451465,"upper_bound":0.1303639361715445},"point_estimate":0.12967916466050622,"standard_error":0.00031509363666358666},"median":{"confidence_interval":{"confidence_level":0.95,"lower_bound":0.12929597519937341,"upper_bound":0.12972893911078298},"point_estimate":0.12949983131247733,"standard_error":0.0001129230389247175}}