{"mean":{"confidence_interval":{"confidence_level":0.95,"lower_bound":-0.006399590556301077,"upper_bound":0.0003382287232337783},"point_estimate":-0.0025321077447503226,"standard_error":0.0017489587829663093},"median":{"confidence_interval":{"confidence_level":0.95,"lower_bound":0.00016056129319252932,"upper_bound":0.0006652398965267814},"point_estimate":0.00043385249202843035,"standard_error":0.00012640946910047026}}