{"mean":{"confidence_interval":{"confidence_level":0.95,"lower_bound":1.1671429885662377,"upper_bound":1.1710497662303152},"point_estimate":1.1690568617863368,"standard_error":0.0009550596671206147},"median":{"confidence_interval":{"confidence_level":0.95,"lower_bound":1.1679983075497744,"upper_bound":1.1713729998281859},"point_estimate":1.169824073491815,"standard_error":0.000936140457053599}}