{"mean":{"confidence_interval":{"confidence_level":0.95,"lower_bound":0.0003271773940479562,"upper_bound":0.005655908026615119},"point_estimate":0.002275780679050987,"standard_error":0.0015977396976886349},"median":{"confidence_interval":{"confidence_level":0.95,"lower_bound":0.00013658077598449646,"upper_bound":0.0007135532853304362},"point_estimate":0.00043286201712344763,"standard_error":0.0001454387848068428}}