{"mean":{"confidence_interval":{"confidence_level":0.95,"lower_bound":-0.009414343273027372,"upper_bound":0.000046171304965751514},"point_estimate":-0.0037748063238073337,"standard_error":0.00252159513254903},"median":{"confidence_interval":{"confidence_level":0.95,"lower_bound":-0.00021799707311909167,"upper_bound":0.000254709985601631},"point_estimate":-6.630341769953141e-6,"standard_error":0.00012412780977442219}}