{"mean":{"confidence_interval":{"confidence_level":0.95,"lower_bound":-0.002942382038960325,"upper_bound":-0.0004781693674697024},"point_estimate":-0.0015608180726829346,"standard_error":0.0006359839417596778},"median":{"confidence_interval":{"confidence_level":0.95,"lower_bound":-0.000746297744666502,"upper_bound":-0.00034038685923631906},"point_estimate":-0.0005714571062993556,"standard_error":0.00010534811435615425}}