{"mean":{"confidence_interval":{"confidence_level":0.95,"lower_bound":0.14067291086355124,"upper_bound":0.1422726491595905},"point_estimate":0.1415058605585937,"standard_error":0.0004080174099162136},"median":{"confidence_interval":{"confidence_level":0.95,"lower_bound":0.1412840757296443,"upper_bound":0.14188122086254862},"point_estimate":0.141644639391711,"standard_error":0.00015170505553697687}}