{"mean":{"confidence_interval":{"confidence_level":0.95,"lower_bound":0.0001442339702201257,"upper_bound":0.0035680402729284864},"point_estimate":0.0014906160823426884,"standard_error":0.0008879300951180102},"median":{"confidence_interval":{"confidence_level":0.95,"lower_bound":-0.0001228217766009454,"upper_bound":0.00023565299149597152},"point_estimate":0.00007748339208735189,"standard_error":0.00009004762755559533}}