{"mean":{"confidence_interval":{"confidence_level":0.95,"lower_bound":-0.0002661708191357689,"upper_bound":0.004973442192471806},"point_estimate":0.0018315852008872202,"standard_error":0.0013455587059520828},"median":{"confidence_interval":{"confidence_level":0.95,"lower_bound":-0.0006021472307280198,"upper_bound":0.000035103924930668384},"point_estimate":-0.00031308271192931336,"standard_error":0.00016279252306220275}}