{"mean":{"confidence_interval":{"confidence_level":0.95,"lower_bound":-0.22422465013716555,"upper_bound":-0.2221699501252969},"point_estimate":-0.223491172190032,"standard_error":0.0005276140258258823},"median":{"confidence_interval":{"confidence_level":0.95,"lower_bound":-0.22422606115432536,"upper_bound":-0.22390436829468485},"point_estimate":-0.22405881861149124,"standard_error":0.00008153783262201815}}