{"mean":{"confidence_interval":{"confidence_level":0.95,"lower_bound":-0.00034938723032607033,"upper_bound":0.0007321694836113767},"point_estimate":0.00025264616006381857,"standard_error":0.0002759870809235923},"median":{"confidence_interval":{"confidence_level":0.95,"lower_bound":0.00016060654136751396,"upper_bound":0.000542082226008489},"point_estimate":0.00041224804299577755,"standard_error":0.0000989697707960083}}