{"mean":{"confidence_interval":{"confidence_level":0.95,"lower_bound":0.00005821671000788011,"upper_bound":0.0008362111966694729},"point_estimate":0.0004445411756177631,"standard_error":0.0001988228192313842},"median":{"confidence_interval":{"confidence_level":0.95,"lower_bound":0.00016938538629673872,"upper_bound":0.000548922897164017},"point_estimate":0.0002988856161183495,"standard_error":0.00010037609834071153}}