{"mean":{"confidence_interval":{"confidence_level":0.95,"lower_bound":-0.11461036926078261,"upper_bound":-0.1128358430609292},"point_estimate":-0.11386840568344114,"standard_error":0.0004397461359425332},"median":{"confidence_interval":{"confidence_level":0.95,"lower_bound":-0.11484606147698934,"upper_bound":-0.11434045471253074},"point_estimate":-0.11457967863568219,"standard_error":0.000129780726062106}}