{"mean":{"confidence_interval":{"confidence_level":0.95,"lower_bound":-0.4790730602469811,"upper_bound":-0.47841318294201535},"point_estimate":-0.47875303893272947,"standard_error":0.00016806310841088883},"median":{"confidence_interval":{"confidence_level":0.95,"lower_bound":-0.47925128360110647,"upper_bound":-0.47833052866236614},"point_estimate":-0.47869565959651605,"standard_error":0.0002338094649669382}}