{"mean":{"confidence_interval":{"confidence_level":0.95,"lower_bound":0.1187494522178492,"upper_bound":0.1262542886142375},"point_estimate":0.1227911863623865,"standard_error":0.0019212860699141718},"median":{"confidence_interval":{"confidence_level":0.95,"lower_bound":0.12893705784740894,"upper_bound":0.12959511497183862},"point_estimate":0.12921197705149234,"standard_error":0.0001748806276991858}}