{"mean":{"confidence_interval":{"confidence_level":0.95,"lower_bound":0.9177313014047854,"upper_bound":0.919998806075166},"point_estimate":0.9189095744521687,"standard_error":0.0005922792789921413},"median":{"confidence_interval":{"confidence_level":0.95,"lower_bound":0.9171234898890006,"upper_bound":0.9203067140840402},"point_estimate":0.9185776426262049,"standard_error":0.0008363734465371262}}