{"mean":{"confidence_interval":{"confidence_level":0.95,"lower_bound":0.12559605190460074,"upper_bound":0.1332783438170438},"point_estimate":0.12953042565381634,"standard_error":0.0019491785955898576},"median":{"confidence_interval":{"confidence_level":0.95,"lower_bound":0.12972344835251381,"upper_bound":0.13035767708560797},"point_estimate":0.1300508298183367,"standard_error":0.00015957343021233953}}