{"mean":{"confidence_interval":{"confidence_level":0.95,"lower_bound":-0.11519691688125012,"upper_bound":-0.1142898879398861},"point_estimate":-0.114729991119915,"standard_error":0.00023441296119387382},"median":{"confidence_interval":{"confidence_level":0.95,"lower_bound":-0.11508891514140229,"upper_bound":-0.11464638564348217},"point_estimate":-0.11490606040779872,"standard_error":0.00010367902824009233}}