{"mean":{"confidence_interval":{"confidence_level":0.95,"lower_bound":-0.0037256480118620563,"upper_bound":0.0005310483306694365},"point_estimate":-0.0012510885026990604,"standard_error":0.0011055346528967237},"median":{"confidence_interval":{"confidence_level":0.95,"lower_bound":-0.00001784211811550751,"upper_bound":0.000505360260483867},"point_estimate":0.00021572674173997441,"standard_error":0.00013173507011418972}}