{"mean":{"confidence_interval":{"confidence_level":0.95,"lower_bound":0.0023450253044867203,"upper_bound":0.009272829317100129},"point_estimate":0.005443389355866968,"standard_error":0.001795643424105385},"median":{"confidence_interval":{"confidence_level":0.95,"lower_bound":0.0016018030286364393,"upper_bound":0.002217852814419069},"point_estimate":0.0018717301160964261,"standard_error":0.00016503320156581713}}