{"mean":{"confidence_interval":{"confidence_level":0.95,"lower_bound":-0.002306209987502633,"upper_bound":0.0023772219921597833},"point_estimate":-0.00010871939860557234,"standard_error":0.0011881268435166882},"median":{"confidence_interval":{"confidence_level":0.95,"lower_bound":-0.00008700274734015595,"upper_bound":0.0002738621227549191},"point_estimate":0.00013258205672572743,"standard_error":0.00008931937175068891}}