{"mean":{"confidence_interval":{"confidence_level":0.95,"lower_bound":-0.006864928831390462,"upper_bound":0.005502293428952387},"point_estimate":-0.0009906205585618055,"standard_error":0.003073064322182882},"median":{"confidence_interval":{"confidence_level":0.95,"lower_bound":-0.0012231377955714828,"upper_bound":-0.0005008869432719942},"point_estimate":-0.0007890286415369596,"standard_error":0.00018957054928833478}}