{"mean":{"confidence_interval":{"confidence_level":0.95,"lower_bound":-0.11461737759888342,"upper_bound":-0.11377492083647282},"point_estimate":-0.11424363522668313,"standard_error":0.00021236368139694516},"median":{"confidence_interval":{"confidence_level":0.95,"lower_bound":-0.11471450949796291,"upper_bound":-0.11437725996375858},"point_estimate":-0.11457227409237469,"standard_error":0.00008242514288367601}}