{"mean":{"confidence_interval":{"confidence_level":0.95,"lower_bound":-0.0005536839639390638,"upper_bound":0.00045773397923624113},"point_estimate":-0.00013297324716876613,"standard_error":0.00025284042490158494},"median":{"confidence_interval":{"confidence_level":0.95,"lower_bound":-0.0005205799165254321,"upper_bound":-0.00015559345366056586},"point_estimate":-0.00037190669902931184,"standard_error":0.00009192422192975636}}