{"mean":{"confidence_interval":{"confidence_level":0.95,"lower_bound":-0.11447146808376961,"upper_bound":-0.10877756663202834},"point_estimate":-0.11220943851364962,"standard_error":0.0016035767388861216},"median":{"confidence_interval":{"confidence_level":0.95,"lower_bound":-0.11462722391687898,"upper_bound":-0.11428672559878242},"point_estimate":-0.11448992572767769,"standard_error":0.00008547105133262657}}