{"mean":{"confidence_interval":{"confidence_level":0.95,"lower_bound":-0.11850589088310459,"upper_bound":-0.11553668200131273},"point_estimate":-0.11706354392665907,"standard_error":0.0007247480285927524},"median":{"confidence_interval":{"confidence_level":0.95,"lower_bound":-0.11497126813350345,"upper_bound":-0.11459801185171781},"point_estimate":-0.11478362438406331,"standard_error":0.00010293805997920563}}