{"mean":{"confidence_interval":{"confidence_level":0.95,"lower_bound":1.1514378299950032,"upper_bound":1.1632645800067658},"point_estimate":1.1589461348186179,"standard_error":0.0034006122751148765},"median":{"confidence_interval":{"confidence_level":0.95,"lower_bound":1.1613542468854723,"upper_bound":1.1639779075185643},"point_estimate":1.1623316931216663,"standard_error":0.0006441620577150079}}