{"mean":{"confidence_interval":{"confidence_level":0.95,"lower_bound":0.1285602017161456,"upper_bound":0.129942160944017},"point_estimate":0.12931016207403467,"standard_error":0.0003502510870761882},"median":{"confidence_interval":{"confidence_level":0.95,"lower_bound":0.1291277804226794,"upper_bound":0.12968806872672078},"point_estimate":0.12939174220071314,"standard_error":0.00014553002504753308}}