{"mean":{"confidence_interval":{"confidence_level":0.95,"lower_bound":0.029268105456462707,"upper_bound":0.03768187328386877},"point_estimate":0.033470425158640404,"standard_error":0.0021474135955643755},"median":{"confidence_interval":{"confidence_level":0.95,"lower_bound":0.03133314665896228,"upper_bound":0.04429319693129408},"point_estimate":0.03893672578741869,"standard_error":0.003506081945383233}}