{"mean":{"confidence_interval":{"confidence_level":0.95,"lower_bound":-0.0009333398437748024,"upper_bound":0.0004880336802241535},"point_estimate":-0.00031047930006122826,"standard_error":0.00035677941911173647},"median":{"confidence_interval":{"confidence_level":0.95,"lower_bound":-0.0007143893267538282,"upper_bound":-0.0002549542179220987},"point_estimate":-0.0004540162075209464,"standard_error":0.00011268050940100623}}