{"mean":{"confidence_interval":{"confidence_level":0.95,"lower_bound":-0.0021981467406409104,"upper_bound":-0.00038449922375603525},"point_estimate":-0.0011972055832201178,"standard_error":0.00046685321018897287},"median":{"confidence_interval":{"confidence_level":0.95,"lower_bound":-0.00052646278490176,"upper_bound":-0.00019137856519457763},"point_estimate":-0.0003841331791436531,"standard_error":0.00008730951116496605}}