{"mean":{"confidence_interval":{"confidence_level":0.95,"lower_bound":0.11962015256469632,"upper_bound":0.12838040685354624},"point_estimate":0.12486444165261146,"standard_error":0.0023119467500243196},"median":{"confidence_interval":{"confidence_level":0.95,"lower_bound":0.12891790154584637,"upper_bound":0.12959867745711695},"point_estimate":0.12924252080735443,"standard_error":0.00016196145186265915}}