{"mean":{"confidence_interval":{"confidence_level":0.95,"lower_bound":0.12780631797294895,"upper_bound":0.1296170240592088},"point_estimate":0.12874528746188174,"standard_error":0.0004613038762620856},"median":{"confidence_interval":{"confidence_level":0.95,"lower_bound":0.12951118020347185,"upper_bound":0.13023349940969575},"point_estimate":0.12990139199819684,"standard_error":0.00018739915084314113}}