{"mean":{"confidence_interval":{"confidence_level":0.95,"lower_bound":90431.4238138782,"upper_bound":90551.36445016893},"point_estimate":90487.47230334932,"standard_error":30.528286416996178},"median":{"confidence_interval":{"confidence_level":0.95,"lower_bound":90446.90988582568,"upper_bound":90522.52724594992},"point_estimate":90488.01674044266,"standard_error":18.532258787255927},"median_abs_dev":{"confidence_interval":{"confidence_level":0.95,"lower_bound":110.20191294619174,"upper_bound":221.75067104244295},"point_estimate":143.57215745108817,"standard_error":27.962601263837925},"slope":{"confidence_interval":{"confidence_level":0.95,"lower_bound":90489.19525120921,"upper_bound":90551.52296761588},"point_estimate":90519.23069180266,"standard_error":15.80103989281549},"std_dev":{"confidence_interval":{"confidence_level":0.95,"lower_bound":195.99895101613814,"upper_bound":432.0953005496742},"point_estimate":306.16949098958185,"standard_error":66.74365247391216}}