{"mean":{"confidence_interval":{"confidence_level":0.95,"lower_bound":86858.69402155119,"upper_bound":87005.88028897019},"point_estimate":86931.81866480947,"standard_error":37.47745836311965},"median":{"confidence_interval":{"confidence_level":0.95,"lower_bound":86850.05215419501,"upper_bound":86946.05194805194},"point_estimate":86904.59548817085,"standard_error":26.142210770557757},"median_abs_dev":{"confidence_interval":{"confidence_level":0.95,"lower_bound":144.19762771097191,"upper_bound":322.36900578953},"point_estimate":229.7398921226741,"standard_error":44.645778080385384},"slope":{"confidence_interval":{"confidence_level":0.95,"lower_bound":86940.7221373604,"upper_bound":87039.89618578201},"point_estimate":86988.40347780194,"standard_error":25.338313026606684},"std_dev":{"confidence_interval":{"confidence_level":0.95,"lower_bound":301.976534897734,"upper_bound":442.4303451147162},"point_estimate":375.51595654537255,"standard_error":35.9899296482716}}