{"mean":{"confidence_interval":{"confidence_level":0.95,"lower_bound":71139.1258282716,"upper_bound":71744.009578549},"point_estimate":71364.44478279832,"standard_error":166.20705247857947},"median":{"confidence_interval":{"confidence_level":0.95,"lower_bound":71108.01985278315,"upper_bound":71168.1564615691},"point_estimate":71136.41900510204,"standard_error":18.125572962171336},"median_abs_dev":{"confidence_interval":{"confidence_level":0.95,"lower_bound":124.07789325173069,"upper_bound":203.80647630711346},"point_estimate":157.628435936161,"standard_error":20.289997377869405},"slope":{"confidence_interval":{"confidence_level":0.95,"lower_bound":71207.75204917642,"upper_bound":72329.670417751},"point_estimate":71609.37762770307,"standard_error":312.6372346156372},"std_dev":{"confidence_interval":{"confidence_level":0.95,"lower_bound":292.76725838069,"upper_bound":2791.759202968571},"point_estimate":1663.3347546417406,"standard_error":828.6165360694291}}