{"mean":{"confidence_interval":{"confidence_level":0.95,"lower_bound":82775.73677324227,"upper_bound":83333.20714434877},"point_estimate":83052.66879605388,"standard_error":141.85593086777916},"median":{"confidence_interval":{"confidence_level":0.95,"lower_bound":81976.98569920579,"upper_bound":83942.05952380953},"point_estimate":82135.36858998144,"standard_error":481.1534199531638},"median_abs_dev":{"confidence_interval":{"confidence_level":0.95,"lower_bound":441.98414727508407,"upper_bound":2168.2021351909293},"point_estimate":839.9312740278144,"standard_error":461.2458489685871},"slope":{"confidence_interval":{"confidence_level":0.95,"lower_bound":82000.96051072518,"upper_bound":82222.8396195196},"point_estimate":82100.35674723976,"standard_error":56.711212149794896},"std_dev":{"confidence_interval":{"confidence_level":0.95,"lower_bound":1327.4601128033114,"upper_bound":1493.2311021734884},"point_estimate":1423.4865190394985,"standard_error":41.93046275007141}}