{"mean":{"confidence_interval":{"confidence_level":0.95,"lower_bound":87418.88611982587,"upper_bound":88229.1399512555},"point_estimate":87759.45072759116,"standard_error":209.88206229952},"median":{"confidence_interval":{"confidence_level":0.95,"lower_bound":87271.70319264069,"upper_bound":87401.94897959183},"point_estimate":87331.00314009661,"standard_error":32.99707426054412},"median_abs_dev":{"confidence_interval":{"confidence_level":0.95,"lower_bound":221.3925202598442,"upper_bound":412.6140512628738},"point_estimate":307.03764189165094,"standard_error":50.54935648077772},"slope":{"confidence_interval":{"confidence_level":0.95,"lower_bound":87405.27820727113,"upper_bound":88020.60766642589},"point_estimate":87671.66294623066,"standard_error":158.52498159403908},"std_dev":{"confidence_interval":{"confidence_level":0.95,"lower_bound":663.4742274141273,"upper_bound":3314.7491843277885},"point_estimate":2106.0828004976615,"standard_error":729.06357296038}}