{"mean":{"confidence_interval":{"confidence_level":0.95,"lower_bound":85162.99013233373,"upper_bound":85666.77856378001},"point_estimate":85412.2748578618,"standard_error":128.22890320740518},"median":{"confidence_interval":{"confidence_level":0.95,"lower_bound":84448.55827067669,"upper_bound":86260.27604166666},"point_estimate":84789.60283060593,"standard_error":484.6878583240256},"median_abs_dev":{"confidence_interval":{"confidence_level":0.95,"lower_bound":654.7402489042041,"upper_bound":1942.5857835979346},"point_estimate":1245.0539699245612,"standard_error":372.855796544928},"slope":{"confidence_interval":{"confidence_level":0.95,"lower_bound":84480.67465234653,"upper_bound":84794.94647012655},"point_estimate":84622.75537587874,"standard_error":80.38070035736499},"std_dev":{"confidence_interval":{"confidence_level":0.95,"lower_bound":1196.6812163211312,"upper_bound":1364.8611276942522},"point_estimate":1289.6828661178547,"standard_error":42.978986028882176}}