{"mean":{"confidence_interval":{"confidence_level":0.95,"lower_bound":82537.13248378635,"upper_bound":83044.59757578572},"point_estimate":82789.2521237188,"standard_error":129.8754777230716},"median":{"confidence_interval":{"confidence_level":0.95,"lower_bound":81768.50537634408,"upper_bound":83796.57142857143},"point_estimate":81991.72250566893,"standard_error":519.1604489495949},"median_abs_dev":{"confidence_interval":{"confidence_level":0.95,"lower_bound":473.23726670040315,"upper_bound":1998.6757460953634},"point_estimate":927.6648152510899,"standard_error":424.82154594138353},"slope":{"confidence_interval":{"confidence_level":0.95,"lower_bound":81810.19136532886,"upper_bound":82054.60763313003},"point_estimate":81919.91930671959,"standard_error":62.30525162867859},"std_dev":{"confidence_interval":{"confidence_level":0.95,"lower_bound":1225.5542391376257,"upper_bound":1380.4716817490432},"point_estimate":1313.5178115622948,"standard_error":39.39530966113681}}