{"mean":{"confidence_interval":{"confidence_level":0.95,"lower_bound":94117.08129539757,"upper_bound":94321.23656303738},"point_estimate":94219.72368326026,"standard_error":52.14128391757793},"median":{"confidence_interval":{"confidence_level":0.95,"lower_bound":94156.51444444444,"upper_bound":94368.73015873016},"point_estimate":94244.51061746987,"standard_error":55.734004094222506},"median_abs_dev":{"confidence_interval":{"confidence_level":0.95,"lower_bound":430.57121743138987,"upper_bound":651.4130025536949},"point_estimate":551.8065049976517,"standard_error":55.48033799764064},"slope":{"confidence_interval":{"confidence_level":0.95,"lower_bound":94154.71036693262,"upper_bound":94380.84583438217},"point_estimate":94269.46723511157,"standard_error":57.91976386423363},"std_dev":{"confidence_interval":{"confidence_level":0.95,"lower_bound":451.2125427403942,"upper_bound":594.5893907437095},"point_estimate":525.5609547630955,"standard_error":36.549233590188976}}