{"mean":{"confidence_interval":{"confidence_level":0.95,"lower_bound":42713.191774258245,"upper_bound":43180.39823786545},"point_estimate":42945.29740834949,"standard_error":118.38287373993718},"median":{"confidence_interval":{"confidence_level":0.95,"lower_bound":42873.22313456275,"upper_bound":43027.30654925702},"point_estimate":42928.65839219978,"standard_error":33.74927046257975},"median_abs_dev":{"confidence_interval":{"confidence_level":0.95,"lower_bound":224.68596684435764,"upper_bound":374.10485466963564},"point_estimate":296.74797663590704,"standard_error":37.814844361933616},"slope":{"confidence_interval":{"confidence_level":0.95,"lower_bound":43070.01583544762,"upper_bound":43771.63578871662},"point_estimate":43383.12210522934,"standard_error":179.55870442810868},"std_dev":{"confidence_interval":{"confidence_level":0.95,"lower_bound":648.7398492634811,"upper_bound":1626.0073142749222},"point_estimate":1187.238107834354,"standard_error":248.28520568686108}}