{"mean":{"confidence_interval":{"confidence_level":0.95,"lower_bound":21691.574327325172,"upper_bound":21764.900287319997},"point_estimate":21730.078590783243,"standard_error":18.736962770718016},"median":{"confidence_interval":{"confidence_level":0.95,"lower_bound":21714.585053921233,"upper_bound":21773.16149068323},"point_estimate":21741.81186084447,"standard_error":15.180301953519853},"median_abs_dev":{"confidence_interval":{"confidence_level":0.95,"lower_bound":111.77361105910096,"upper_bound":177.48014199531985},"point_estimate":152.72178113857396,"standard_error":16.65116475130323},"slope":{"confidence_interval":{"confidence_level":0.95,"lower_bound":21685.594136798434,"upper_bound":21725.42997677841},"point_estimate":21705.023239249298,"standard_error":10.158626828271645},"std_dev":{"confidence_interval":{"confidence_level":0.95,"lower_bound":127.62200258948762,"upper_bound":244.85316409269956},"point_estimate":187.7298510272607,"standard_error":30.194446632806315}}