{"mean":{"confidence_interval":{"confidence_level":0.95,"lower_bound":26087.460127153812,"upper_bound":26202.32211866764},"point_estimate":26152.85709496997,"standard_error":29.620351402718676},"median":{"confidence_interval":{"confidence_level":0.95,"lower_bound":26129.123481781375,"upper_bound":26204.662280701756},"point_estimate":26164.805313230223,"standard_error":17.433439752295605},"median_abs_dev":{"confidence_interval":{"confidence_level":0.95,"lower_bound":94.58325983774915,"upper_bound":175.26505931763123},"point_estimate":137.05672837171255,"standard_error":20.1516249641684},"slope":{"confidence_interval":{"confidence_level":0.95,"lower_bound":26176.423564347504,"upper_bound":26241.33343911488},"point_estimate":26207.970868300497,"standard_error":16.56396473509317},"std_dev":{"confidence_interval":{"confidence_level":0.95,"lower_bound":131.14564459987105,"upper_bound":459.6097349464795},"point_estimate":297.6553405344825,"standard_error":96.19694529588736}}