{"mean":{"confidence_interval":{"confidence_level":0.95,"lower_bound":44942.48834677319,"upper_bound":45359.66758797968},"point_estimate":45164.941061403544,"standard_error":106.7208057161302},"median":{"confidence_interval":{"confidence_level":0.95,"lower_bound":45259.72781326782,"upper_bound":45318.250339213024},"point_estimate":45289.90880455751,"standard_error":15.240834267209177},"median_abs_dev":{"confidence_interval":{"confidence_level":0.95,"lower_bound":126.55510358621588,"upper_bound":228.114668776694},"point_estimate":182.58236915556282,"standard_error":26.19322028580075},"slope":{"confidence_interval":{"confidence_level":0.95,"lower_bound":45340.369199705354,"upper_bound":45441.15858232659},"point_estimate":45388.130270833055,"standard_error":25.750686214653467},"std_dev":{"confidence_interval":{"confidence_level":0.95,"lower_bound":454.3756906667652,"upper_bound":1571.8392451942514},"point_estimate":1071.3298902634615,"standard_error":285.39023052245585}}