{"mean":{"confidence_interval":{"confidence_level":0.95,"lower_bound":27671.35928160959,"upper_bound":27828.95612233197},"point_estimate":27762.582036180484,"standard_error":40.71804433183253},"median":{"confidence_interval":{"confidence_level":0.95,"lower_bound":27820.787037037036,"upper_bound":27857.129901960783},"point_estimate":27842.622666441745,"standard_error":9.729174997495488},"median_abs_dev":{"confidence_interval":{"confidence_level":0.95,"lower_bound":57.64014705360585,"upper_bound":119.88596004334399},"point_estimate":84.34235987193502,"standard_error":15.859553241250595},"slope":{"confidence_interval":{"confidence_level":0.95,"lower_bound":27840.292082877386,"upper_bound":27886.456353023375},"point_estimate":27863.2566911318,"standard_error":11.828307091562866},"std_dev":{"confidence_interval":{"confidence_level":0.95,"lower_bound":137.57332023877834,"upper_bound":643.4502648499657},"point_estimate":409.73961150656885,"standard_error":141.30684751752082}}