{"mean":{"confidence_interval":{"confidence_level":0.95,"lower_bound":45064.62630186061,"upper_bound":45448.10969261687},"point_estimate":45282.66469682998,"standard_error":98.83549295478107},"median":{"confidence_interval":{"confidence_level":0.95,"lower_bound":45390.89845779221,"upper_bound":45471.96767032548},"point_estimate":45422.93157640232,"standard_error":22.168795572093924},"median_abs_dev":{"confidence_interval":{"confidence_level":0.95,"lower_bound":149.48051118014865,"upper_bound":307.36574098090176},"point_estimate":230.96761631961334,"standard_error":42.17994346899428},"slope":{"confidence_interval":{"confidence_level":0.95,"lower_bound":45519.944235662326,"upper_bound":45678.97467685242},"point_estimate":45593.165097061945,"standard_error":40.793538225624765},"std_dev":{"confidence_interval":{"confidence_level":0.95,"lower_bound":414.37141845362635,"upper_bound":1514.2581962494799},"point_estimate":988.4562094619008,"standard_error":305.11072411626014}}