{"mean":{"confidence_interval":{"confidence_level":0.95,"lower_bound":15561.012570845938,"upper_bound":15629.064180926885},"point_estimate":15594.534066921291,"standard_error":17.29773997739105},"median":{"confidence_interval":{"confidence_level":0.95,"lower_bound":15510.186586404807,"upper_bound":15647.190009337068},"point_estimate":15568.218106995886,"standard_error":38.28033468009383},"median_abs_dev":{"confidence_interval":{"confidence_level":0.95,"lower_bound":116.56973110507559,"upper_bound":185.30703816987062},"point_estimate":164.5248290453926,"standard_error":16.85877262394255},"slope":{"confidence_interval":{"confidence_level":0.95,"lower_bound":15499.78634312166,"upper_bound":15543.934103443828},"point_estimate":15519.628060170622,"standard_error":11.297762175330492},"std_dev":{"confidence_interval":{"confidence_level":0.95,"lower_bound":128.59074828793504,"upper_bound":216.17149890536533},"point_estimate":173.38832107483117,"standard_error":22.316518748971827}}