{"mean":{"confidence_interval":{"confidence_level":0.95,"lower_bound":49088.302493011855,"upper_bound":49527.167443264596},"point_estimate":49335.97116026698,"standard_error":113.08067883821394},"median":{"confidence_interval":{"confidence_level":0.95,"lower_bound":49386.933333333334,"upper_bound":49676.63888888889},"point_estimate":49601.49000608766,"standard_error":63.60907943337917},"median_abs_dev":{"confidence_interval":{"confidence_level":0.95,"lower_bound":281.6193029170715,"upper_bound":563.3874860619686},"point_estimate":397.77165500330295,"standard_error":67.63168927731618},"slope":{"confidence_interval":{"confidence_level":0.95,"lower_bound":49399.23882932404,"upper_bound":49649.401793777506},"point_estimate":49521.4593689966,"standard_error":63.78007690031539},"std_dev":{"confidence_interval":{"confidence_level":0.95,"lower_bound":494.7218835793459,"upper_bound":1730.4811232193126},"point_estimate":1132.0969890321992,"standard_error":342.47888253901056}}