{"mean":{"confidence_interval":{"confidence_level":0.95,"lower_bound":-0.05074523057569233,"upper_bound":-0.044638925267902946},"point_estimate":-0.04754084475003739,"standard_error":0.0015560239222933573},"median":{"confidence_interval":{"confidence_level":0.95,"lower_bound":-0.047578243697399825,"upper_bound":-0.04231684316504303},"point_estimate":-0.045282424708133595,"standard_error":0.001333255734326689}}