{"mean":{"confidence_interval":{"confidence_level":0.95,"lower_bound":-0.027769817925523816,"upper_bound":-0.01684993159112571},"point_estimate":-0.022216228359068668,"standard_error":0.002781237731654733},"median":{"confidence_interval":{"confidence_level":0.95,"lower_bound":-0.0249238782747635,"upper_bound":-0.0116575545200861},"point_estimate":-0.01979233498126609,"standard_error":0.0034001371798900327}}