{"mean":{"confidence_interval":{"confidence_level":0.95,"lower_bound":0.014529024393708073,"upper_bound":0.01997412201557718},"point_estimate":0.01715673858549427,"standard_error":0.0013967501283798228},"median":{"confidence_interval":{"confidence_level":0.95,"lower_bound":0.016670300023486462,"upper_bound":0.022642007103781836},"point_estimate":0.019696756981741004,"standard_error":0.0015156744026152422}}