{"mean":{"confidence_interval":{"confidence_level":0.95,"lower_bound":-0.023486345858824885,"upper_bound":-0.016839552111074903},"point_estimate":-0.020060722775373407,"standard_error":0.0016929438896433758},"median":{"confidence_interval":{"confidence_level":0.95,"lower_bound":-0.025463582860677493,"upper_bound":-0.0163245009579136},"point_estimate":-0.02087014753364491,"standard_error":0.0023505230512553097}}