{"mean":{"confidence_interval":{"confidence_level":0.95,"lower_bound":-0.02341735852565252,"upper_bound":-0.01795480649673728},"point_estimate":-0.02072278709986841,"standard_error":0.001393285821232523},"median":{"confidence_interval":{"confidence_level":0.95,"lower_bound":-0.026690546293453576,"upper_bound":-0.019986530460576413},"point_estimate":-0.023185763961772077,"standard_error":0.0016799553969246653}}