{"mean":{"confidence_interval":{"confidence_level":0.95,"lower_bound":0.07501704962874414,"upper_bound":0.0810176944051509},"point_estimate":0.07803583732098951,"standard_error":0.001533668048894624},"median":{"confidence_interval":{"confidence_level":0.95,"lower_bound":0.07441567201373189,"upper_bound":0.08220020702720499},"point_estimate":0.07838227162368638,"standard_error":0.00199277354929869}}