{"mean":{"confidence_interval":{"confidence_level":0.95,"lower_bound":-0.0008770152810854519,"upper_bound":0.0060469533732844935},"point_estimate":0.0027931033354982038,"standard_error":0.0017535663848159085},"median":{"confidence_interval":{"confidence_level":0.95,"lower_bound":0.0004462164268839164,"upper_bound":0.007864673787326915},"point_estimate":0.004538360637198924,"standard_error":0.0019533436965735542}}