{"mean":{"confidence_interval":{"confidence_level":0.95,"lower_bound":6989121.03703125,"upper_bound":6995817.55125},"point_estimate":6991889.445,"standard_error":1748.2434226502883},"median":{"confidence_interval":{"confidence_level":0.95,"lower_bound":6987376.25,"upper_bound":6989284.25},"point_estimate":6988120.25,"standard_error":499.52018925689487},"median_abs_dev":{"confidence_interval":{"confidence_level":0.95,"lower_bound":3765.2479581534863,"upper_bound":6023.565087122834},"point_estimate":4864.22518864274,"standard_error":598.8694728435089},"slope":null,"std_dev":{"confidence_interval":{"confidence_level":0.95,"lower_bound":6503.646610704874,"upper_bound":27965.1634607293},"point_estimate":17560.476350083183,"standard_error":6682.134742525002}}