{"mean":{"confidence_interval":{"confidence_level":0.95,"lower_bound":7888451.260714284,"upper_bound":7893029.68167857},"point_estimate":7890636.77,"standard_error":1165.9708499037627},"median":{"confidence_interval":{"confidence_level":0.95,"lower_bound":7885335.857142857,"upper_bound":7889243.0},"point_estimate":7887970.357142857,"standard_error":1027.8533941676994},"median_abs_dev":{"confidence_interval":{"confidence_level":0.95,"lower_bound":5756.723897797918,"upper_bound":10193.086619036341},"point_estimate":8427.20415038712,"standard_error":1127.4575391365863},"slope":null,"std_dev":{"confidence_interval":{"confidence_level":0.95,"lower_bound":8831.80972712197,"upper_bound":14276.129559790981},"point_estimate":11753.864263442742,"standard_error":1390.252877477481}}