{"mean":{"confidence_interval":{"confidence_level":0.95,"lower_bound":7876049.680642858,"upper_bound":7907279.048642856},"point_estimate":7888785.441428576,"standard_error":8278.83126729268},"median":{"confidence_interval":{"confidence_level":0.95,"lower_bound":7872768.714285715,"upper_bound":7876510.714285715},"point_estimate":7874711.571428572,"standard_error":968.176075516209},"median_abs_dev":{"confidence_interval":{"confidence_level":0.95,"lower_bound":5638.963099887801,"upper_bound":10251.543417997933},"point_estimate":7284.013670683597,"standard_error":1212.6520848672483},"slope":null,"std_dev":{"confidence_interval":{"confidence_level":0.95,"lower_bound":10567.063738540537,"upper_bound":131723.3779392767},"point_estimate":83354.51431732127,"standard_error":33054.87444727808}}