{"mean":{"confidence_interval":{"confidence_level":0.95,"lower_bound":6987811.677031251,"upper_bound":6995382.6980625},"point_estimate":6990984.15625,"standard_error":1963.2739127250543},"median":{"confidence_interval":{"confidence_level":0.95,"lower_bound":6985979.375,"upper_bound":6989296.75},"point_estimate":6987765.8125,"standard_error":853.0213096184624},"median_abs_dev":{"confidence_interval":{"confidence_level":0.95,"lower_bound":5360.340204834938,"upper_bound":8879.661892354488},"point_estimate":6921.888627111912,"standard_error":910.187267587929},"slope":null,"std_dev":{"confidence_interval":{"confidence_level":0.95,"lower_bound":7519.446663926064,"upper_bound":31209.013882862157},"point_estimate":19802.68812901974,"standard_error":7056.415248646539}}