{"mean":{"confidence_interval":{"confidence_level":0.95,"lower_bound":6999195.27075,"upper_bound":7009557.59025},"point_estimate":7003747.72125,"standard_error":2671.8357813566636},"median":{"confidence_interval":{"confidence_level":0.95,"lower_bound":6997109.8125,"upper_bound":7001128.0},"point_estimate":6998585.125,"standard_error":1078.2627725591851},"median_abs_dev":{"confidence_interval":{"confidence_level":0.95,"lower_bound":7293.557908013463,"upper_bound":13858.4179289639},"point_estimate":11025.262041762471,"standard_error":1698.5449775368977},"slope":null,"std_dev":{"confidence_interval":{"confidence_level":0.95,"lower_bound":11062.651475178309,"upper_bound":39013.9809229137},"point_estimate":26861.752800252038,"standard_error":7297.031904108426}}