{"mean":{"confidence_interval":{"confidence_level":0.95,"lower_bound":6996057.11565625,"upper_bound":6998960.4130625},"point_estimate":6997446.61875,"standard_error":742.7368154082184},"median":{"confidence_interval":{"confidence_level":0.95,"lower_bound":6995031.3125,"upper_bound":6997593.5},"point_estimate":6996527.25,"standard_error":614.905434063102},"median_abs_dev":{"confidence_interval":{"confidence_level":0.95,"lower_bound":4590.685493499041,"upper_bound":7531.793191283941},"point_estimate":6170.9517404437065,"standard_error":738.9119942699007},"slope":null,"std_dev":{"confidence_interval":{"confidence_level":0.95,"lower_bound":5349.96278459118,"upper_bound":9591.22529303922},"point_estimate":7470.831154412783,"standard_error":1104.0419220503597}}