{"mean":{"confidence_interval":{"confidence_level":0.95,"lower_bound":6671164.7128125,"upper_bound":6687969.62159375},"point_estimate":6678174.26,"standard_error":4357.562924819373},"median":{"confidence_interval":{"confidence_level":0.95,"lower_bound":6668193.25,"upper_bound":6671004.75},"point_estimate":6669433.0625,"standard_error":743.9982248263301},"median_abs_dev":{"confidence_interval":{"confidence_level":0.95,"lower_bound":3995.699591562152,"upper_bound":6726.926730573177},"point_estimate":5287.044168636203,"standard_error":693.7756124262459},"slope":null,"std_dev":{"confidence_interval":{"confidence_level":0.95,"lower_bound":10040.27951873141,"upper_bound":69473.24195510625},"point_estimate":43707.028133131265,"standard_error":15679.707986917967}}