{"mean":{"confidence_interval":{"confidence_level":0.95,"lower_bound":6999155.0381562505,"upper_bound":7009448.377218749},"point_estimate":7003670.60125,"standard_error":2645.8712077046757},"median":{"confidence_interval":{"confidence_level":0.95,"lower_bound":6995843.3125,"upper_bound":6999029.25},"point_estimate":6997591.5625,"standard_error":789.8510535135154},"median_abs_dev":{"confidence_interval":{"confidence_level":0.95,"lower_bound":4594.577318429947,"upper_bound":8485.012311860919},"point_estimate":6608.13340768218,"standard_error":1002.8275662141601},"slope":null,"std_dev":{"confidence_interval":{"confidence_level":0.95,"lower_bound":10535.216965146774,"upper_bound":38904.39107137452},"point_estimate":26584.230678266194,"standard_error":7480.569359814058}}