{"mean":{"confidence_interval":{"confidence_level":0.95,"lower_bound":7889879.019999998,"upper_bound":7900505.864892852},"point_estimate":7894560.075714283,"standard_error":2744.404092236106},"median":{"confidence_interval":{"confidence_level":0.95,"lower_bound":7885362.714285715,"upper_bound":7890725.714285715},"point_estimate":7887822.071428571,"standard_error":1477.591118721998},"median_abs_dev":{"confidence_interval":{"confidence_level":0.95,"lower_bound":8278.83825302124,"upper_bound":15151.430431008339},"point_estimate":11272.84299986644,"standard_error":1774.9456224708413},"slope":null,"std_dev":{"confidence_interval":{"confidence_level":0.95,"lower_bound":14229.26866499409,"upper_bound":41639.35963849602},"point_estimate":27630.191361528556,"standard_error":8372.846021694531}}