{"mean":{"confidence_interval":{"confidence_level":0.95,"lower_bound":7001917.1856875,"upper_bound":7011322.46403125},"point_estimate":7006104.91375,"standard_error":2411.590061623205},"median":{"confidence_interval":{"confidence_level":0.95,"lower_bound":6997818.75,"upper_bound":7004839.375},"point_estimate":7001863.75,"standard_error":1951.5344260459963},"median_abs_dev":{"confidence_interval":{"confidence_level":0.95,"lower_bound":9775.685085821899,"upper_bound":17311.022617667913},"point_estimate":14109.162649512291,"standard_error":1907.7476557054342},"slope":null,"std_dev":{"confidence_interval":{"confidence_level":0.95,"lower_bound":13053.550751740273,"upper_bound":36217.91767049478},"point_estimate":24378.03529307108,"standard_error":6798.96904939888}}