{"mean":{"confidence_interval":{"confidence_level":0.95,"lower_bound":6995232.49165625,"upper_bound":7002763.30884375},"point_estimate":6998714.6075,"standard_error":1937.3624000697566},"median":{"confidence_interval":{"confidence_level":0.95,"lower_bound":6991728.125,"upper_bound":6994604.875},"point_estimate":6992912.5625,"standard_error":750.7226058711748},"median_abs_dev":{"confidence_interval":{"confidence_level":0.95,"lower_bound":4999.5124362409115,"upper_bound":10098.799217585458},"point_estimate":7030.489075183868,"standard_error":1364.8249539393212},"slope":null,"std_dev":{"confidence_interval":{"confidence_level":0.95,"lower_bound":12193.37348323825,"upper_bound":25514.843342577322},"point_estimate":19491.58573426605,"standard_error":3425.464321537554}}