{"mean":{"confidence_interval":{"confidence_level":0.95,"lower_bound":7895048.02007143,"upper_bound":7900397.794678574},"point_estimate":7897601.095714284,"standard_error":1369.895634418195},"median":{"confidence_interval":{"confidence_level":0.95,"lower_bound":7892540.5,"upper_bound":7896337.714285715},"point_estimate":7894343.0,"standard_error":1105.0220871189085},"median_abs_dev":{"confidence_interval":{"confidence_level":0.95,"lower_bound":5611.535000375437,"upper_bound":10553.040712645485},"point_estimate":7270.352570925736,"standard_error":1267.0141149245712},"slope":null,"std_dev":{"confidence_interval":{"confidence_level":0.95,"lower_bound":9921.975228043792,"upper_bound":17241.014400652566},"point_estimate":13817.727498263486,"standard_error":1865.2261442448814}}