{"mean":{"confidence_interval":{"confidence_level":0.95,"lower_bound":6998799.821125,"upper_bound":7050144.273124999},"point_estimate":7020068.5275,"standard_error":13378.745849180072},"median":{"confidence_interval":{"confidence_level":0.95,"lower_bound":6989505.625,"upper_bound":6996402.375},"point_estimate":6992960.25,"standard_error":1612.6297895456787},"median_abs_dev":{"confidence_interval":{"confidence_level":0.95,"lower_bound":8163.93675506115,"upper_bound":14455.627730861306},"point_estimate":11781.017378345132,"standard_error":1609.5289051313994},"slope":null,"std_dev":{"confidence_interval":{"confidence_level":0.95,"lower_bound":22247.74468444129,"upper_bound":216274.61006732236},"point_estimate":134687.78098294837,"standard_error":50922.857510090864}}