{"mean":{"confidence_interval":{"confidence_level":0.95,"lower_bound":7887683.765892862,"upper_bound":7892453.258785712},"point_estimate":7889986.418571429,"standard_error":1216.5022626943248},"median":{"confidence_interval":{"confidence_level":0.95,"lower_bound":7884980.0,"upper_bound":7889564.0},"point_estimate":7887605.357142857,"standard_error":1171.5506902932666},"median_abs_dev":{"confidence_interval":{"confidence_level":0.95,"lower_bound":7525.88926638925,"upper_bound":12767.409673333168},"point_estimate":10548.698812723851,"standard_error":1354.3972117731223},"slope":null,"std_dev":{"confidence_interval":{"confidence_level":0.95,"lower_bound":9694.065220508128,"upper_bound":14591.542094457722},"point_estimate":12212.333104640189,"standard_error":1259.470468924445}}