{"mean":{"confidence_interval":{"confidence_level":0.95,"lower_bound":7889848.184071424,"upper_bound":7893184.06075},"point_estimate":7891458.691428568,"standard_error":849.4545580760037},"median":{"confidence_interval":{"confidence_level":0.95,"lower_bound":7887963.5,"upper_bound":7890341.642857143},"point_estimate":7889214.214285715,"standard_error":633.4172619339839},"median_abs_dev":{"confidence_interval":{"confidence_level":0.95,"lower_bound":4083.6098275016307,"upper_bound":7806.876378900053},"point_estimate":6759.596879993462,"standard_error":948.7833470796942},"slope":null,"std_dev":{"confidence_interval":{"confidence_level":0.95,"lower_bound":6692.055214453842,"upper_bound":10140.165802768062},"point_estimate":8533.39431720824,"standard_error":878.1880918599884}}