{"mean":{"confidence_interval":{"confidence_level":0.95,"lower_bound":7022447.5446875,"upper_bound":7028501.002},"point_estimate":7025367.3425,"standard_error":1543.3936751726965},"median":{"confidence_interval":{"confidence_level":0.95,"lower_bound":7020483.5,"upper_bound":7025074.625},"point_estimate":7023466.5625,"standard_error":1245.9780285235568},"median_abs_dev":{"confidence_interval":{"confidence_level":0.95,"lower_bound":8928.031716495752,"upper_bound":14523.364017158747},"point_estimate":11982.372987270355,"standard_error":1463.2093412334648},"slope":null,"std_dev":{"confidence_interval":{"confidence_level":0.95,"lower_bound":11631.000406081806,"upper_bound":19081.018415507577},"point_estimate":15535.638352228845,"standard_error":1909.7272398456237}}