{"mean":{"confidence_interval":{"confidence_level":0.95,"lower_bound":6701204.75440625,"upper_bound":6705671.5733125},"point_estimate":6703392.015,"standard_error":1137.8324832027445},"median":{"confidence_interval":{"confidence_level":0.95,"lower_bound":6699412.25,"upper_bound":6704412.875},"point_estimate":6701178.25,"standard_error":1483.5299648426783},"median_abs_dev":{"confidence_interval":{"confidence_level":0.95,"lower_bound":8542.648385837674,"upper_bound":14111.942524462938},"point_estimate":12007.669849321246,"standard_error":1435.0216404458647},"slope":null,"std_dev":{"confidence_interval":{"confidence_level":0.95,"lower_bound":9487.289003553431,"upper_bound":13301.317863023274},"point_estimate":11409.601403273948,"standard_error":982.6808576557213}}