{"mean":{"confidence_interval":{"confidence_level":0.95,"lower_bound":7885262.464214283,"upper_bound":7893973.410178568},"point_estimate":7888947.117142857,"standard_error":2258.0554367739087},"median":{"confidence_interval":{"confidence_level":0.95,"lower_bound":7882724.357142857,"upper_bound":7885562.142857143},"point_estimate":7884042.928571429,"standard_error":790.9038713532949},"median_abs_dev":{"confidence_interval":{"confidence_level":0.95,"lower_bound":5770.702697549153,"upper_bound":10107.627968053712},"point_estimate":8080.6993565384155,"standard_error":1069.3431103136802},"slope":null,"std_dev":{"confidence_interval":{"confidence_level":0.95,"lower_bound":9956.022725304741,"upper_bound":35025.001046824786},"point_estimate":22569.166460269444,"standard_error":7661.887892208607}}