{"mean":{"confidence_interval":{"confidence_level":0.95,"lower_bound":7891689.06025,"upper_bound":7896458.560535717},"point_estimate":7893955.657142861,"standard_error":1221.2984137079745},"median":{"confidence_interval":{"confidence_level":0.95,"lower_bound":7889246.928571429,"upper_bound":7893026.428571428},"point_estimate":7891677.0,"standard_error":1069.6616061404648},"median_abs_dev":{"confidence_interval":{"confidence_level":0.95,"lower_bound":6182.230090243673,"upper_bound":10301.978292103213},"point_estimate":8069.05035674572,"standard_error":1016.7068641977937},"slope":null,"std_dev":{"confidence_interval":{"confidence_level":0.95,"lower_bound":9237.296864451368,"upper_bound":14945.921143855578},"point_estimate":12300.922191858224,"standard_error":1452.0333453349879}}