{"mean":{"confidence_interval":{"confidence_level":0.95,"lower_bound":7889402.693464287,"upper_bound":7905280.498714282},"point_estimate":7896519.262857145,"standard_error":4082.1869729806517},"median":{"confidence_interval":{"confidence_level":0.95,"lower_bound":7884080.5,"upper_bound":7887087.785714285},"point_estimate":7885787.285714285,"standard_error":857.6150631512029},"median_abs_dev":{"confidence_interval":{"confidence_level":0.95,"lower_bound":5078.328509841252,"upper_bound":9942.103623491885},"point_estimate":7314.936470133424,"standard_error":1225.262100372539},"slope":null,"std_dev":{"confidence_interval":{"confidence_level":0.95,"lower_bound":17899.841706142495,"upper_bound":57509.6662940455},"point_estimate":41156.284762599775,"standard_error":9836.86533661928}}