{"mean":{"confidence_interval":{"confidence_level":0.95,"lower_bound":6671903.23459375,"upper_bound":6682359.681125},"point_estimate":6676524.575,"standard_error":2694.9197075017096},"median":{"confidence_interval":{"confidence_level":0.95,"lower_bound":6668945.0,"upper_bound":6671987.0},"point_estimate":6670708.4375,"standard_error":805.0821073328075},"median_abs_dev":{"confidence_interval":{"confidence_level":0.95,"lower_bound":4532.215457037091,"upper_bound":8537.922598421574},"point_estimate":6274.455751106143,"standard_error":1008.6403449064227},"slope":null,"std_dev":{"confidence_interval":{"confidence_level":0.95,"lower_bound":11052.395432478443,"upper_bound":38778.0052371118},"point_estimate":27075.704158943892,"standard_error":6957.199388382061}}