{"mean":{"confidence_interval":{"confidence_level":0.95,"lower_bound":7014451.2375,"upper_bound":7020784.43540625},"point_estimate":7017519.22625,"standard_error":1616.2271967656334},"median":{"confidence_interval":{"confidence_level":0.95,"lower_bound":7014746.375,"upper_bound":7020783.0},"point_estimate":7016748.0,"standard_error":1564.789043248723},"median_abs_dev":{"confidence_interval":{"confidence_level":0.95,"lower_bound":9160.98523736,"upper_bound":16042.936327680945},"point_estimate":13261.671439558268,"standard_error":1792.618472123242},"slope":null,"std_dev":{"confidence_interval":{"confidence_level":0.95,"lower_bound":12120.165853730687,"upper_bound":20624.496458278772},"point_estimate":16182.22264774657,"standard_error":2243.6197134316803}}