{"mean":{"confidence_interval":{"confidence_level":0.95,"lower_bound":7885790.580571427,"upper_bound":7894033.727678571},"point_estimate":7889493.354285713,"standard_error":2114.448617295478},"median":{"confidence_interval":{"confidence_level":0.95,"lower_bound":7882897.857142857,"upper_bound":7888637.571428572},"point_estimate":7884723.928571429,"standard_error":1217.0130780261857},"median_abs_dev":{"confidence_interval":{"confidence_level":0.95,"lower_bound":7299.792770402575,"upper_bound":10798.755183283578},"point_estimate":8937.430341329287,"standard_error":900.0907375091268},"slope":null,"std_dev":{"confidence_interval":{"confidence_level":0.95,"lower_bound":10487.513310822993,"upper_bound":30396.603009827115},"point_estimate":21255.66032762813,"standard_error":5152.21286976936}}