{"mean":{"confidence_interval":{"confidence_level":0.95,"lower_bound":7884700.364785713,"upper_bound":7889323.666071424},"point_estimate":7886908.181428569,"standard_error":1183.836546093399},"median":{"confidence_interval":{"confidence_level":0.95,"lower_bound":7881986.285714285,"upper_bound":7885254.5},"point_estimate":7883495.428571429,"standard_error":815.817309942069},"median_abs_dev":{"confidence_interval":{"confidence_level":0.95,"lower_bound":5675.816299233723,"upper_bound":9303.632534827899},"point_estimate":7590.276465246938,"standard_error":960.0101147061462},"slope":null,"std_dev":{"confidence_interval":{"confidence_level":0.95,"lower_bound":8976.900188005862,"upper_bound":14724.762107172826},"point_estimate":11891.798756797569,"standard_error":1483.9804396560355}}