{"mean":{"confidence_interval":{"confidence_level":0.95,"lower_bound":7037047.197125,"upper_bound":7094771.12978125},"point_estimate":7059903.89,"standard_error":15233.875973105734},"median":{"confidence_interval":{"confidence_level":0.95,"lower_bound":7029410.0,"upper_bound":7036133.125},"point_estimate":7032312.3125,"standard_error":1701.9910612063711},"median_abs_dev":{"confidence_interval":{"confidence_level":0.95,"lower_bound":10112.53643296659,"upper_bound":20325.333689153194},"point_estimate":15428.21331359446,"standard_error":2768.4915769704094},"slope":null,"std_dev":{"confidence_interval":{"confidence_level":0.95,"lower_bound":25315.355971881017,"upper_bound":251637.39914372258},"point_estimate":153456.86116310334,"standard_error":65739.00195996197}}