{"mean":{"confidence_interval":{"confidence_level":0.95,"lower_bound":6997755.7155312495,"upper_bound":7004547.701937499},"point_estimate":7000612.83625,"standard_error":1754.7187074035598},"median":{"confidence_interval":{"confidence_level":0.95,"lower_bound":6996340.125,"upper_bound":6999430.875},"point_estimate":6997384.4375,"standard_error":794.072451952969},"median_abs_dev":{"confidence_interval":{"confidence_level":0.95,"lower_bound":5046.214335411787,"upper_bound":9856.139300018549},"point_estimate":7353.695869445801,"standard_error":1236.6940269039537},"slope":null,"std_dev":{"confidence_interval":{"confidence_level":0.95,"lower_bound":7658.886070654581,"upper_bound":27579.732789573092},"point_estimate":17553.87115943482,"standard_error":6344.216868291797}}