{"mean":{"confidence_interval":{"confidence_level":0.95,"lower_bound":7891040.657107144,"upper_bound":7895265.742428575},"point_estimate":7893032.679999999,"standard_error":1080.1243980914583},"median":{"confidence_interval":{"confidence_level":0.95,"lower_bound":7889706.714285715,"upper_bound":7893230.571428571},"point_estimate":7891367.142857143,"standard_error":936.6045123068021},"median_abs_dev":{"confidence_interval":{"confidence_level":0.95,"lower_bound":5408.207003984738,"upper_bound":8712.922345315003},"point_estimate":6896.207877567935,"standard_error":830.7626094674908},"slope":null,"std_dev":{"confidence_interval":{"confidence_level":0.95,"lower_bound":7530.356259044309,"upper_bound":13696.12054216254},"point_estimate":10823.558353818593,"standard_error":1574.4317466008208}}