{"mean":{"confidence_interval":{"confidence_level":0.95,"lower_bound":-0.10420134472269628,"upper_bound":-0.09362082871205042},"point_estimate":-0.09889703427099716,"standard_error":0.0026931885448543158},"median":{"confidence_interval":{"confidence_level":0.95,"lower_bound":-0.10853386462538195,"upper_bound":-0.09372833101299527},"point_estimate":-0.10077712202119293,"standard_error":0.004204200822100312}}