{"mean":{"confidence_interval":{"confidence_level":0.95,"lower_bound":-0.07303298309534868,"upper_bound":-0.05393018927274423},"point_estimate":-0.0635779779506026,"standard_error":0.004867557109393072},"median":{"confidence_interval":{"confidence_level":0.95,"lower_bound":-0.06794954997429892,"upper_bound":-0.040037017082231494},"point_estimate":-0.05430985298218771,"standard_error":0.007497479486181564}}