{"mean":{"confidence_interval":{"confidence_level":0.95,"lower_bound":0.04342920420501481,"upper_bound":0.05562885378222362},"point_estimate":0.04992656071532853,"standard_error":0.0031243887499676254},"median":{"confidence_interval":{"confidence_level":0.95,"lower_bound":0.05363973227156604,"upper_bound":0.06177845992562703},"point_estimate":0.056476011659593706,"standard_error":0.002062919198778851}}