{"mean":{"confidence_interval":{"confidence_level":0.95,"lower_bound":-0.01767478406924976,"upper_bound":-0.011079065181106513},"point_estimate":-0.014347744040631882,"standard_error":0.0016853641547164224},"median":{"confidence_interval":{"confidence_level":0.95,"lower_bound":-0.01756092464598591,"upper_bound":-0.010855386131958467},"point_estimate":-0.014283803170917486,"standard_error":0.0016056578429130993}}