{"mean":{"confidence_interval":{"confidence_level":0.95,"lower_bound":-0.08305718013131168,"upper_bound":-0.07489863909249497},"point_estimate":-0.07921315736541001,"standard_error":0.0020749205089509626},"median":{"confidence_interval":{"confidence_level":0.95,"lower_bound":-0.08855863779538853,"upper_bound":-0.07802491958588971},"point_estimate":-0.08396534432227654,"standard_error":0.0026134017740877345}}