{"mean":{"confidence_interval":{"confidence_level":0.95,"lower_bound":-0.035777460078308274,"upper_bound":-0.02317328874940223},"point_estimate":-0.02933995731984196,"standard_error":0.0032401146547944458},"median":{"confidence_interval":{"confidence_level":0.95,"lower_bound":-0.04052429743272148,"upper_bound":-0.011744422203025962},"point_estimate":-0.023730928015692876,"standard_error":0.008416221749256452}}