{"mean":{"confidence_interval":{"confidence_level":0.95,"lower_bound":-0.01309465184882652,"upper_bound":-0.00005113249219290683},"point_estimate":-0.006739845730396099,"standard_error":0.0033187158573321374},"median":{"confidence_interval":{"confidence_level":0.95,"lower_bound":-0.016690548110654624,"upper_bound":0.0008251593701089632},"point_estimate":-0.0074733241713889065,"standard_error":0.004675614440714452}}