{"mean":{"confidence_interval":{"confidence_level":0.95,"lower_bound":-0.1281189217459593,"upper_bound":-0.0748485861292192},"point_estimate":-0.10297172595977766,"standard_error":0.013634249970283608},"median":{"confidence_interval":{"confidence_level":0.95,"lower_bound":-0.10701761753301198,"upper_bound":-0.10021919194790159},"point_estimate":-0.10331279670225058,"standard_error":0.0017547470863856077}}