{"mean":{"confidence_interval":{"confidence_level":0.95,"lower_bound":0.04488861776842195,"upper_bound":0.1145867869691014},"point_estimate":0.08017913495124507,"standard_error":0.017713461816172473},"median":{"confidence_interval":{"confidence_level":0.95,"lower_bound":0.08879321698557874,"upper_bound":0.09957725134767492},"point_estimate":0.09383126917413809,"standard_error":0.0027589775377348637}}