{"mean":{"confidence_interval":{"confidence_level":0.95,"lower_bound":0.06279994700220168,"upper_bound":0.0754941405622013},"point_estimate":0.06875257890310826,"standard_error":0.0032419270059087695},"median":{"confidence_interval":{"confidence_level":0.95,"lower_bound":0.06403192049361262,"upper_bound":0.07734589174400708},"point_estimate":0.07110557294416653,"standard_error":0.0031531179619498934}}