{"mean":{"confidence_interval":{"confidence_level":0.95,"lower_bound":0.035517002768555885,"upper_bound":0.04565277664101741},"point_estimate":0.040606858826255365,"standard_error":0.0025809814378210632},"median":{"confidence_interval":{"confidence_level":0.95,"lower_bound":0.03387777832013361,"upper_bound":0.04997074563086981},"point_estimate":0.04157706532068639,"standard_error":0.004031584738338754}}