{"mean":{"confidence_interval":{"confidence_level":0.95,"lower_bound":-0.04052521043572161,"upper_bound":-0.02669371897469726},"point_estimate":-0.0341641497032068,"standard_error":0.003563173549712232},"median":{"confidence_interval":{"confidence_level":0.95,"lower_bound":-0.0440338155897223,"upper_bound":-0.03624596398610905},"point_estimate":-0.04145808841303966,"standard_error":0.002059755860245387}}