{"mean":{"confidence_interval":{"confidence_level":0.95,"lower_bound":-0.009850503737052603,"upper_bound":-0.00117373881491555},"point_estimate":-0.005642227208851214,"standard_error":0.0022030149143470153},"median":{"confidence_interval":{"confidence_level":0.95,"lower_bound":-0.014239203153164499,"upper_bound":-0.003780926221916614},"point_estimate":-0.009226864312155358,"standard_error":0.002818262805476194}}