{"mean":{"confidence_interval":{"confidence_level":0.95,"lower_bound":-0.021504075670437987,"upper_bound":-0.009976626272994487},"point_estimate":-0.015617512363671926,"standard_error":0.0029327171177344377},"median":{"confidence_interval":{"confidence_level":0.95,"lower_bound":-0.024151666441871278,"upper_bound":-0.008573503796180715},"point_estimate":-0.01744172731105087,"standard_error":0.0039041276151168427}}