{"mean":{"confidence_interval":{"confidence_level":0.95,"lower_bound":-0.14660827550727998,"upper_bound":-0.10678344958744304},"point_estimate":-0.1236546441443328,"standard_error":0.010311326107097646},"median":{"confidence_interval":{"confidence_level":0.95,"lower_bound":-0.11444748633710178,"upper_bound":-0.10306955447603194},"point_estimate":-0.10918945098266364,"standard_error":0.002928516746816382}}