{"mean":{"confidence_interval":{"confidence_level":0.95,"lower_bound":0.04739595910939061,"upper_bound":0.05889923155707912},"point_estimate":0.05310386909810072,"standard_error":0.0029247234204156933},"median":{"confidence_interval":{"confidence_level":0.95,"lower_bound":0.059168300374943916,"upper_bound":0.06677267453808255},"point_estimate":0.06367596458044811,"standard_error":0.0019314666504354225}}