{"mean":{"confidence_interval":{"confidence_level":0.95,"lower_bound":-0.014156971085943798,"upper_bound":0.04415935522473937},"point_estimate":0.015451700780461097,"standard_error":0.014897586704543336},"median":{"confidence_interval":{"confidence_level":0.95,"lower_bound":0.015345646520734002,"upper_bound":0.026791404781243866},"point_estimate":0.021872972052079387,"standard_error":0.003109694459535685}}