{"mean":{"confidence_interval":{"confidence_level":0.95,"lower_bound":-0.08709488918440983,"upper_bound":-0.06103651515901611},"point_estimate":-0.07284909045995691,"standard_error":0.006711552284989918},"median":{"confidence_interval":{"confidence_level":0.95,"lower_bound":-0.0713130218252429,"upper_bound":-0.055879287784652565},"point_estimate":-0.0634963841586822,"standard_error":0.0038914984562899773}}