{"mean":{"confidence_interval":{"confidence_level":0.95,"lower_bound":-0.018085551098388726,"upper_bound":-0.009152890903398807},"point_estimate":-0.013825197684176671,"standard_error":0.002280632199760671},"median":{"confidence_interval":{"confidence_level":0.95,"lower_bound":-0.017296673044468802,"upper_bound":-0.00835275207062458},"point_estimate":-0.012946421159931054,"standard_error":0.002335498158908364}}