{"mean":{"confidence_interval":{"confidence_level":0.95,"lower_bound":0.06563935759261535,"upper_bound":0.0765945680119777},"point_estimate":0.0713227048474876,"standard_error":0.0027967032200607632},"median":{"confidence_interval":{"confidence_level":0.95,"lower_bound":0.06952047456714272,"upper_bound":0.08330269067258156},"point_estimate":0.07755596384732466,"standard_error":0.003387515805569932}}