{"mean":{"confidence_interval":{"confidence_level":0.95,"lower_bound":0.036101781624317694,"upper_bound":0.046372638892362705},"point_estimate":0.041240953794237534,"standard_error":0.0026033884683846083},"median":{"confidence_interval":{"confidence_level":0.95,"lower_bound":0.03418667418014709,"upper_bound":0.04579543505773365},"point_estimate":0.040431094383299726,"standard_error":0.0030497758743053393}}