{"mean":{"confidence_interval":{"confidence_level":0.95,"lower_bound":0.023620615883402675,"upper_bound":0.04239577483427791},"point_estimate":0.03399011658838491,"standard_error":0.004815110185840357},"median":{"confidence_interval":{"confidence_level":0.95,"lower_bound":0.028013108801936415,"upper_bound":0.04779823060770383},"point_estimate":0.03832169264322127,"standard_error":0.005782801090913142}}