{"mean":{"confidence_interval":{"confidence_level":0.95,"lower_bound":0.05335884207181533,"upper_bound":0.06592970584173681},"point_estimate":0.0596312893355595,"standard_error":0.0032154654100062852},"median":{"confidence_interval":{"confidence_level":0.95,"lower_bound":0.054033010868322906,"upper_bound":0.07015065863701553},"point_estimate":0.0627520038997309,"standard_error":0.004291105367470018}}