{"mean":{"confidence_interval":{"confidence_level":0.95,"lower_bound":0.2697085752673127,"upper_bound":0.2892632793398553},"point_estimate":0.2794065992304071,"standard_error":0.00499480281764472},"median":{"confidence_interval":{"confidence_level":0.95,"lower_bound":0.2663545264234284,"upper_bound":0.30051515065689327},"point_estimate":0.28194475931318363,"standard_error":0.007844502297018361}}