{"mean":{"confidence_interval":{"confidence_level":0.95,"lower_bound":0.3171036989896951,"upper_bound":0.39742262037226384},"point_estimate":0.35527064531557406,"standard_error":0.020474820358683605},"median":{"confidence_interval":{"confidence_level":0.95,"lower_bound":0.3325071695511159,"upper_bound":0.3423219456737663},"point_estimate":0.33813896469640037,"standard_error":0.0025896765497661536}}