{"mean":{"confidence_interval":{"confidence_level":0.95,"lower_bound":0.020196887114502095,"upper_bound":0.031322074880073},"point_estimate":0.02598597058097596,"standard_error":0.002820548559524016},"median":{"confidence_interval":{"confidence_level":0.95,"lower_bound":0.023095610650741172,"upper_bound":0.035018252562962315},"point_estimate":0.029691729555804125,"standard_error":0.002838360576301837}}