{"mean":{"confidence_interval":{"confidence_level":0.95,"lower_bound":-0.032106882357061835,"upper_bound":0.03099056841753309},"point_estimate":-0.0015993410929958651,"standard_error":0.01607269189801598},"median":{"confidence_interval":{"confidence_level":0.95,"lower_bound":-0.0018209931389125966,"upper_bound":0.0019653803426227245},"point_estimate":0.00040397296821548245,"standard_error":0.0009429960648989709}}