{"mean":{"confidence_interval":{"confidence_level":0.95,"lower_bound":-0.00599914557349398,"upper_bound":0.0069974544877558515},"point_estimate":0.00043705489530476704,"standard_error":0.003307217948916106},"median":{"confidence_interval":{"confidence_level":0.95,"lower_bound":-0.005227015525418821,"upper_bound":0.01311177506554917},"point_estimate":0.004021346618484634,"standard_error":0.004971688934552434}}