{"mean":{"confidence_interval":{"confidence_level":0.95,"lower_bound":-0.07409547558948047,"upper_bound":-0.06342071871778834},"point_estimate":-0.06876875909215818,"standard_error":0.0027157934969800146},"median":{"confidence_interval":{"confidence_level":0.95,"lower_bound":-0.07953793511112361,"upper_bound":-0.06488286536752175},"point_estimate":-0.07278053014024155,"standard_error":0.003829119163681903}}