{"mean":{"confidence_interval":{"confidence_level":0.95,"lower_bound":-0.048024954003996645,"upper_bound":-0.03553646461313795},"point_estimate":-0.0417718764692554,"standard_error":0.003196127902979059},"median":{"confidence_interval":{"confidence_level":0.95,"lower_bound":-0.050079216814219674,"upper_bound":-0.03341438840646116},"point_estimate":-0.04081071679500514,"standard_error":0.004243822710966155}}