{"mean":{"confidence_interval":{"confidence_level":0.95,"lower_bound":-0.007654214209870649,"upper_bound":0.003634003659012725},"point_estimate":-0.0025272266336686666,"standard_error":0.0028793163292560086},"median":{"confidence_interval":{"confidence_level":0.95,"lower_bound":-0.011071957037334323,"upper_bound":-0.002887135617397486},"point_estimate":-0.006482857155937216,"standard_error":0.002050159346992428}}