{"mean":{"confidence_interval":{"confidence_level":0.95,"lower_bound":0.20657988983442427,"upper_bound":0.22067005995523176},"point_estimate":0.21395090143532602,"standard_error":0.0035974020739053024},"median":{"confidence_interval":{"confidence_level":0.95,"lower_bound":0.21532680610099453,"upper_bound":0.22664614530329819},"point_estimate":0.2214216824917934,"standard_error":0.0028790979881237774}}