{"mean":{"confidence_interval":{"confidence_level":0.95,"lower_bound":0.03317935558102222,"upper_bound":0.04481753235433904},"point_estimate":0.0387597225406342,"standard_error":0.0029979542003771256},"median":{"confidence_interval":{"confidence_level":0.95,"lower_bound":0.0288896752661969,"upper_bound":0.04294902703826997},"point_estimate":0.034788546465106096,"standard_error":0.004029225850647617}}