{"mean":{"confidence_interval":{"confidence_level":0.95,"lower_bound":-0.019696397522239176,"upper_bound":-0.008053608177419987},"point_estimate":-0.013908136649450231,"standard_error":0.002955058950973211},"median":{"confidence_interval":{"confidence_level":0.95,"lower_bound":-0.019092637620173547,"upper_bound":-0.004697193951574641},"point_estimate":-0.010544125693214501,"standard_error":0.003387644950835071}}