{"mean":{"confidence_interval":{"confidence_level":0.95,"lower_bound":-0.046733814264138314,"upper_bound":-0.03560933061507397},"point_estimate":-0.041151144825110064,"standard_error":0.0028376198944722684},"median":{"confidence_interval":{"confidence_level":0.95,"lower_bound":-0.04679887519096437,"upper_bound":-0.03129928479653077},"point_estimate":-0.035662777254348854,"standard_error":0.00397220890937013}}