{"mean":{"confidence_interval":{"confidence_level":0.95,"lower_bound":-0.03843323733163562,"upper_bound":0.01728199168743057},"point_estimate":-0.011155597368115888,"standard_error":0.014202130039073025},"median":{"confidence_interval":{"confidence_level":0.95,"lower_bound":-0.010369949308257742,"upper_bound":-0.0026177089870669246},"point_estimate":-0.006647816250007321,"standard_error":0.0020141135265102795}}