{"mean":{"confidence_interval":{"confidence_level":0.95,"lower_bound":-0.012027288449985343,"upper_bound":0.01331233470145708},"point_estimate":-0.0002543931461284066,"standard_error":0.00648198035608815},"median":{"confidence_interval":{"confidence_level":0.95,"lower_bound":-0.010138727365801792,"upper_bound":0.005236944032667168},"point_estimate":-0.00016161448286944324,"standard_error":0.003896290537507201}}