{"mean":{"confidence_interval":{"confidence_level":0.95,"lower_bound":-0.0502119650507011,"upper_bound":-0.0391316018367197},"point_estimate":-0.04449285562948935,"standard_error":0.0028016591790019155},"median":{"confidence_interval":{"confidence_level":0.95,"lower_bound":-0.043581816640860783,"upper_bound":-0.03322631671249097},"point_estimate":-0.03799023943501978,"standard_error":0.0025970068352601816}}