{"mean":{"confidence_interval":{"confidence_level":0.95,"lower_bound":0.01937557764590207,"upper_bound":0.029281776152498384},"point_estimate":0.024247719514606914,"standard_error":0.002511624721474398},"median":{"confidence_interval":{"confidence_level":0.95,"lower_bound":0.016817128689288197,"upper_bound":0.0282303052149242},"point_estimate":0.022123479716060324,"standard_error":0.0029411866738473995}}