{"mean":{"confidence_interval":{"confidence_level":0.95,"lower_bound":0.02276803396406807,"upper_bound":0.03906321715075853},"point_estimate":0.029771256777562538,"standard_error":0.004151414832892553},"median":{"confidence_interval":{"confidence_level":0.95,"lower_bound":0.018302355850931207,"upper_bound":0.028994647358812298},"point_estimate":0.022290658274713993,"standard_error":0.0028110805077663004}}