{"mean":{"confidence_interval":{"confidence_level":0.95,"lower_bound":-0.04161156727691073,"upper_bound":-0.029273388044691602},"point_estimate":-0.03551533784989935,"standard_error":0.0031520589770560087},"median":{"confidence_interval":{"confidence_level":0.95,"lower_bound":-0.041115173359194346,"upper_bound":-0.031434564840663315},"point_estimate":-0.03578571563725874,"standard_error":0.002698852848887874}}