{"mean":{"confidence_interval":{"confidence_level":0.95,"lower_bound":-0.11696389701092744,"upper_bound":-0.056952425721987},"point_estimate":-0.08859543184451946,"standard_error":0.015363873528014127},"median":{"confidence_interval":{"confidence_level":0.95,"lower_bound":-0.10083556002100212,"upper_bound":-0.09488298230236081},"point_estimate":-0.09805499954086216,"standard_error":0.0015400311259951755}}