{"mean":{"confidence_interval":{"confidence_level":0.95,"lower_bound":0.0022636413006649793,"upper_bound":0.012868103149893477},"point_estimate":0.0075421550860637065,"standard_error":0.0027000157952852097},"median":{"confidence_interval":{"confidence_level":0.95,"lower_bound":0.004264517576838545,"upper_bound":0.015869237376753047},"point_estimate":0.01013119664541029,"standard_error":0.002984799993583186}}