{"mean":{"confidence_interval":{"confidence_level":0.95,"lower_bound":0.0015874751369620577,"upper_bound":0.058242315022868},"point_estimate":0.029942671219759243,"standard_error":0.014451516185564776},"median":{"confidence_interval":{"confidence_level":0.95,"lower_bound":0.029129491380154082,"upper_bound":0.036629889689251405},"point_estimate":0.031912881138457694,"standard_error":0.0018426820187402496}}