{"mean":{"confidence_interval":{"confidence_level":0.95,"lower_bound":0.07872133811786253,"upper_bound":0.08849661738397217},"point_estimate":0.08358208745056706,"standard_error":0.002495838619712344},"median":{"confidence_interval":{"confidence_level":0.95,"lower_bound":0.08373892715147835,"upper_bound":0.09570149906645997},"point_estimate":0.08922085097239729,"standard_error":0.0030130695674177852}}