{"mean":{"confidence_interval":{"confidence_level":0.95,"lower_bound":0.06694720150580513,"upper_bound":0.08040204511288837},"point_estimate":0.0737763480870246,"standard_error":0.0034606815555690055},"median":{"confidence_interval":{"confidence_level":0.95,"lower_bound":0.06613528448562467,"upper_bound":0.0825665221313936},"point_estimate":0.07470015805865415,"standard_error":0.004441381560083946}}