{"mean":{"confidence_interval":{"confidence_level":0.95,"lower_bound":0.2070308788425235,"upper_bound":0.21362685678269686},"point_estimate":0.21078652363564943,"standard_error":0.0016974366946035816},"median":{"confidence_interval":{"confidence_level":0.95,"lower_bound":0.20945627263303268,"upper_bound":0.21545330273910945},"point_estimate":0.21318835182179918,"standard_error":0.0016100200624965953}}