{"mean":{"confidence_interval":{"confidence_level":0.95,"lower_bound":-0.10047992527807506,"upper_bound":-0.09051328904855749},"point_estimate":-0.09546643779563246,"standard_error":0.0025471002592838085},"median":{"confidence_interval":{"confidence_level":0.95,"lower_bound":-0.1043593524679595,"upper_bound":-0.09422384342171031},"point_estimate":-0.10035536307974124,"standard_error":0.00232671847071006}}