{"mean":{"confidence_interval":{"confidence_level":0.95,"lower_bound":-0.28566569100051065,"upper_bound":-0.24519623604125215},"point_estimate":-0.2661430669393008,"standard_error":0.010285780108542907},"median":{"confidence_interval":{"confidence_level":0.95,"lower_bound":-0.26358812154683786,"upper_bound":-0.25776779948120654},"point_estimate":-0.2605296511892089,"standard_error":0.0014765980742258412}}