{"mean":{"confidence_interval":{"confidence_level":0.95,"lower_bound":-0.10749773591353948,"upper_bound":-0.07865935874292156},"point_estimate":-0.09153610120031175,"standard_error":0.0073861848158847665},"median":{"confidence_interval":{"confidence_level":0.95,"lower_bound":-0.09275562870931406,"upper_bound":-0.0745433070930156},"point_estimate":-0.08315285941144179,"standard_error":0.004429214885302389}}