{"mean":{"confidence_interval":{"confidence_level":0.95,"lower_bound":-0.00854498316385599,"upper_bound":0.05341097704059281},"point_estimate":0.023012299183606366,"standard_error":0.015740488136852616},"median":{"confidence_interval":{"confidence_level":0.95,"lower_bound":0.013315026955395156,"upper_bound":0.016854215122239058},"point_estimate":0.01506756239568885,"standard_error":0.0008945443652557636}}