{"mean":{"confidence_interval":{"confidence_level":0.95,"lower_bound":0.03872649480377121,"upper_bound":0.051334778178647976},"point_estimate":0.04481608397627945,"standard_error":0.0032175700583208216},"median":{"confidence_interval":{"confidence_level":0.95,"lower_bound":0.035346073001948364,"upper_bound":0.05332250853333331},"point_estimate":0.0431488809262115,"standard_error":0.004954549593771827}}