{"mean":{"confidence_interval":{"confidence_level":0.95,"lower_bound":-0.10987267727739213,"upper_bound":-0.053246721413377385},"point_estimate":-0.08222861796202907,"standard_error":0.01434856990016732},"median":{"confidence_interval":{"confidence_level":0.95,"lower_bound":-0.10315666676820383,"upper_bound":-0.09384013670186608},"point_estimate":-0.10003092250764245,"standard_error":0.0025010531855729967}}