{"mean":{"confidence_interval":{"confidence_level":0.95,"lower_bound":0.18442818509010853,"upper_bound":0.19433278755566885},"point_estimate":0.189429619021789,"standard_error":0.0025275966935741404},"median":{"confidence_interval":{"confidence_level":0.95,"lower_bound":0.18360749355303607,"upper_bound":0.19608752004338714},"point_estimate":0.19020466209175835,"standard_error":0.0031529756311442997}}