{"mean":{"confidence_interval":{"confidence_level":0.95,"lower_bound":6681574.328000001,"upper_bound":6693149.4675},"point_estimate":6686738.54875,"standard_error":2977.891733605214},"median":{"confidence_interval":{"confidence_level":0.95,"lower_bound":6677590.3125,"upper_bound":6684266.5},"point_estimate":6679646.625,"standard_error":1609.497205259976},"median_abs_dev":{"confidence_interval":{"confidence_level":0.95,"lower_bound":7669.2116763442755,"upper_bound":12272.128619626164},"point_estimate":10210.202706232667,"standard_error":1118.5740384584615},"slope":null,"std_dev":{"confidence_interval":{"confidence_level":0.95,"lower_bound":10840.68429914073,"upper_bound":42750.93346150937},"point_estimate":29904.922211269637,"standard_error":7539.148699433041}}