{"mean":{"confidence_interval":{"confidence_level":0.95,"lower_bound":6996540.79134375,"upper_bound":7003716.986812499},"point_estimate":6999682.965,"standard_error":1848.3169255882851},"median":{"confidence_interval":{"confidence_level":0.95,"lower_bound":6994067.1875,"upper_bound":6996978.25},"point_estimate":6995779.9375,"standard_error":721.4579958129036},"median_abs_dev":{"confidence_interval":{"confidence_level":0.95,"lower_bound":4554.533219765873,"upper_bound":7615.805645417408},"point_estimate":5975.5265314131975,"standard_error":781.5176297554476},"slope":null,"std_dev":{"confidence_interval":{"confidence_level":0.95,"lower_bound":9218.066897966037,"upper_bound":27865.753233683143},"point_estimate":18509.011877817982,"standard_error":5498.093372824972}}