{"mean":{"confidence_interval":{"confidence_level":0.95,"lower_bound":13604733.3051875,"upper_bound":13628186.964750001},"point_estimate":13614741.9375,"standard_error":6075.095886774861},"median":{"confidence_interval":{"confidence_level":0.95,"lower_bound":13600212.25,"upper_bound":13603978.625},"point_estimate":13601845.5,"standard_error":902.6333533865685},"median_abs_dev":{"confidence_interval":{"confidence_level":0.95,"lower_bound":7300.692920386791,"upper_bound":12862.666721642017},"point_estimate":10129.864320158958,"standard_error":1359.479088588228},"slope":null,"std_dev":{"confidence_interval":{"confidence_level":0.95,"lower_bound":17111.714485559467,"upper_bound":93413.26284485497},"point_estimate":60907.652452945156,"standard_error":20521.887393153083}}