{"mean":{"confidence_interval":{"confidence_level":0.95,"lower_bound":7882081.681249998,"upper_bound":7892387.868749996},"point_estimate":7886526.615714285,"standard_error":2661.7532126640313},"median":{"confidence_interval":{"confidence_level":0.95,"lower_bound":7880411.428571428,"upper_bound":7882878.714285715},"point_estimate":7881891.571428572,"standard_error":602.6326029896779},"median_abs_dev":{"confidence_interval":{"confidence_level":0.95,"lower_bound":5010.338063549458,"upper_bound":9256.612935661578},"point_estimate":6841.669378535891,"standard_error":1072.803345385962},"slope":null,"std_dev":{"confidence_interval":{"confidence_level":0.95,"lower_bound":8551.276067147664,"upper_bound":40358.621398623494},"point_estimate":26740.958774479153,"standard_error":8437.897769120937}}