{"mean":{"confidence_interval":{"confidence_level":0.95,"lower_bound":7880548.371392854,"upper_bound":7884327.483785713},"point_estimate":7882392.29,"standard_error":960.7896539976422},"median":{"confidence_interval":{"confidence_level":0.95,"lower_bound":7878796.285714285,"upper_bound":7882298.714285715},"point_estimate":7880564.071428571,"standard_error":1051.4195689312812},"median_abs_dev":{"confidence_interval":{"confidence_level":0.95,"lower_bound":5753.758697851251,"upper_bound":10910.453206300735},"point_estimate":8293.028852768517,"standard_error":1350.4866588646662},"slope":null,"std_dev":{"confidence_interval":{"confidence_level":0.95,"lower_bound":7997.878745272916,"upper_bound":11191.855061798306},"point_estimate":9674.751812051885,"standard_error":818.022298028658}}