{"mean":{"confidence_interval":{"confidence_level":0.95,"lower_bound":7886141.108428567,"upper_bound":7983415.690107144},"point_estimate":7919374.775714289,"standard_error":30938.539338505576},"median":{"confidence_interval":{"confidence_level":0.95,"lower_bound":7883221.928571429,"upper_bound":7887375.571428572},"point_estimate":7884389.714285715,"standard_error":954.158300600536},"median_abs_dev":{"confidence_interval":{"confidence_level":0.95,"lower_bound":5619.159800239183,"upper_bound":10338.699116451597},"point_estimate":8003.2864579130655,"standard_error":1205.0357853308392},"slope":null,"std_dev":{"confidence_interval":{"confidence_level":0.95,"lower_bound":9830.318710976013,"upper_bound":534459.0937870329},"point_estimate":311838.4768703035,"standard_error":189112.0599453482}}