{"mean":{"confidence_interval":{"confidence_level":0.95,"lower_bound":6990161.57875,"upper_bound":6996593.357375},"point_estimate":6992979.5225,"standard_error":1649.6337950995396},"median":{"confidence_interval":{"confidence_level":0.95,"lower_bound":6988091.8125,"upper_bound":6991272.125},"point_estimate":6989392.9375,"standard_error":863.6617486959302},"median_abs_dev":{"confidence_interval":{"confidence_level":0.95,"lower_bound":5029.877936951819,"upper_bound":8628.178188381717},"point_estimate":6912.529714778066,"standard_error":916.7309351514215},"slope":null,"std_dev":{"confidence_interval":{"confidence_level":0.95,"lower_bound":7788.569640283459,"upper_bound":24947.93331300635},"point_estimate":16626.938869609494,"standard_error":4723.204367086497}}