{"mean":{"confidence_interval":{"confidence_level":0.95,"lower_bound":13617745.007875001,"upper_bound":13628503.827624999},"point_estimate":13622688.9675,"standard_error":2751.5508076500732},"median":{"confidence_interval":{"confidence_level":0.95,"lower_bound":13611706.625,"upper_bound":13621423.25},"point_estimate":13616956.25,"standard_error":2804.4916405984814},"median_abs_dev":{"confidence_interval":{"confidence_level":0.95,"lower_bound":13666.606557369232,"upper_bound":23121.146589517593},"point_estimate":18939.288038760424,"standard_error":2373.75328916636},"slope":null,"std_dev":{"confidence_interval":{"confidence_level":0.95,"lower_bound":18063.438400788087,"upper_bound":38377.336006305144},"point_estimate":27661.372935833664,"standard_error":5814.401745825556}}