{"mean":{"confidence_interval":{"confidence_level":0.95,"lower_bound":6123606.45186111,"upper_bound":6146807.428888891},"point_estimate":6133024.98222222,"standard_error":6069.0286276251},"median":{"confidence_interval":{"confidence_level":0.95,"lower_bound":6118313.444444444,"upper_bound":6121835.666666667},"point_estimate":6119671.333333334,"standard_error":873.7363004897152},"median_abs_dev":{"confidence_interval":{"confidence_level":0.95,"lower_bound":3489.9579713742705,"upper_bound":7175.0425726168405},"point_estimate":5263.312273224118,"standard_error":950.7653083085993},"slope":null,"std_dev":{"confidence_interval":{"confidence_level":0.95,"lower_bound":17723.192187923163,"upper_bound":97952.59738824608},"point_estimate":60919.64520619612,"standard_error":23934.622464574648}}