{"mean":{"confidence_interval":{"confidence_level":0.95,"lower_bound":7000257.57625,"upper_bound":7013569.7769375},"point_estimate":7006115.66875,"standard_error":3413.439646518043},"median":{"confidence_interval":{"confidence_level":0.95,"lower_bound":6996580.3734375,"upper_bound":6999907.75},"point_estimate":6998140.8125,"standard_error":891.9087205812632},"median_abs_dev":{"confidence_interval":{"confidence_level":0.95,"lower_bound":6353.682187199593,"upper_bound":10582.427962124348},"point_estimate":8515.96158631146,"standard_error":1107.0811110133125},"slope":null,"std_dev":{"confidence_interval":{"confidence_level":0.95,"lower_bound":13307.461705881547,"upper_bound":49682.93595436554},"point_estimate":34348.82306163488,"standard_error":9085.600940726548}}