{"mean":{"confidence_interval":{"confidence_level":0.95,"lower_bound":7031942.89484375,"upper_bound":7039752.466875},"point_estimate":7035740.54625,"standard_error":1992.2805993581703},"median":{"confidence_interval":{"confidence_level":0.95,"lower_bound":7029630.875,"upper_bound":7036550.0},"point_estimate":7032287.625,"standard_error":2102.083172311135},"median_abs_dev":{"confidence_interval":{"confidence_level":0.95,"lower_bound":12495.723228156567,"upper_bound":20789.572805911303},"point_estimate":15447.023800760508,"standard_error":2149.7344816325026},"slope":null,"std_dev":{"confidence_interval":{"confidence_level":0.95,"lower_bound":15999.712203007852,"upper_bound":23805.002978024273},"point_estimate":20057.886471403257,"standard_error":1996.0389843954297}}