{"mean":{"confidence_interval":{"confidence_level":0.95,"lower_bound":7886278.205857142,"upper_bound":7892751.025178572},"point_estimate":7889210.455714284,"standard_error":1657.5255427886655},"median":{"confidence_interval":{"confidence_level":0.95,"lower_bound":7884112.857142857,"upper_bound":7887383.571428572},"point_estimate":7885865.571428571,"standard_error":807.2827028663551},"median_abs_dev":{"confidence_interval":{"confidence_level":0.95,"lower_bound":5088.706709657692,"upper_bound":8919.533241646433},"point_estimate":6879.0520778733,"standard_error":962.863677484575},"slope":null,"std_dev":{"confidence_interval":{"confidence_level":0.95,"lower_bound":8830.426251743345,"upper_bound":23150.535696653613},"point_estimate":16640.399592822898,"standard_error":3659.9055244441656}}