{"mean":{"confidence_interval":{"confidence_level":0.95,"lower_bound":6686520.62275,"upper_bound":6690950.1368125},"point_estimate":6688711.66125,"standard_error":1129.1279720602831},"median":{"confidence_interval":{"confidence_level":0.95,"lower_bound":6685054.3125,"upper_bound":6690312.1875},"point_estimate":6688610.625,"standard_error":1216.0181470096416},"median_abs_dev":{"confidence_interval":{"confidence_level":0.95,"lower_bound":8094.625206291676,"upper_bound":13995.558426529169},"point_estimate":10322.69497923553,"standard_error":1516.9630969850691},"slope":null,"std_dev":{"confidence_interval":{"confidence_level":0.95,"lower_bound":9639.919238162202,"upper_bound":12911.894004154627},"point_estimate":11332.75883306449,"standard_error":837.7013669274343}}