{"mean":{"confidence_interval":{"confidence_level":0.95,"lower_bound":7891573.818571427,"upper_bound":7896631.671357143},"point_estimate":7894020.60714286,"standard_error":1291.942142451789},"median":{"confidence_interval":{"confidence_level":0.95,"lower_bound":7889025.285714285,"upper_bound":7893396.857142857},"point_estimate":7891437.428571429,"standard_error":1079.9920953409621},"median_abs_dev":{"confidence_interval":{"confidence_level":0.95,"lower_bound":6548.220483746242,"upper_bound":12104.478332602057},"point_estimate":8856.94634275856,"standard_error":1430.607361312898},"slope":null,"std_dev":{"confidence_interval":{"confidence_level":0.95,"lower_bound":10121.96680593652,"upper_bound":15505.347431393455},"point_estimate":13040.110120991454,"standard_error":1374.5881913875583}}