{"mean":{"confidence_interval":{"confidence_level":0.95,"lower_bound":6673110.27565625,"upper_bound":6691396.34090625},"point_estimate":6680283.43875,"standard_error":4872.077325815169},"median":{"confidence_interval":{"confidence_level":0.95,"lower_bound":6670213.25,"upper_bound":6674088.125},"point_estimate":6671741.1875,"standard_error":781.0087369682232},"median_abs_dev":{"confidence_interval":{"confidence_level":0.95,"lower_bound":7298.364775115633,"upper_bound":11154.834329774596},"point_estimate":9213.98818641901,"standard_error":929.1321613778482},"slope":null,"std_dev":{"confidence_interval":{"confidence_level":0.95,"lower_bound":9797.37216372643,"upper_bound":80575.02892510034},"point_estimate":48954.05576004382,"standard_error":21562.29415662268}}