{"mean":{"confidence_interval":{"confidence_level":0.95,"lower_bound":7889878.768571428,"upper_bound":7906420.004285711},"point_estimate":7896891.967142862,"standard_error":4294.414591395273},"median":{"confidence_interval":{"confidence_level":0.95,"lower_bound":7885862.714285715,"upper_bound":7889645.5},"point_estimate":7887474.571428571,"standard_error":904.0179734068906},"median_abs_dev":{"confidence_interval":{"confidence_level":0.95,"lower_bound":5311.096705710862,"upper_bound":10014.9892971984},"point_estimate":6794.332079376198,"standard_error":1154.7222433399957},"slope":null,"std_dev":{"confidence_interval":{"confidence_level":0.95,"lower_bound":10941.599676586819,"upper_bound":65588.29274541362},"point_estimate":43219.5433312959,"standard_error":14626.596616772293}}