{"mean":{"confidence_interval":{"confidence_level":0.95,"lower_bound":6992544.22759375,"upper_bound":6997661.979874999},"point_estimate":6994833.69625,"standard_error":1314.797366090032},"median":{"confidence_interval":{"confidence_level":0.95,"lower_bound":6990395.4375,"upper_bound":6992924.125},"point_estimate":6991373.25,"standard_error":562.2145902158578},"median_abs_dev":{"confidence_interval":{"confidence_level":0.95,"lower_bound":4577.712743729353,"upper_bound":7922.643609344959},"point_estimate":6011.572243273258,"standard_error":859.9368340126713},"slope":null,"std_dev":{"confidence_interval":{"confidence_level":0.95,"lower_bound":7265.796680551282,"upper_bound":19379.515107550873},"point_estimate":13218.960092084244,"standard_error":3494.0967681610473}}