{"mean":{"confidence_interval":{"confidence_level":0.95,"lower_bound":7889740.201464286,"upper_bound":7916525.993678571},"point_estimate":7899475.579999999,"standard_error":7709.551846264817},"median":{"confidence_interval":{"confidence_level":0.95,"lower_bound":7887413.142857143,"upper_bound":7890706.714285715},"point_estimate":7889188.714285715,"standard_error":660.2077600679276},"median_abs_dev":{"confidence_interval":{"confidence_level":0.95,"lower_bound":4653.88131737709,"upper_bound":8349.897151759102},"point_estimate":6546.949683768606,"standard_error":938.016623295339},"slope":null,"std_dev":{"confidence_interval":{"confidence_level":0.95,"lower_bound":8474.113321051742,"upper_bound":131853.9449856044},"point_estimate":77706.24831534366,"standard_error":41815.68589265711}}