{"mean":{"confidence_interval":{"confidence_level":0.95,"lower_bound":6989297.70009375,"upper_bound":7149936.0770625},"point_estimate":7050522.07125,"standard_error":43903.13889124886},"median":{"confidence_interval":{"confidence_level":0.95,"lower_bound":6985949.5,"upper_bound":6989190.5},"point_estimate":6987313.375,"standard_error":986.0459695042568},"median_abs_dev":{"confidence_interval":{"confidence_level":0.95,"lower_bound":4828.642789274454,"upper_bound":8189.511604607105},"point_estimate":5995.263643562794,"standard_error":875.831053758766},"slope":null,"std_dev":{"confidence_interval":{"confidence_level":0.95,"lower_bound":10014.74381685926,"upper_bound":723087.1976787541},"point_estimate":440059.9677508075,"standard_error":203249.25785568368}}