{"mean":{"confidence_interval":{"confidence_level":0.95,"lower_bound":6993287.56465625,"upper_bound":6996974.50271875},"point_estimate":6995057.9775,"standard_error":941.9319691593938},"median":{"confidence_interval":{"confidence_level":0.95,"lower_bound":6991849.75,"upper_bound":6995501.125},"point_estimate":6993967.25,"standard_error":903.4872580485202},"median_abs_dev":{"confidence_interval":{"confidence_level":0.95,"lower_bound":4774.527890235186,"upper_bound":7954.9828212708235},"point_estimate":6105.717341601849,"standard_error":802.2959333615222},"slope":null,"std_dev":{"confidence_interval":{"confidence_level":0.95,"lower_bound":6968.432422197023,"upper_bound":11693.823591445394},"point_estimate":9461.924948223506,"standard_error":1211.8592429580049}}