{"mean":{"confidence_interval":{"confidence_level":0.95,"lower_bound":6987807.87471875,"upper_bound":6992658.90559375},"point_estimate":6990053.77625,"standard_error":1240.9326849545357},"median":{"confidence_interval":{"confidence_level":0.95,"lower_bound":6984632.625,"upper_bound":6989034.625},"point_estimate":6986276.375,"standard_error":1402.7732383181742},"median_abs_dev":{"confidence_interval":{"confidence_level":0.95,"lower_bound":5376.092829555273,"upper_bound":9924.153573811054},"point_estimate":7589.3366027623415,"standard_error":1235.9403015749933},"slope":null,"std_dev":{"confidence_interval":{"confidence_level":0.95,"lower_bound":7908.180600761039,"upper_bound":16702.744117845697},"point_estimate":12491.5390235748,"standard_error":2256.1349732002523}}