{"mean":{"confidence_interval":{"confidence_level":0.95,"lower_bound":6987013.80203125,"upper_bound":6990569.3641875},"point_estimate":6988701.2625,"standard_error":910.7030595553528},"median":{"confidence_interval":{"confidence_level":0.95,"lower_bound":6985949.5,"upper_bound":6988760.25},"point_estimate":6987343.3125,"standard_error":807.0027315977788},"median_abs_dev":{"confidence_interval":{"confidence_level":0.95,"lower_bound":4610.237280651927,"upper_bound":7635.853176936507},"point_estimate":5964.870344102383,"standard_error":795.3210537029018},"slope":null,"std_dev":{"confidence_interval":{"confidence_level":0.95,"lower_bound":6512.860413779652,"upper_bound":11567.272679648102},"point_estimate":9188.093655071349,"standard_error":1292.1666287435191}}