{"mean":{"confidence_interval":{"confidence_level":0.95,"lower_bound":6989737.061,"upper_bound":6994164.5410625},"point_estimate":6991799.60375,"standard_error":1130.5978618740899},"median":{"confidence_interval":{"confidence_level":0.95,"lower_bound":6987669.125,"upper_bound":6990832.1875},"point_estimate":6989611.3125,"standard_error":906.8383630231856},"median_abs_dev":{"confidence_interval":{"confidence_level":0.95,"lower_bound":4976.532136648893,"upper_bound":9013.373877480626},"point_estimate":7135.568348318338,"standard_error":1074.8514494474314},"slope":null,"std_dev":{"confidence_interval":{"confidence_level":0.95,"lower_bound":7656.246999540867,"upper_bound":14563.191749445412},"point_estimate":11362.191377628182,"standard_error":1761.6354168985365}}