{"mean":{"confidence_interval":{"confidence_level":0.95,"lower_bound":6990038.8211875,"upper_bound":6997379.342437499},"point_estimate":6993053.185,"standard_error":1917.4878050820537},"median":{"confidence_interval":{"confidence_level":0.95,"lower_bound":6987669.125,"upper_bound":6992124.375},"point_estimate":6989790.5625,"standard_error":1107.9145225842365},"median_abs_dev":{"confidence_interval":{"confidence_level":0.95,"lower_bound":5932.4384696781635,"upper_bound":9441.57191550359},"point_estimate":7732.31483772397,"standard_error":885.2594885062223},"slope":null,"std_dev":{"confidence_interval":{"confidence_level":0.95,"lower_bound":7793.667560058566,"upper_bound":30825.078547069723},"point_estimate":19298.916438559114,"standard_error":7551.938655854708}}