{"mean":{"confidence_interval":{"confidence_level":0.95,"lower_bound":6992294.945,"upper_bound":7001021.7445625},"point_estimate":6996068.7825,"standard_error":2250.7036423469144},"median":{"confidence_interval":{"confidence_level":0.95,"lower_bound":6988878.5,"upper_bound":6994376.25},"point_estimate":6991984.875,"standard_error":1321.1430572064037},"median_abs_dev":{"confidence_interval":{"confidence_level":0.95,"lower_bound":6828.114178776741,"upper_bound":11231.99207559228},"point_estimate":8212.213916704059,"standard_error":1084.0327501971224},"slope":null,"std_dev":{"confidence_interval":{"confidence_level":0.95,"lower_bound":8970.167506056354,"upper_bound":33577.06775484552},"point_estimate":22468.743538503873,"standard_error":6588.000791185259}}