{"mean":{"confidence_interval":{"confidence_level":0.95,"lower_bound":76813.87830138112,"upper_bound":76989.82109192462},"point_estimate":76896.4791870031,"standard_error":44.91878315044882},"median":{"confidence_interval":{"confidence_level":0.95,"lower_bound":76771.23214285714,"upper_bound":76974.54261363635},"point_estimate":76828.80256410256,"standard_error":56.51366153478362},"median_abs_dev":{"confidence_interval":{"confidence_level":0.95,"lower_bound":265.57749295948736,"upper_bound":441.8628884982688},"point_estimate":337.4999846331775,"standard_error":44.989063510891896},"slope":{"confidence_interval":{"confidence_level":0.95,"lower_bound":76882.38938070223,"upper_bound":77116.58125389702},"point_estimate":76989.77964275159,"standard_error":59.943905941399436},"std_dev":{"confidence_interval":{"confidence_level":0.95,"lower_bound":311.8905100794701,"upper_bound":606.2059178621539},"point_estimate":452.87452231773625,"standard_error":78.65236177210228}}