{"mean":{"confidence_interval":{"confidence_level":0.95,"lower_bound":79252.12777180217,"upper_bound":79470.73800616963},"point_estimate":79363.47774884965,"standard_error":55.6725477088047},"median":{"confidence_interval":{"confidence_level":0.95,"lower_bound":79372.0231060606,"upper_bound":79532.73521505376},"point_estimate":79462.92286706349,"standard_error":40.124025100592206},"median_abs_dev":{"confidence_interval":{"confidence_level":0.95,"lower_bound":260.8406383504423,"upper_bound":474.7499328584284},"point_estimate":342.63800651166076,"standard_error":55.323602017088184},"slope":{"confidence_interval":{"confidence_level":0.95,"lower_bound":79427.40200975118,"upper_bound":79578.72600500566},"point_estimate":79503.52225062804,"standard_error":38.704216384775464},"std_dev":{"confidence_interval":{"confidence_level":0.95,"lower_bound":454.1251871737663,"upper_bound":648.9546579586822},"point_estimate":558.4901754099684,"standard_error":49.68698066767757}}