{"mean":{"confidence_interval":{"confidence_level":0.95,"lower_bound":88658.18467958033,"upper_bound":88864.73000424216},"point_estimate":88757.94306180101,"standard_error":52.661008364765756},"median":{"confidence_interval":{"confidence_level":0.95,"lower_bound":88511.09722222222,"upper_bound":88663.21232954547},"point_estimate":88577.24895833334,"standard_error":40.78095457817078},"median_abs_dev":{"confidence_interval":{"confidence_level":0.95,"lower_bound":224.44407760739193,"upper_bound":451.7240823529402},"point_estimate":334.4123208418478,"standard_error":58.26149807700123},"slope":{"confidence_interval":{"confidence_level":0.95,"lower_bound":88598.60871740054,"upper_bound":88791.58755340843},"point_estimate":88691.10056856806,"standard_error":49.23640017607624},"std_dev":{"confidence_interval":{"confidence_level":0.95,"lower_bound":417.6853617976913,"upper_bound":631.0580423359371},"point_estimate":530.1185737188929,"standard_error":54.47245573327149}}