{"mean":{"confidence_interval":{"confidence_level":0.95,"lower_bound":79727.36888652715,"upper_bound":80223.878111429},"point_estimate":79954.55933953257,"standard_error":127.21263586311416},"median":{"confidence_interval":{"confidence_level":0.95,"lower_bound":79706.45294117647,"upper_bound":79892.89838137571},"point_estimate":79771.92169462482,"standard_error":48.30309017518715},"median_abs_dev":{"confidence_interval":{"confidence_level":0.95,"lower_bound":316.725827787917,"upper_bound":502.4663202568692},"point_estimate":422.91603712503957,"standard_error":50.455793909303814},"slope":{"confidence_interval":{"confidence_level":0.95,"lower_bound":79832.09418722834,"upper_bound":80069.62908575211},"point_estimate":79940.37199940889,"standard_error":60.5529594075006},"std_dev":{"confidence_interval":{"confidence_level":0.95,"lower_bound":733.2911827857395,"upper_bound":1723.8706790863387},"point_estimate":1278.9412068748238,"standard_error":252.66623277224363}}