{"mean":{"confidence_interval":{"confidence_level":0.95,"lower_bound":-0.005502875485011329,"upper_bound":0.006211594526910438},"point_estimate":-0.00007702373289653064,"standard_error":0.0029756482481703935},"median":{"confidence_interval":{"confidence_level":0.95,"lower_bound":-0.009492386435003053,"upper_bound":0.0017908190273423497},"point_estimate":-0.005063738574773602,"standard_error":0.0026998247133558427}}