{"mean":{"confidence_interval":{"confidence_level":0.95,"lower_bound":0.026218717906106487,"upper_bound":0.039065298926813846},"point_estimate":0.032654801395066047,"standard_error":0.0032815765244036577},"median":{"confidence_interval":{"confidence_level":0.95,"lower_bound":0.026371693410836894,"upper_bound":0.03648840904442596},"point_estimate":0.03191506838864111,"standard_error":0.0025720751480123095}}