{"mean":{"confidence_interval":{"confidence_level":0.95,"lower_bound":0.0007637230012258858,"upper_bound":0.03127488295824553},"point_estimate":0.014360502704128253,"standard_error":0.008110780988982533},"median":{"confidence_interval":{"confidence_level":0.95,"lower_bound":-0.009887872454663382,"upper_bound":0.015090616765123016},"point_estimate":0.0022890404289126476,"standard_error":0.006016652780578606}}