{"mean":{"confidence_interval":{"confidence_level":0.95,"lower_bound":-0.03861636235489581,"upper_bound":-0.025046191670865064},"point_estimate":-0.031766232755177315,"standard_error":0.003462825191680164},"median":{"confidence_interval":{"confidence_level":0.95,"lower_bound":-0.03228797478659029,"upper_bound":-0.020077710072308186},"point_estimate":-0.024822292545611302,"standard_error":0.0031410918692615273}}