{"mean":{"confidence_interval":{"confidence_level":0.95,"lower_bound":-0.024219689891404345,"upper_bound":-0.01169776534165221},"point_estimate":-0.017962957504257582,"standard_error":0.00318742026697826},"median":{"confidence_interval":{"confidence_level":0.95,"lower_bound":-0.027031404196193987,"upper_bound":-0.014919443133072474},"point_estimate":-0.021236138524352688,"standard_error":0.003096565183732012}}