{"mean":{"confidence_interval":{"confidence_level":0.95,"lower_bound":0.0006655891814068785,"upper_bound":0.009291437213080005},"point_estimate":0.004962347803593836,"standard_error":0.0021811659685546285},"median":{"confidence_interval":{"confidence_level":0.95,"lower_bound":-0.002250948830343491,"upper_bound":0.007976868934781445},"point_estimate":0.00252911071408346,"standard_error":0.002645158639068573}}