{"mean":{"confidence_interval":{"confidence_level":0.95,"lower_bound":0.013771813654079547,"upper_bound":0.02303046237762431},"point_estimate":0.018120975402801553,"standard_error":0.0023456884925570683},"median":{"confidence_interval":{"confidence_level":0.95,"lower_bound":0.012676429107383314,"upper_bound":0.01975709147659919},"point_estimate":0.015126230318031952,"standard_error":0.0017959766937051408}}