{"mean":{"confidence_interval":{"confidence_level":0.95,"lower_bound":0.00018475558688645373,"upper_bound":0.009760908737139503},"point_estimate":0.004635022295613078,"standard_error":0.0024375468366295504},"median":{"confidence_interval":{"confidence_level":0.95,"lower_bound":0.0017683919219853017,"upper_bound":0.008583229983363472},"point_estimate":0.005270334372656116,"standard_error":0.0017560504787461815}}