{"mean":{"confidence_interval":{"confidence_level":0.95,"lower_bound":-0.01661343362237099,"upper_bound":-0.0009223775897777481},"point_estimate":-0.0080321252060499,"standard_error":0.004016117867569065},"median":{"confidence_interval":{"confidence_level":0.95,"lower_bound":-0.011302296412653012,"upper_bound":-0.005327635790799534},"point_estimate":-0.008344607457453468,"standard_error":0.0016143258015264784}}