{"mean":{"confidence_interval":{"confidence_level":0.95,"lower_bound":0.0053878663074938184,"upper_bound":0.017740225276513727},"point_estimate":0.011429753131326104,"standard_error":0.0031480673576889068},"median":{"confidence_interval":{"confidence_level":0.95,"lower_bound":-0.0038337856227360634,"upper_bound":0.03254244546987711},"point_estimate":0.012217309086246297,"standard_error":0.009385814253941945}}