{"mean":{"confidence_interval":{"confidence_level":0.95,"lower_bound":-0.012451215427529624,"upper_bound":0.006646312717797724},"point_estimate":-0.0023795679320227636,"standard_error":0.004864190175536097},"median":{"confidence_interval":{"confidence_level":0.95,"lower_bound":-0.013164022394418384,"upper_bound":0.01751324867502002},"point_estimate":0.004880828819638028,"standard_error":0.007353592502462245}}