{"mean":{"confidence_interval":{"confidence_level":0.95,"lower_bound":0.006767953703065983,"upper_bound":0.03491205546723924},"point_estimate":0.019869908885073784,"standard_error":0.007225188210052254},"median":{"confidence_interval":{"confidence_level":0.95,"lower_bound":-0.011151829759843634,"upper_bound":-0.0008914268347766678},"point_estimate":-0.004562634232439078,"standard_error":0.0026755860143944177}}