{"mean":{"confidence_interval":{"confidence_level":0.95,"lower_bound":-0.016418829354260117,"upper_bound":-0.008210770446530907},"point_estimate":-0.012319849033999186,"standard_error":0.0020913466890690883},"median":{"confidence_interval":{"confidence_level":0.95,"lower_bound":-0.015193699031931351,"upper_bound":-0.00978606376261848},"point_estimate":-0.012475568552064997,"standard_error":0.0013165132449300787}}