{"mean":{"confidence_interval":{"confidence_level":0.95,"lower_bound":-0.17934847067296408,"upper_bound":-0.16667934992339514},"point_estimate":-0.17265566656014852,"standard_error":0.0032457444703503074},"median":{"confidence_interval":{"confidence_level":0.95,"lower_bound":-0.17296310919773658,"upper_bound":-0.15407299981906364},"point_estimate":-0.15928673494817946,"standard_error":0.004283271274677836}}