{"mean":{"confidence_interval":{"confidence_level":0.95,"lower_bound":-0.06595621004901521,"upper_bound":-0.057932618344276945},"point_estimate":-0.0620137505531394,"standard_error":0.0020539503705757673},"median":{"confidence_interval":{"confidence_level":0.95,"lower_bound":-0.07170780633400686,"upper_bound":-0.0570134828146723},"point_estimate":-0.06635617152871731,"standard_error":0.003468205271155617}}