{"mean":{"confidence_interval":{"confidence_level":0.95,"lower_bound":-0.0023040053161636036,"upper_bound":0.01018991720871381},"point_estimate":0.0037446741385078752,"standard_error":0.003209612872023679},"median":{"confidence_interval":{"confidence_level":0.95,"lower_bound":-0.009932848880754186,"upper_bound":0.012737114092385982},"point_estimate":0.0021639654653864415,"standard_error":0.005243153893079032}}