{"mean":{"confidence_interval":{"confidence_level":0.95,"lower_bound":0.0009980626371057567,"upper_bound":0.0071569157263717525},"point_estimate":0.004156996214083719,"standard_error":0.001573201546652385},"median":{"confidence_interval":{"confidence_level":0.95,"lower_bound":-0.0003544281863748777,"upper_bound":0.005394170100915918},"point_estimate":0.003615649352540329,"standard_error":0.0015101074861272174}}