{"mean":{"confidence_interval":{"confidence_level":0.95,"lower_bound":-0.010033112604796194,"upper_bound":0.0037519969620561644},"point_estimate":-0.0029036703564255806,"standard_error":0.0035044329431553308},"median":{"confidence_interval":{"confidence_level":0.95,"lower_bound":-0.004871328020987997,"upper_bound":0.003734788640565423},"point_estimate":0.000060093375792158454,"standard_error":0.0022165661930704304}}