{"mean":{"confidence_interval":{"confidence_level":0.95,"lower_bound":-0.00773524576938347,"upper_bound":0.019084296089764887},"point_estimate":0.00462087169733727,"standard_error":0.007276125584206104},"median":{"confidence_interval":{"confidence_level":0.95,"lower_bound":-0.02384728746210413,"upper_bound":0.006198339483906912},"point_estimate":-0.010468918998190024,"standard_error":0.00731676522766527}}