{"mean":{"confidence_interval":{"confidence_level":0.95,"lower_bound":-0.014899200090946621,"upper_bound":-0.00026755753954760036},"point_estimate":-0.007682185952025855,"standard_error":0.0037118123291497427},"median":{"confidence_interval":{"confidence_level":0.95,"lower_bound":-0.02106053540516528,"upper_bound":0.0027386986917765643},"point_estimate":-0.008889955101004432,"standard_error":0.005725166768015293}}