{"mean":{"confidence_interval":{"confidence_level":0.95,"lower_bound":0.0004085606267560003,"upper_bound":0.007951253859873029},"point_estimate":0.004168673214536955,"standard_error":0.0019285042655405467},"median":{"confidence_interval":{"confidence_level":0.95,"lower_bound":-0.0028246716998568955,"upper_bound":0.005216334530195432},"point_estimate":0.0006197107668846069,"standard_error":0.0020816602771700846}}