{"mean":{"confidence_interval":{"confidence_level":0.95,"lower_bound":-0.06759236866675225,"upper_bound":-0.058942918120528626},"point_estimate":-0.06330970353119947,"standard_error":0.0022078133861021397},"median":{"confidence_interval":{"confidence_level":0.95,"lower_bound":-0.06733458061477682,"upper_bound":-0.060850505092479114},"point_estimate":-0.06398388657287801,"standard_error":0.0017556907168681268}}