{"mean":{"confidence_interval":{"confidence_level":0.95,"lower_bound":-0.052021853599379546,"upper_bound":-0.040500433691313564},"point_estimate":-0.04615298657005862,"standard_error":0.0029265148722258973},"median":{"confidence_interval":{"confidence_level":0.95,"lower_bound":-0.04751489158664446,"upper_bound":-0.03757898940611737},"point_estimate":-0.04288959530815406,"standard_error":0.0024254515994004606}}