{"mean":{"confidence_interval":{"confidence_level":0.95,"lower_bound":-0.010168506654748919,"upper_bound":0.004954335746674035},"point_estimate":-0.002294446202908862,"standard_error":0.0038453595194025184},"median":{"confidence_interval":{"confidence_level":0.95,"lower_bound":-0.009445778228649782,"upper_bound":0.0061777905141493505},"point_estimate":-0.0005325276640714138,"standard_error":0.004060693584401568}}