{"mean":{"confidence_interval":{"confidence_level":0.95,"lower_bound":-0.2701850788480329,"upper_bound":-0.26326784577142154},"point_estimate":-0.26665266175901414,"standard_error":0.0017679635460035932},"median":{"confidence_interval":{"confidence_level":0.95,"lower_bound":-0.2683133225434574,"upper_bound":-0.26344080355835486},"point_estimate":-0.26592106103455326,"standard_error":0.0012165619664998317}}