{"mean":{"confidence_interval":{"confidence_level":0.95,"lower_bound":-0.009586362855624902,"upper_bound":0.004214419937011945},"point_estimate":-0.0026570675211962103,"standard_error":0.003560253982018775},"median":{"confidence_interval":{"confidence_level":0.95,"lower_bound":-0.020339660007093197,"upper_bound":0.009579337001628385},"point_estimate":-0.0027608026841066113,"standard_error":0.00796209201802938}}