{"mean":{"confidence_interval":{"confidence_level":0.95,"lower_bound":0.06259179222053154,"upper_bound":0.07388806059190005},"point_estimate":0.0678673518512587,"standard_error":0.0028645618193930333},"median":{"confidence_interval":{"confidence_level":0.95,"lower_bound":0.0658732589880735,"upper_bound":0.07362813237707133},"point_estimate":0.06978302350805698,"standard_error":0.002100339027937916}}