{"mean":{"confidence_interval":{"confidence_level":0.95,"lower_bound":-0.010238994725635407,"upper_bound":0.0027345783077815863},"point_estimate":-0.003713579883323881,"standard_error":0.0033117797671341842},"median":{"confidence_interval":{"confidence_level":0.95,"lower_bound":-0.007032142095641736,"upper_bound":0.004549916879043492},"point_estimate":-0.0029772081367748227,"standard_error":0.002997347473004689}}