{"mean":{"confidence_interval":{"confidence_level":0.95,"lower_bound":-0.01275872740325078,"upper_bound":-0.0031272098225677745},"point_estimate":-0.008082005093020483,"standard_error":0.0024602008002443036},"median":{"confidence_interval":{"confidence_level":0.95,"lower_bound":-0.009541921497817407,"upper_bound":0.0008720064418514806},"point_estimate":-0.0033440258902740494,"standard_error":0.0026582758131533124}}