{"mean":{"confidence_interval":{"confidence_level":0.95,"lower_bound":0.06575267651331995,"upper_bound":0.0784028327945299},"point_estimate":0.07217315204779773,"standard_error":0.003260560258000012},"median":{"confidence_interval":{"confidence_level":0.95,"lower_bound":0.054315132112438214,"upper_bound":0.06799690012988746},"point_estimate":0.060346553202094144,"standard_error":0.0035740416418162664}}