{"mean":{"confidence_interval":{"confidence_level":0.95,"lower_bound":-0.0335766335569929,"upper_bound":-0.023559431364984656},"point_estimate":-0.028480646877099836,"standard_error":0.0025650461698944658},"median":{"confidence_interval":{"confidence_level":0.95,"lower_bound":-0.032973515713241364,"upper_bound":-0.021764885515067833},"point_estimate":-0.02821897784418015,"standard_error":0.0029827608103329315}}