{"mean":{"confidence_interval":{"confidence_level":0.95,"lower_bound":-0.026671900598887667,"upper_bound":-0.011509778659904879},"point_estimate":-0.018819359437766803,"standard_error":0.0038717938433967423},"median":{"confidence_interval":{"confidence_level":0.95,"lower_bound":-0.03179580727044008,"upper_bound":-0.002524656025127375},"point_estimate":-0.011975258962350965,"standard_error":0.008042917217524852}}