{"mean":{"confidence_interval":{"confidence_level":0.95,"lower_bound":0.007127993146912616,"upper_bound":0.017134436030115736},"point_estimate":0.012055143821170233,"standard_error":0.00254320556252321},"median":{"confidence_interval":{"confidence_level":0.95,"lower_bound":0.012417589745608693,"upper_bound":0.020499231678196672},"point_estimate":0.016842929538349205,"standard_error":0.0021104531679406006}}