{"mean":{"confidence_interval":{"confidence_level":0.95,"lower_bound":-0.00038013688431056916,"upper_bound":0.009000478143889},"point_estimate":0.004366952397594437,"standard_error":0.002403566647759349},"median":{"confidence_interval":{"confidence_level":0.95,"lower_bound":-9.936426278334132e-6,"upper_bound":0.008627427489030115},"point_estimate":0.003109465380321863,"standard_error":0.0023442314970093477}}