{"mean":{"confidence_interval":{"confidence_level":0.95,"lower_bound":-0.010605279112196804,"upper_bound":0.000710654181916847},"point_estimate":-0.004798845653424477,"standard_error":0.0028805992797872257},"median":{"confidence_interval":{"confidence_level":0.95,"lower_bound":-0.011872792801783882,"upper_bound":-0.0011140513708360889},"point_estimate":-0.006280667279544128,"standard_error":0.002799879265527616}}