{"mean":{"confidence_interval":{"confidence_level":0.95,"lower_bound":0.0052019211409490675,"upper_bound":0.023992603027637397},"point_estimate":0.014148387905226878,"standard_error":0.004823736485277205},"median":{"confidence_interval":{"confidence_level":0.95,"lower_bound":0.005369321788436068,"upper_bound":0.01858696397875681},"point_estimate":0.011120570132776342,"standard_error":0.003302339131811042}}