{"mean":{"confidence_interval":{"confidence_level":0.95,"lower_bound":0.04841522314923383,"upper_bound":0.06032377036436141},"point_estimate":0.05429917748342028,"standard_error":0.003023464275266961},"median":{"confidence_interval":{"confidence_level":0.95,"lower_bound":0.05134571306074154,"upper_bound":0.06364172467797342},"point_estimate":0.05832042303252849,"standard_error":0.0032611311346918154}}