{"mean":{"confidence_interval":{"confidence_level":0.95,"lower_bound":-0.008437893850815332,"upper_bound":0.00036446522408671074},"point_estimate":-0.003901099781998707,"standard_error":0.0022560772456151385},"median":{"confidence_interval":{"confidence_level":0.95,"lower_bound":-0.007865877008082056,"upper_bound":0.0015834874211959615},"point_estimate":-0.002415059726012525,"standard_error":0.0025561808055714454}}