{"mean":{"confidence_interval":{"confidence_level":0.95,"lower_bound":0.2939408783011154,"upper_bound":0.3070880712089434},"point_estimate":0.3001598147583613,"standard_error":0.003333345412088229},"median":{"confidence_interval":{"confidence_level":0.95,"lower_bound":0.2958021650925209,"upper_bound":0.3042983099182166},"point_estimate":0.30022200693924606,"standard_error":0.0022094944273580185}}