{"mean":{"confidence_interval":{"confidence_level":0.95,"lower_bound":-0.018679614473740377,"upper_bound":-0.008261743303513256},"point_estimate":-0.013653317687815414,"standard_error":0.0026594124079407444},"median":{"confidence_interval":{"confidence_level":0.95,"lower_bound":-0.022633749066248827,"upper_bound":-0.008221781495808878},"point_estimate":-0.014647396424721237,"standard_error":0.003497832058900045}}