{"mean":{"confidence_interval":{"confidence_level":0.95,"lower_bound":-0.010122445480433655,"upper_bound":-0.001143191300590921},"point_estimate":-0.0055437733574768,"standard_error":0.002279761410447746},"median":{"confidence_interval":{"confidence_level":0.95,"lower_bound":-0.012296352997861476,"upper_bound":-0.0009947219523984696},"point_estimate":-0.007154886459874166,"standard_error":0.003106487864939945}}