{"mean":{"confidence_interval":{"confidence_level":0.95,"lower_bound":0.004402746969164495,"upper_bound":0.015168327133679714},"point_estimate":0.009607813286513167,"standard_error":0.002706539264619914},"median":{"confidence_interval":{"confidence_level":0.95,"lower_bound":0.0030693771324457053,"upper_bound":0.010044018913296348},"point_estimate":0.006148075512767415,"standard_error":0.0016657300935027865}}