{"mean":{"confidence_interval":{"confidence_level":0.95,"lower_bound":0.03473602281361527,"upper_bound":0.047215112283625967},"point_estimate":0.04125052230916415,"standard_error":0.003199380620812459},"median":{"confidence_interval":{"confidence_level":0.95,"lower_bound":0.033356626483584506,"upper_bound":0.04495323753706404},"point_estimate":0.03861448350248087,"standard_error":0.003056114567210756}}