{"mean":{"confidence_interval":{"confidence_level":0.95,"lower_bound":0.019088999806120728,"upper_bound":0.027330419619065276},"point_estimate":0.023380914988072377,"standard_error":0.002098052374509683},"median":{"confidence_interval":{"confidence_level":0.95,"lower_bound":0.02193553552880667,"upper_bound":0.028770204861088722},"point_estimate":0.025353430914397235,"standard_error":0.0017460375666403236}}