{"mean":{"confidence_interval":{"confidence_level":0.95,"lower_bound":-0.028728270875251174,"upper_bound":-0.01567716861115915},"point_estimate":-0.022146566259678147,"standard_error":0.0033180615019694723},"median":{"confidence_interval":{"confidence_level":0.95,"lower_bound":-0.036126918090371496,"upper_bound":-0.004307639018866216},"point_estimate":-0.022385600879972878,"standard_error":0.007603148216835506}}