{"mean":{"confidence_interval":{"confidence_level":0.95,"lower_bound":0.003975054950536999,"upper_bound":0.01434892368305931},"point_estimate":0.008932803544683177,"standard_error":0.0026563011867213244},"median":{"confidence_interval":{"confidence_level":0.95,"lower_bound":0.0018463397787038538,"upper_bound":0.012396211091175502},"point_estimate":0.007279475005628422,"standard_error":0.002709382962855941}}