{"mean":{"confidence_interval":{"confidence_level":0.95,"lower_bound":-0.020090209399432964,"upper_bound":-0.006002681736414482},"point_estimate":-0.013330882323177473,"standard_error":0.00360040521200394},"median":{"confidence_interval":{"confidence_level":0.95,"lower_bound":-0.025556544361239886,"upper_bound":-0.01287283855223742},"point_estimate":-0.018861399840812143,"standard_error":0.0032679548475872382}}