{"mean":{"confidence_interval":{"confidence_level":0.95,"lower_bound":1796331.4762967944,"upper_bound":1804142.9024395237},"point_estimate":1799837.5128961522,"standard_error":2014.0289867233432},"median":{"confidence_interval":{"confidence_level":0.95,"lower_bound":1792026.9866666666,"upper_bound":1794871.716981132},"point_estimate":1793557.036764706,"standard_error":684.0984477409672},"median_abs_dev":{"confidence_interval":{"confidence_level":0.95,"lower_bound":3908.2245937445045,"upper_bound":7682.494559846535},"point_estimate":5532.634949513972,"standard_error":1002.1405838876399},"slope":{"confidence_interval":{"confidence_level":0.95,"lower_bound":1794881.5711176258,"upper_bound":1797938.6852418538},"point_estimate":1796319.2696675041,"standard_error":779.3855803502466},"std_dev":{"confidence_interval":{"confidence_level":0.95,"lower_bound":10441.183267839631,"upper_bound":29459.87056402066},"point_estimate":20286.068571211606,"standard_error":5025.211451611362}}