{"mean":{"confidence_interval":{"confidence_level":0.95,"lower_bound":1617793.378942026,"upper_bound":1627991.5175274592},"point_estimate":1621668.1808007734,"standard_error":2755.571724592827},"median":{"confidence_interval":{"confidence_level":0.95,"lower_bound":1616279.3898305085,"upper_bound":1618067.107142857},"point_estimate":1616801.0942982456,"standard_error":510.48729633677704},"median_abs_dev":{"confidence_interval":{"confidence_level":0.95,"lower_bound":2528.558047169023,"upper_bound":4063.786640127426},"point_estimate":3142.3393719616924,"standard_error":392.8576090256869},"slope":{"confidence_interval":{"confidence_level":0.95,"lower_bound":1618686.982296624,"upper_bound":1635583.5127824862},"point_estimate":1625043.8132229939,"standard_error":4547.0272364521215},"std_dev":{"confidence_interval":{"confidence_level":0.95,"lower_bound":5721.326317736133,"upper_bound":46109.58214355996},"point_estimate":27688.77788269852,"standard_error":13188.159949692466}}