{"mean":{"confidence_interval":{"confidence_level":0.95,"lower_bound":1027472.7205435253,"upper_bound":1050719.6093463842},"point_estimate":1037399.61099165,"standard_error":6010.764974514579},"median":{"confidence_interval":{"confidence_level":0.95,"lower_bound":1022680.15625,"upper_bound":1023950.709984639},"point_estimate":1023411.3428932179,"standard_error":333.2880705499445},"median_abs_dev":{"confidence_interval":{"confidence_level":0.95,"lower_bound":2091.41354185335,"upper_bound":4261.92502556522},"point_estimate":2931.412779481145,"standard_error":543.6025925729899},"slope":{"confidence_interval":{"confidence_level":0.95,"lower_bound":1027481.4363275105,"upper_bound":1055844.8799130972},"point_estimate":1038989.8270370917,"standard_error":7404.229352779017},"std_dev":{"confidence_interval":{"confidence_level":0.95,"lower_bound":16954.149707484576,"upper_bound":92823.45505123578},"point_estimate":60549.50767028114,"standard_error":19925.534117084015}}