{"mean":{"confidence_interval":{"confidence_level":0.95,"lower_bound":1061383.6799595281,"upper_bound":1069158.3081874377},"point_estimate":1064713.346103461,"standard_error":2000.3793225005925},"median":{"confidence_interval":{"confidence_level":0.95,"lower_bound":1057964.0451467384,"upper_bound":1060155.5060240964},"point_estimate":1058993.3435362517,"standard_error":585.9916735991799},"median_abs_dev":{"confidence_interval":{"confidence_level":0.95,"lower_bound":3578.906363709071,"upper_bound":6848.477939456463},"point_estimate":5488.564644603886,"standard_error":858.2475861279024},"slope":{"confidence_interval":{"confidence_level":0.95,"lower_bound":1060367.046350802,"upper_bound":1064158.8555341952},"point_estimate":1062110.3742544702,"standard_error":972.0840465632843},"std_dev":{"confidence_interval":{"confidence_level":0.95,"lower_bound":9011.397154902996,"upper_bound":30836.713667834345},"point_estimate":20091.67386726116,"standard_error":6443.850938836988}}