{"mean":{"confidence_interval":{"confidence_level":0.95,"lower_bound":71318.10486378035,"upper_bound":72908.72121693996},"point_estimate":72185.89093130345,"standard_error":406.23711480179793},"median":{"confidence_interval":{"confidence_level":0.95,"lower_bound":71793.14823220257,"upper_bound":72173.05626075732},"point_estimate":71955.06763511403,"standard_error":91.03695210716211},"median_abs_dev":{"confidence_interval":{"confidence_level":0.95,"lower_bound":647.692821603663,"upper_bound":1467.6597467643346},"point_estimate":930.5225639052436,"standard_error":224.92255460772537},"slope":{"confidence_interval":{"confidence_level":0.95,"lower_bound":72894.84712629247,"upper_bound":74183.27653480516},"point_estimate":73522.03084760075,"standard_error":330.75032462128627},"std_dev":{"confidence_interval":{"confidence_level":0.95,"lower_bound":2267.76846555392,"upper_bound":5940.332762612031},"point_estimate":4076.378259849834,"standard_error":1026.1792316769288}}