{"mean":{"confidence_interval":{"confidence_level":0.95,"lower_bound":65189.60836262708,"upper_bound":66484.33774200914},"point_estimate":65892.88769085263,"standard_error":331.39056280295813},"median":{"confidence_interval":{"confidence_level":0.95,"lower_bound":65921.63535353536,"upper_bound":66126.70474866498},"point_estimate":66011.43682588599,"standard_error":54.50867625914808},"median_abs_dev":{"confidence_interval":{"confidence_level":0.95,"lower_bound":325.60851891012624,"upper_bound":1089.484145472599},"point_estimate":634.9512359397721,"standard_error":204.3759024669496},"slope":{"confidence_interval":{"confidence_level":0.95,"lower_bound":66474.75114455432,"upper_bound":67348.43414463145},"point_estimate":66883.37137362691,"standard_error":224.11784811973268},"std_dev":{"confidence_interval":{"confidence_level":0.95,"lower_bound":1849.9311263609934,"upper_bound":4870.636103096588},"point_estimate":3336.072156868663,"standard_error":842.5272667593653}}