{"mean":{"confidence_interval":{"confidence_level":0.95,"lower_bound":69469.04610550466,"upper_bound":71000.97116048502},"point_estimate":70310.00916930284,"standard_error":391.8275044011934},"median":{"confidence_interval":{"confidence_level":0.95,"lower_bound":70035.9721483587,"upper_bound":70350.08737244898},"point_estimate":70159.51125484079,"standard_error":87.38151118229682},"median_abs_dev":{"confidence_interval":{"confidence_level":0.95,"lower_bound":503.13310376483685,"upper_bound":1233.8460435214374},"point_estimate":871.5389884486664,"standard_error":191.96733649384453},"slope":{"confidence_interval":{"confidence_level":0.95,"lower_bound":70827.36693283149,"upper_bound":72065.03375634401},"point_estimate":71412.09745403111,"standard_error":318.5720311519406},"std_dev":{"confidence_interval":{"confidence_level":0.95,"lower_bound":2146.542609188896,"upper_bound":5796.57847688267},"point_estimate":3946.4758658944593,"standard_error":1008.5000650298417}}