{"mean":{"confidence_interval":{"confidence_level":0.95,"lower_bound":47578.618953571735,"upper_bound":48197.50296824419},"point_estimate":47924.00270491631,"standard_error":159.07094442781462},"median":{"confidence_interval":{"confidence_level":0.95,"lower_bound":48028.61688311688,"upper_bound":48184.68301350391},"point_estimate":48063.69359355178,"standard_error":37.37865045329399},"median_abs_dev":{"confidence_interval":{"confidence_level":0.95,"lower_bound":200.20878327141807,"upper_bound":377.1616341776083},"point_estimate":255.9679864218449,"standard_error":42.37317987653278},"slope":{"confidence_interval":{"confidence_level":0.95,"lower_bound":48256.85911369399,"upper_bound":48466.228518747674},"point_estimate":48357.200631636726,"standard_error":53.50212510068901},"std_dev":{"confidence_interval":{"confidence_level":0.95,"lower_bound":742.7081859362462,"upper_bound":2401.074495464213},"point_estimate":1595.7642855709792,"standard_error":451.00729983923657}}