{"mean":{"confidence_interval":{"confidence_level":0.95,"lower_bound":73725.96276402923,"upper_bound":75522.99758651071},"point_estimate":74689.05501815239,"standard_error":458.2130587266106},"median":{"confidence_interval":{"confidence_level":0.95,"lower_bound":73952.56561085973,"upper_bound":75744.86996336996},"point_estimate":74353.7590895813,"standard_error":426.4928315958289},"median_abs_dev":{"confidence_interval":{"confidence_level":0.95,"lower_bound":1943.6516450218219,"upper_bound":3945.0319819709453},"point_estimate":2728.976235334275,"standard_error":510.76198738148787},"slope":{"confidence_interval":{"confidence_level":0.95,"lower_bound":74776.88712000997,"upper_bound":75991.52323030903},"point_estimate":75350.81243227882,"standard_error":311.47696630425855},"std_dev":{"confidence_interval":{"confidence_level":0.95,"lower_bound":2935.387896720995,"upper_bound":6411.25799730016},"point_estimate":4605.771828958166,"standard_error":953.3193971546464}}