{"mean":{"confidence_interval":{"confidence_level":0.95,"lower_bound":72946.00651816222,"upper_bound":73418.10021859941},"point_estimate":73170.21190406677,"standard_error":120.3085964695477},"median":{"confidence_interval":{"confidence_level":0.95,"lower_bound":72451.5199296765,"upper_bound":72700.49516908213},"point_estimate":72559.80440110827,"standard_error":75.25647124208446},"median_abs_dev":{"confidence_interval":{"confidence_level":0.95,"lower_bound":230.82133623463943,"upper_bound":758.8711787005277},"point_estimate":379.7363988698058,"standard_error":141.25984166707423},"slope":{"confidence_interval":{"confidence_level":0.95,"lower_bound":72506.82829970497,"upper_bound":72882.87924201376},"point_estimate":72664.26843800797,"standard_error":97.23868689470746},"std_dev":{"confidence_interval":{"confidence_level":0.95,"lower_bound":900.1609272164753,"upper_bound":1549.4055874591136},"point_estimate":1208.0150124111292,"standard_error":172.68698275751987}}