{"mean":{"confidence_interval":{"confidence_level":0.95,"lower_bound":58540.059394251126,"upper_bound":58684.49039772906},"point_estimate":58611.465561351935,"standard_error":36.88362605626522},"median":{"confidence_interval":{"confidence_level":0.95,"lower_bound":58525.42896876337,"upper_bound":58710.869047619046},"point_estimate":58640.119217687075,"standard_error":49.408002712719124},"median_abs_dev":{"confidence_interval":{"confidence_level":0.95,"lower_bound":237.8659491768106,"upper_bound":395.64230383452684},"point_estimate":318.53408668129845,"standard_error":38.60399683574062},"slope":{"confidence_interval":{"confidence_level":0.95,"lower_bound":58746.6614692073,"upper_bound":58872.673454291624},"point_estimate":58808.62025762278,"standard_error":32.256781312992786},"std_dev":{"confidence_interval":{"confidence_level":0.95,"lower_bound":299.96122336256076,"upper_bound":437.59191383994096},"point_estimate":370.625005102295,"standard_error":35.35295174939661}}