{"mean":{"confidence_interval":{"confidence_level":0.95,"lower_bound":63603.61703000364,"upper_bound":64327.94185299202},"point_estimate":63959.81219047769,"standard_error":184.8589578559074},"median":{"confidence_interval":{"confidence_level":0.95,"lower_bound":62589.81162196679,"upper_bound":64680.833333333336},"point_estimate":62686.61666666667,"standard_error":545.2786129093136},"median_abs_dev":{"confidence_interval":{"confidence_level":0.95,"lower_bound":332.4684807428078,"upper_bound":3073.5823814351247},"point_estimate":813.5271141167938,"standard_error":669.3842276484542},"slope":{"confidence_interval":{"confidence_level":0.95,"lower_bound":62642.79507735603,"upper_bound":62840.83790503494},"point_estimate":62729.54871533422,"standard_error":50.52418473776035},"std_dev":{"confidence_interval":{"confidence_level":0.95,"lower_bound":1640.309879031977,"upper_bound":2037.7691672842793},"point_estimate":1857.0026566026722,"standard_error":101.52311469806399}}