{"mean":{"confidence_interval":{"confidence_level":0.95,"lower_bound":73438.69494339355,"upper_bound":73782.91646741105},"point_estimate":73583.19602896603,"standard_error":89.49488845471465},"median":{"confidence_interval":{"confidence_level":0.95,"lower_bound":73370.93617021276,"upper_bound":73531.58333333333},"point_estimate":73459.14448559671,"standard_error":40.43599957437485},"median_abs_dev":{"confidence_interval":{"confidence_level":0.95,"lower_bound":219.21900562602661,"upper_bound":367.3888874969356},"point_estimate":304.38690815384336,"standard_error":37.618488338227145},"slope":{"confidence_interval":{"confidence_level":0.95,"lower_bound":73489.89635790895,"upper_bound":73911.32599949237},"point_estimate":73665.1456386385,"standard_error":109.68586179059093},"std_dev":{"confidence_interval":{"confidence_level":0.95,"lower_bound":269.0209580139531,"upper_bound":1421.6231155097482},"point_estimate":901.6608847412629,"standard_error":318.01251910496495}}