{"mean":{"confidence_interval":{"confidence_level":0.95,"lower_bound":66755.30243585675,"upper_bound":67410.47162033446},"point_estimate":67071.71077943685,"standard_error":166.7906656148143},"median":{"confidence_interval":{"confidence_level":0.95,"lower_bound":66409.88888888889,"upper_bound":67179.38147694818},"point_estimate":66696.96224279836,"standard_error":228.92598166148065},"median_abs_dev":{"confidence_interval":{"confidence_level":0.95,"lower_bound":1162.3542610307509,"upper_bound":1931.1162092343584},"point_estimate":1582.8726656192223,"standard_error":209.99180556226406},"slope":{"confidence_interval":{"confidence_level":0.95,"lower_bound":66381.39706432701,"upper_bound":67022.05177130745},"point_estimate":66685.16719816758,"standard_error":163.30880148056468},"std_dev":{"confidence_interval":{"confidence_level":0.95,"lower_bound":1311.4001104437102,"upper_bound":2068.129904528995},"point_estimate":1675.9233177781132,"standard_error":198.3087404726772}}