{"mean":{"confidence_interval":{"confidence_level":0.95,"lower_bound":0.0018897676281579413,"upper_bound":0.005699120864566247},"point_estimate":0.0035266848087560643,"standard_error":0.0009325592519039582},"median":{"confidence_interval":{"confidence_level":0.95,"lower_bound":0.0020724309246826778,"upper_bound":0.003578656651096305},"point_estimate":0.0029441361471489458,"standard_error":0.00037595709324374975}}