{"mean":{"confidence_interval":{"confidence_level":0.95,"lower_bound":0.002990992845241797,"upper_bound":0.011810581218552892},"point_estimate":0.007027698788619308,"standard_error":0.002236810778824159},"median":{"confidence_interval":{"confidence_level":0.95,"lower_bound":0.0013480973042934163,"upper_bound":0.0056646968082048055},"point_estimate":0.003556920472398195,"standard_error":0.001034181915978298}}