{"mean":{"confidence_interval":{"confidence_level":0.95,"lower_bound":0.04573548257984983,"upper_bound":0.062337032697072324},"point_estimate":0.054506012819862226,"standard_error":0.004110705016810351},"median":{"confidence_interval":{"confidence_level":0.95,"lower_bound":0.03988900388163019,"upper_bound":0.05476007841426411},"point_estimate":0.047299978353289696,"standard_error":0.003603684020378881}}