{"mean":{"confidence_interval":{"confidence_level":0.95,"lower_bound":-0.02830493265293499,"upper_bound":-0.0012322122958305926},"point_estimate":-0.012810944060034024,"standard_error":0.0069467727090876084},"median":{"confidence_interval":{"confidence_level":0.95,"lower_bound":-0.0013431826166254712,"upper_bound":0.00010308964806570948},"point_estimate":-0.0006368400779720451,"standard_error":0.00036973010805307747}}