{"mean":{"confidence_interval":{"confidence_level":0.95,"lower_bound":0.0006913162453213051,"upper_bound":0.005510587905329021},"point_estimate":0.003033058575736103,"standard_error":0.0012207852406344337},"median":{"confidence_interval":{"confidence_level":0.95,"lower_bound":0.0002801094865210185,"upper_bound":0.002817187573569635},"point_estimate":0.0012751598390745578,"standard_error":0.0006383455046878386}}