{"mean":{"confidence_interval":{"confidence_level":0.95,"lower_bound":-0.0027803407998817165,"upper_bound":0.001227629000182017},"point_estimate":-0.0006729614950515828,"standard_error":0.001024515867220493},"median":{"confidence_interval":{"confidence_level":0.95,"lower_bound":0.00006764933125724681,"upper_bound":0.0014079201714254364},"point_estimate":0.000773876771546611,"standard_error":0.00034381039520666097}}