{"mean":{"confidence_interval":{"confidence_level":0.95,"lower_bound":-0.03792417151137982,"upper_bound":-0.011841201071246935},"point_estimate":-0.02169708611227228,"standard_error":0.007108406561518152},"median":{"confidence_interval":{"confidence_level":0.95,"lower_bound":-0.014371289666654463,"upper_bound":-0.01245847645301712},"point_estimate":-0.013122979005788404,"standard_error":0.0005024110983060905}}