{"mean":{"confidence_interval":{"confidence_level":0.95,"lower_bound":-0.07414399628935472,"upper_bound":-0.06658618978210923},"point_estimate":-0.0703475378504278,"standard_error":0.0019274891548891073},"median":{"confidence_interval":{"confidence_level":0.95,"lower_bound":-0.07625416428186149,"upper_bound":-0.06741011243655615},"point_estimate":-0.07321462147144742,"standard_error":0.0019517603697584312}}