{"mean":{"confidence_interval":{"confidence_level":0.95,"lower_bound":0.033749473410093885,"upper_bound":0.04647050317903344},"point_estimate":0.040871224502939896,"standard_error":0.0032478474683081664},"median":{"confidence_interval":{"confidence_level":0.95,"lower_bound":0.042893875327904674,"upper_bound":0.04536734744299564},"point_estimate":0.04365405465523153,"standard_error":0.0006792006683187255}}