{"mean":{"confidence_interval":{"confidence_level":0.95,"lower_bound":-0.09800939745911189,"upper_bound":-0.09294149224792647},"point_estimate":-0.0952463300971157,"standard_error":0.0012987457304952535},"median":{"confidence_interval":{"confidence_level":0.95,"lower_bound":-0.09403350623477369,"upper_bound":-0.0929386988489952},"point_estimate":-0.09357189209117278,"standard_error":0.00026422957554177043}}