{"mean":{"confidence_interval":{"confidence_level":0.95,"lower_bound":-0.05218459354943649,"upper_bound":-0.048730369367097764},"point_estimate":-0.05023522471092645,"standard_error":0.000883429575728577},"median":{"confidence_interval":{"confidence_level":0.95,"lower_bound":-0.04951927030352972,"upper_bound":-0.04866904987698362},"point_estimate":-0.04904792507291711,"standard_error":0.0001934761514435345}}