{"mean":{"confidence_interval":{"confidence_level":0.95,"lower_bound":0.002286309644810614,"upper_bound":0.030850963977905984},"point_estimate":0.013977200383034738,"standard_error":0.007560763267912926},"median":{"confidence_interval":{"confidence_level":0.95,"lower_bound":0.006342507191823055,"upper_bound":0.008204024166307722},"point_estimate":0.007075498767836974,"standard_error":0.0004876350790466558}}