{"mean":{"confidence_interval":{"confidence_level":0.95,"lower_bound":-0.029714030118794324,"upper_bound":-0.02572495318760664},"point_estimate":-0.027868196959414115,"standard_error":0.0010209360920082674},"median":{"confidence_interval":{"confidence_level":0.95,"lower_bound":-0.029980672571393363,"upper_bound":-0.028574559904476843},"point_estimate":-0.02943546521814766,"standard_error":0.00034884062906769583}}