{"mean":{"confidence_interval":{"confidence_level":0.95,"lower_bound":-0.0008656348251304899,"upper_bound":0.006218159587405586},"point_estimate":0.0027114302050361694,"standard_error":0.0017899126515231215},"median":{"confidence_interval":{"confidence_level":0.95,"lower_bound":0.001810822978221216,"upper_bound":0.0034146169411635174},"point_estimate":0.0024348583182522976,"standard_error":0.00042113291425550307}}