{"mean":{"confidence_interval":{"confidence_level":0.95,"lower_bound":-0.005144121414420524,"upper_bound":0.0009050377024573008},"point_estimate":-0.0021814877175350134,"standard_error":0.0015528590749758788},"median":{"confidence_interval":{"confidence_level":0.95,"lower_bound":-0.003527991076527348,"upper_bound":-0.001997954548812464},"point_estimate":-0.002824507109865926,"standard_error":0.0003860905016037341}}