{"mean":{"confidence_interval":{"confidence_level":0.95,"lower_bound":0.04862320125864028,"upper_bound":0.05670405863571926},"point_estimate":0.05312667023392592,"standard_error":0.002048752740436826},"median":{"confidence_interval":{"confidence_level":0.95,"lower_bound":0.05281848134975786,"upper_bound":0.054269668572541674},"point_estimate":0.053471870373252184,"standard_error":0.00036736563249492837}}