{"mean":{"confidence_interval":{"confidence_level":0.95,"lower_bound":-0.054156858401264635,"upper_bound":-0.04986614893352272},"point_estimate":-0.051692830513651145,"standard_error":0.0011090796862602155},"median":{"confidence_interval":{"confidence_level":0.95,"lower_bound":-0.05169702034937995,"upper_bound":-0.05041803140274159},"point_estimate":-0.05115489490830483,"standard_error":0.0003121134870828626}}