{"mean":{"confidence_interval":{"confidence_level":0.95,"lower_bound":0.019459969370682447,"upper_bound":0.030749132665599074},"point_estimate":0.025235474460938434,"standard_error":0.002852124416802206},"median":{"confidence_interval":{"confidence_level":0.95,"lower_bound":0.024072970920774095,"upper_bound":0.03434917841495699},"point_estimate":0.030793618902835718,"standard_error":0.0022816842909077458}}