{"mean":{"confidence_interval":{"confidence_level":0.95,"lower_bound":-0.052238491160268206,"upper_bound":-0.04677996710102909},"point_estimate":-0.04915206644500869,"standard_error":0.0014087520296880089},"median":{"confidence_interval":{"confidence_level":0.95,"lower_bound":-0.04861681696019582,"upper_bound":-0.04711559412482358},"point_estimate":-0.04800316662154025,"standard_error":0.0003820561369388985}}