{"mean":{"confidence_interval":{"confidence_level":0.95,"lower_bound":-0.004946540726022394,"upper_bound":0.003137986454188822},"point_estimate":-0.0006315157601015642,"standard_error":0.0020574369317336296},"median":{"confidence_interval":{"confidence_level":0.95,"lower_bound":0.0010715741415914248,"upper_bound":0.0038119438770114478},"point_estimate":0.0025985401193795443,"standard_error":0.0007288115891568676}}