{"mean":{"confidence_interval":{"confidence_level":0.95,"lower_bound":-0.002751758944258547,"upper_bound":0.004157610145370355},"point_estimate":0.0006029001529703759,"standard_error":0.0017575153214353717},"median":{"confidence_interval":{"confidence_level":0.95,"lower_bound":-0.00021945700714776084,"upper_bound":0.0023054932776642723},"point_estimate":0.0010193171470218587,"standard_error":0.0006346068925136983}}