{"mean":{"confidence_interval":{"confidence_level":0.95,"lower_bound":-0.04944892101643061,"upper_bound":-0.044006580445737034},"point_estimate":-0.046564854723875726,"standard_error":0.0013788463168171018},"median":{"confidence_interval":{"confidence_level":0.95,"lower_bound":-0.047263584603426056,"upper_bound":-0.045754830899614934},"point_estimate":-0.04648473225372518,"standard_error":0.0003491230846252296}}