{"mean":{"confidence_interval":{"confidence_level":0.95,"lower_bound":-0.004724510257920909,"upper_bound":0.0007786534327496374},"point_estimate":-0.0016911051976494784,"standard_error":0.0014174039423733406},"median":{"confidence_interval":{"confidence_level":0.95,"lower_bound":-0.0010339069721472165,"upper_bound":0.0015511144690711909},"point_estimate":0.00008589570634409682,"standard_error":0.0006210036879924194}}