{"mean":{"confidence_interval":{"confidence_level":0.95,"lower_bound":-0.006188837766647303,"upper_bound":0.0012886226516775068},"point_estimate":-0.001873984346641988,"standard_error":0.0019403184882522502},"median":{"confidence_interval":{"confidence_level":0.95,"lower_bound":0.0008613212117578595,"upper_bound":0.0021583543150651696},"point_estimate":0.001378776301534046,"standard_error":0.00033356863712612786}}