{"mean":{"confidence_interval":{"confidence_level":0.95,"lower_bound":0.004665164311568794,"upper_bound":0.013585593945656964},"point_estimate":0.009230410270056444,"standard_error":0.00222801910756797},"median":{"confidence_interval":{"confidence_level":0.95,"lower_bound":0.004645391892787343,"upper_bound":0.007398660887734776},"point_estimate":0.006143594766494509,"standard_error":0.0006473678859291239}}