{"mean":{"confidence_interval":{"confidence_level":0.95,"lower_bound":-0.0017913818576845368,"upper_bound":0.0032802259325388694},"point_estimate":0.0011317422013581435,"standard_error":0.0013129257330586597},"median":{"confidence_interval":{"confidence_level":0.95,"lower_bound":0.002602438777891569,"upper_bound":0.0037885336757972343},"point_estimate":0.003258445112312769,"standard_error":0.0003012053715775344}}