{"mean":{"confidence_interval":{"confidence_level":0.95,"lower_bound":-0.010024656909068605,"upper_bound":-0.0015185592629669564},"point_estimate":-0.005386515002347991,"standard_error":0.002166969517485561},"median":{"confidence_interval":{"confidence_level":0.95,"lower_bound":-0.003926351068956779,"upper_bound":-0.0026766409767060573},"point_estimate":-0.003121464597714785,"standard_error":0.00033250396212320657}}