{"mean":{"confidence_interval":{"confidence_level":0.95,"lower_bound":-0.04582534644344267,"upper_bound":-0.03434149329719848},"point_estimate":-0.03960142230975272,"standard_error":0.0029320390643951637},"median":{"confidence_interval":{"confidence_level":0.95,"lower_bound":-0.03751058464356116,"upper_bound":-0.03388184994893695},"point_estimate":-0.03589124184712089,"standard_error":0.0008315637273827094}}