{"mean":{"confidence_interval":{"confidence_level":0.95,"lower_bound":-0.059274704023400335,"upper_bound":-0.056129179562328255},"point_estimate":-0.0575921747425433,"standard_error":0.0008008622832720303},"median":{"confidence_interval":{"confidence_level":0.95,"lower_bound":-0.057615141440049866,"upper_bound":-0.05593381643608384},"point_estimate":-0.056879470802382426,"standard_error":0.00042560972119789147}}