{"mean":{"confidence_interval":{"confidence_level":0.95,"lower_bound":0.003261127156929523,"upper_bound":0.009585320865634447},"point_estimate":0.005843292063026251,"standard_error":0.0016665173541742858},"median":{"confidence_interval":{"confidence_level":0.95,"lower_bound":0.004121814838364823,"upper_bound":0.005848071358637741},"point_estimate":0.005032120927221495,"standard_error":0.0004417016393017781}}