{"mean":{"confidence_interval":{"confidence_level":0.95,"lower_bound":0.004522861860640511,"upper_bound":0.009540826101745685},"point_estimate":0.006596709957675806,"standard_error":0.0012497016088383877},"median":{"confidence_interval":{"confidence_level":0.95,"lower_bound":0.004480037115114323,"upper_bound":0.006101118924511262},"point_estimate":0.005272099783996342,"standard_error":0.0003899733085484961}}