{"mean":{"confidence_interval":{"confidence_level":0.95,"lower_bound":-0.009862281810016138,"upper_bound":-0.004831898180919648},"point_estimate":-0.0075270937164158,"standard_error":0.0012902526709924784},"median":{"confidence_interval":{"confidence_level":0.95,"lower_bound":-0.009627822875314163,"upper_bound":-0.007204721998200436},"point_estimate":-0.008084638532607324,"standard_error":0.000625637413638286}}