{"mean":{"confidence_interval":{"confidence_level":0.95,"lower_bound":0.0029156958930304628,"upper_bound":0.010587810461261948},"point_estimate":0.0062946028502872675,"standard_error":0.0020312673609976352},"median":{"confidence_interval":{"confidence_level":0.95,"lower_bound":0.0021314787897373363,"upper_bound":0.004937355376051},"point_estimate":0.003559154058640157,"standard_error":0.000728652868076301}}