{"mean":{"confidence_interval":{"confidence_level":0.95,"lower_bound":0.11883121053410038,"upper_bound":0.12283052532816958},"point_estimate":0.12090107392978666,"standard_error":0.0010120410969396134},"median":{"confidence_interval":{"confidence_level":0.95,"lower_bound":0.11796470526610148,"upper_bound":0.12038728211827651},"point_estimate":0.11906321037072676,"standard_error":0.000624940536339197}}