{"mean":{"confidence_interval":{"confidence_level":0.95,"lower_bound":-0.22041360552618436,"upper_bound":-0.2170465224445036},"point_estimate":-0.21871705101046168,"standard_error":0.0008568857883955078},"median":{"confidence_interval":{"confidence_level":0.95,"lower_bound":-0.21841373513026485,"upper_bound":-0.2156528823180276},"point_estimate":-0.2171642081886057,"standard_error":0.0007015852996861365}}