{"mean":{"confidence_interval":{"confidence_level":0.95,"lower_bound":0.10183562292196091,"upper_bound":0.1152779535383905},"point_estimate":0.10644529834920324,"standard_error":0.0034709484229305297},"median":{"confidence_interval":{"confidence_level":0.95,"lower_bound":0.10089756489425117,"upper_bound":0.10403717978780702},"point_estimate":0.10249288887571484,"standard_error":0.0008033840262728361}}