{"mean":{"confidence_interval":{"confidence_level":0.95,"lower_bound":-0.005159781471296423,"upper_bound":-0.000615736320715871},"point_estimate":-0.0028212822013304883,"standard_error":0.001159085608647099},"median":{"confidence_interval":{"confidence_level":0.95,"lower_bound":-0.0032668607056746124,"upper_bound":0.0005215848418067548},"point_estimate":-0.0016035560645544233,"standard_error":0.0009740604926617338}}