{"mean":{"confidence_interval":{"confidence_level":0.95,"lower_bound":-0.2077818353982668,"upper_bound":-0.19996964536722625},"point_estimate":-0.20479367304377416,"standard_error":0.0019811187840705334},"median":{"confidence_interval":{"confidence_level":0.95,"lower_bound":-0.2063104923264656,"upper_bound":-0.20413692565589378},"point_estimate":-0.20516096408867324,"standard_error":0.0005626121401988595}}