{"mean":{"confidence_interval":{"confidence_level":0.95,"lower_bound":0.0017912178505799015,"upper_bound":0.007289704367938248},"point_estimate":0.004405097556480664,"standard_error":0.0013942941384537657},"median":{"confidence_interval":{"confidence_level":0.95,"lower_bound":0.0017072177913379782,"upper_bound":0.006084505832284037},"point_estimate":0.003781397787943952,"standard_error":0.0010778719360960477}}