{"mean":{"confidence_interval":{"confidence_level":0.95,"lower_bound":0.2742524176494012,"upper_bound":0.28157382236559875},"point_estimate":0.2781821823013255,"standard_error":0.001866751426603993},"median":{"confidence_interval":{"confidence_level":0.95,"lower_bound":0.27850286479013064,"upper_bound":0.28303764816025473},"point_estimate":0.28064125102779625,"standard_error":0.0011109624709830482}}