{"mean":{"confidence_interval":{"confidence_level":0.95,"lower_bound":-0.00009468420373681614,"upper_bound":0.004407525867662231},"point_estimate":0.0021603826885563393,"standard_error":0.0011439544468767172},"median":{"confidence_interval":{"confidence_level":0.95,"lower_bound":-0.000297684440118573,"upper_bound":0.003310681514526529},"point_estimate":0.001472925947760828,"standard_error":0.0009458967219778842}}