{"mean":{"confidence_interval":{"confidence_level":0.95,"lower_bound":-0.09119242740689432,"upper_bound":-0.08896936979936944},"point_estimate":-0.09009556251037332,"standard_error":0.0005664705168621474},"median":{"confidence_interval":{"confidence_level":0.95,"lower_bound":-0.09115787343428916,"upper_bound":-0.08941096598103493},"point_estimate":-0.09040234741126396,"standard_error":0.0004546634434962341}}