{"mean":{"confidence_interval":{"confidence_level":0.95,"lower_bound":0.2751495135573053,"upper_bound":0.2845675060610435},"point_estimate":0.2799297468486168,"standard_error":0.0023961092077612483},"median":{"confidence_interval":{"confidence_level":0.95,"lower_bound":0.279684464889973,"upper_bound":0.2852955946692364},"point_estimate":0.2818593688047195,"standard_error":0.0013859264685210518}}