{"mean":{"confidence_interval":{"confidence_level":0.95,"lower_bound":-0.05879290971874849,"upper_bound":-0.04320408094071961},"point_estimate":-0.052121618908272604,"standard_error":0.003932363196665552},"median":{"confidence_interval":{"confidence_level":0.95,"lower_bound":-0.059561855490251725,"upper_bound":-0.05818647874494853},"point_estimate":-0.05895961578316378,"standard_error":0.0003279997136077315}}