{"mean":{"confidence_interval":{"confidence_level":0.95,"lower_bound":-0.008932109591775034,"upper_bound":-0.0023380003663354162},"point_estimate":-0.005418319760640555,"standard_error":0.0016857744632627384},"median":{"confidence_interval":{"confidence_level":0.95,"lower_bound":-0.004625837611174563,"upper_bound":-0.0019444282501157595},"point_estimate":-0.0029406637913715894,"standard_error":0.0006658601070408311}}