{"mean":{"confidence_interval":{"confidence_level":0.95,"lower_bound":-0.21397809604712562,"upper_bound":-0.21107595448875408},"point_estimate":-0.21246555324676275,"standard_error":0.0007386764697879825},"median":{"confidence_interval":{"confidence_level":0.95,"lower_bound":-0.21231107067150792,"upper_bound":-0.21051225457789635},"point_estimate":-0.21141673700522445,"standard_error":0.00044801034862277273}}