{"mean":{"confidence_interval":{"confidence_level":0.95,"lower_bound":-0.2282678515678055,"upper_bound":-0.22574073568636732},"point_estimate":-0.22696004561822203,"standard_error":0.0006436551654931049},"median":{"confidence_interval":{"confidence_level":0.95,"lower_bound":-0.2282444510652769,"upper_bound":-0.22578281009076384},"point_estimate":-0.22693345501012663,"standard_error":0.0005731605162037623}}