{"mean":{"confidence_interval":{"confidence_level":0.95,"lower_bound":-0.22317259592141234,"upper_bound":-0.21664500050858743},"point_estimate":-0.22010424700860387,"standard_error":0.0016792427834824112},"median":{"confidence_interval":{"confidence_level":0.95,"lower_bound":-0.22210746691537508,"upper_bound":-0.21988681775304109},"point_estimate":-0.22094149755996628,"standard_error":0.0006014267987770577}}