{"mean":{"confidence_interval":{"confidence_level":0.95,"lower_bound":0.009151512071069469,"upper_bound":0.01687971176334152},"point_estimate":0.01325250231100017,"standard_error":0.001980920869726818},"median":{"confidence_interval":{"confidence_level":0.95,"lower_bound":0.012150583584636034,"upper_bound":0.021118901994386707},"point_estimate":0.017952497658267674,"standard_error":0.002199588224017045}}