{"mean":{"confidence_interval":{"confidence_level":0.95,"lower_bound":-0.10811450366482404,"upper_bound":-0.10075685262138738},"point_estimate":-0.10459405664278287,"standard_error":0.001946424023228846},"median":{"confidence_interval":{"confidence_level":0.95,"lower_bound":-0.10764609988356495,"upper_bound":-0.10338507687622078},"point_estimate":-0.10505799011964212,"standard_error":0.0010922791105183734}}