{"mean":{"confidence_interval":{"confidence_level":0.95,"lower_bound":0.27529572109311257,"upper_bound":0.2815762315665825},"point_estimate":0.2783494798901278,"standard_error":0.0016128088082596724},"median":{"confidence_interval":{"confidence_level":0.95,"lower_bound":0.2738685686141151,"upper_bound":0.27877582557372227},"point_estimate":0.2765022038925158,"standard_error":0.001263327044619856}}