{"mean":{"confidence_interval":{"confidence_level":0.95,"lower_bound":-0.002546338546603238,"upper_bound":0.0008546929522128258},"point_estimate":-0.0009916205914215492,"standard_error":0.0008743499422643398},"median":{"confidence_interval":{"confidence_level":0.95,"lower_bound":-0.004059131388425841,"upper_bound":-0.0012807931854861988},"point_estimate":-0.0026528731568685737,"standard_error":0.0006913983515777268}}