{"mean":{"confidence_interval":{"confidence_level":0.95,"lower_bound":-0.006346177773779993,"upper_bound":-0.0029089861926895567},"point_estimate":-0.004644285556271499,"standard_error":0.000874313276239434},"median":{"confidence_interval":{"confidence_level":0.95,"lower_bound":-0.005074660670344011,"upper_bound":-0.0036077796061001477},"point_estimate":-0.00438814845429969,"standard_error":0.00035437537875746927}}