{"mean":{"confidence_interval":{"confidence_level":0.95,"lower_bound":0.001921932653052849,"upper_bound":0.012463367558690593},"point_estimate":0.005881554763610408,"standard_error":0.002927396568008135},"median":{"confidence_interval":{"confidence_level":0.95,"lower_bound":0.0011237151371537024,"upper_bound":0.0023976195128323496},"point_estimate":0.0018045057281028676,"standard_error":0.0003206177803528426}}