{"mean":{"confidence_interval":{"confidence_level":0.95,"lower_bound":0.003626970848700878,"upper_bound":0.006708424353686315},"point_estimate":0.005187923941836647,"standard_error":0.000786199256309431},"median":{"confidence_interval":{"confidence_level":0.95,"lower_bound":0.0050589895714616695,"upper_bound":0.006542843798573966},"point_estimate":0.005801634628942676,"standard_error":0.00036575618254931763}}