{"mean":{"confidence_interval":{"confidence_level":0.95,"lower_bound":-0.001920555556918085,"upper_bound":0.005372411698626722},"point_estimate":0.002301282596891552,"standard_error":0.0018903774471399708},"median":{"confidence_interval":{"confidence_level":0.95,"lower_bound":0.0019057438905720758,"upper_bound":0.004428171483360499},"point_estimate":0.002667883858679998,"standard_error":0.0006706143974672675}}