{"mean":{"confidence_interval":{"confidence_level":0.95,"lower_bound":-0.21986089079972707,"upper_bound":-0.21693035932498256},"point_estimate":-0.21843031030998883,"standard_error":0.0007460603133287662},"median":{"confidence_interval":{"confidence_level":0.95,"lower_bound":-0.21956834728633684,"upper_bound":-0.2173517930520822},"point_estimate":-0.21858873687311475,"standard_error":0.0005743452519782827}}