{"mean":{"confidence_interval":{"confidence_level":0.95,"lower_bound":-0.0006807551126599659,"upper_bound":0.0037330842845785415},"point_estimate":0.0015955813063066593,"standard_error":0.0011268520920455828},"median":{"confidence_interval":{"confidence_level":0.95,"lower_bound":0.0016229312189557366,"upper_bound":0.004657524320604622},"point_estimate":0.003087047481117988,"standard_error":0.0007894044198912596}}