{"mean":{"confidence_interval":{"confidence_level":0.95,"lower_bound":-0.014627727342070457,"upper_bound":0.0014359932636665274},"point_estimate":-0.005387841973348517,"standard_error":0.004175669163458539},"median":{"confidence_interval":{"confidence_level":0.95,"lower_bound":0.0005226171849721517,"upper_bound":0.002647606170296246},"point_estimate":0.0017828695627311042,"standard_error":0.0005336823810926438}}