{"mean":{"confidence_interval":{"confidence_level":0.95,"lower_bound":-0.0019045324114820845,"upper_bound":0.021451724093895612},"point_estimate":0.006230629764943707,"standard_error":0.0067506840519524275},"median":{"confidence_interval":{"confidence_level":0.95,"lower_bound":-0.003360283317013102,"upper_bound":-0.0011971347449901693},"point_estimate":-0.0021764871044799294,"standard_error":0.0005442390410522112}}