{"mean":{"confidence_interval":{"confidence_level":0.95,"lower_bound":0.005996327787387878,"upper_bound":0.010091962166387934},"point_estimate":0.00802347095621525,"standard_error":0.0010425076563421623},"median":{"confidence_interval":{"confidence_level":0.95,"lower_bound":0.006708451945477867,"upper_bound":0.009284377826434875},"point_estimate":0.007734241712315404,"standard_error":0.0006882401978294943}}