{"mean":{"confidence_interval":{"confidence_level":0.95,"lower_bound":0.1064109940534291,"upper_bound":0.1114131957001854},"point_estimate":0.10875295149202424,"standard_error":0.001260389017442717},"median":{"confidence_interval":{"confidence_level":0.95,"lower_bound":0.1034545647277703,"upper_bound":0.10576742838820079},"point_estimate":0.10466876343604614,"standard_error":0.0005940047477969016}}