{"mean":{"confidence_interval":{"confidence_level":0.95,"lower_bound":0.0031960166363062766,"upper_bound":0.021219107572141533},"point_estimate":0.009115874376462108,"standard_error":0.004499445097823221},"median":{"confidence_interval":{"confidence_level":0.95,"lower_bound":0.004297307229862213,"upper_bound":0.008086105949268507},"point_estimate":0.006436247118455585,"standard_error":0.0009197636889652291}}