{"mean":{"confidence_interval":{"confidence_level":0.95,"lower_bound":0.2779788893266459,"upper_bound":0.2850748148364951},"point_estimate":0.2814219846847903,"standard_error":0.0018095058750311065},"median":{"confidence_interval":{"confidence_level":0.95,"lower_bound":0.2800491106927039,"upper_bound":0.2831918907755355},"point_estimate":0.28199236051348664,"standard_error":0.0008404833016006575}}