{"mean":{"confidence_interval":{"confidence_level":0.95,"lower_bound":0.09724836437536183,"upper_bound":0.12390306322558536},"point_estimate":0.1139720344205788,"standard_error":0.007395626397360248},"median":{"confidence_interval":{"confidence_level":0.95,"lower_bound":0.11961080008160474,"upper_bound":0.12274220272297987},"point_estimate":0.12093563901797366,"standard_error":0.0007787894942999691}}