{"mean":{"confidence_interval":{"confidence_level":0.95,"lower_bound":-0.011456745469251732,"upper_bound":-0.0020251894797585854},"point_estimate":-0.005801909367761149,"standard_error":0.002493904069311855},"median":{"confidence_interval":{"confidence_level":0.95,"lower_bound":-0.0039231231957840285,"upper_bound":-0.0020156505253352552},"point_estimate":-0.0029624422061020894,"standard_error":0.00046963824991286723}}