{"mean":{"confidence_interval":{"confidence_level":0.95,"lower_bound":-0.20732862563424936,"upper_bound":-0.20211160432395323},"point_estimate":-0.2052656608621536,"standard_error":0.001320137446719577},"median":{"confidence_interval":{"confidence_level":0.95,"lower_bound":-0.2071123538435663,"upper_bound":-0.20540244538787455},"point_estimate":-0.2062678063681611,"standard_error":0.00045097841861862196}}