{"mean":{"confidence_interval":{"confidence_level":0.95,"lower_bound":0.26753855024748446,"upper_bound":0.27270425945113297},"point_estimate":0.27004772177071734,"standard_error":0.0013051189120985517},"median":{"confidence_interval":{"confidence_level":0.95,"lower_bound":0.2667235156545895,"upper_bound":0.2698736369769319},"point_estimate":0.26853441368226694,"standard_error":0.00081223922537523}}