{"mean":{"confidence_interval":{"confidence_level":0.95,"lower_bound":-0.21473982884291903,"upper_bound":-0.21077654655071001},"point_estimate":-0.21279823902702277,"standard_error":0.001002662446404571},"median":{"confidence_interval":{"confidence_level":0.95,"lower_bound":-0.21332966814356114,"upper_bound":-0.2113567629058689},"point_estimate":-0.21250513253459946,"standard_error":0.0005203867059338617}}