{"mean":{"confidence_interval":{"confidence_level":0.95,"lower_bound":0.003134811913086244,"upper_bound":0.007987276454356528},"point_estimate":0.005638254149566979,"standard_error":0.0012398841514137027},"median":{"confidence_interval":{"confidence_level":0.95,"lower_bound":0.006014829825665702,"upper_bound":0.00900950721731042},"point_estimate":0.007027623974452002,"standard_error":0.0007976519547220099}}