{"mean":{"confidence_interval":{"confidence_level":0.95,"lower_bound":-0.21861106777031938,"upper_bound":-0.21415124804933086},"point_estimate":-0.21654802495390046,"standard_error":0.0011224058959297732},"median":{"confidence_interval":{"confidence_level":0.95,"lower_bound":-0.21830111041607936,"upper_bound":-0.21625294664117778},"point_estimate":-0.21719473181453475,"standard_error":0.0005204163040115516}}