{"mean":{"confidence_interval":{"confidence_level":0.95,"lower_bound":0.00019773137419901206,"upper_bound":0.006046150800080926},"point_estimate":0.0030416815921878726,"standard_error":0.0015046221077084157},"median":{"confidence_interval":{"confidence_level":0.95,"lower_bound":-0.00012457827678968858,"upper_bound":0.004151322519783118},"point_estimate":0.0027830834151951755,"standard_error":0.0010930823063246293}}