{"mean":{"confidence_interval":{"confidence_level":0.95,"lower_bound":-0.2210343667654384,"upper_bound":-0.21727995944433048},"point_estimate":-0.21899072828558697,"standard_error":0.0009571748229572043},"median":{"confidence_interval":{"confidence_level":0.95,"lower_bound":-0.218619317873748,"upper_bound":-0.21698795105293164},"point_estimate":-0.21784984766966908,"standard_error":0.000408816269182238}}