{"mean":{"confidence_interval":{"confidence_level":0.95,"lower_bound":-0.006196523815475405,"upper_bound":-0.002030445733053724},"point_estimate":-0.003991129946837146,"standard_error":0.0010592497202320606},"median":{"confidence_interval":{"confidence_level":0.95,"lower_bound":-0.004239288253307523,"upper_bound":-0.0007951375048974585},"point_estimate":-0.0024583899153787225,"standard_error":0.0009003337047717881}}