{"mean":{"confidence_interval":{"confidence_level":0.95,"lower_bound":521728.02075407,"upper_bound":522180.2302855278},"point_estimate":521935.8003563674,"standard_error":115.24332149014393},"median":{"confidence_interval":{"confidence_level":0.95,"lower_bound":521640.74725274724,"upper_bound":522035.9365079365},"point_estimate":521791.90277777775,"standard_error":109.06244739359396},"median_abs_dev":{"confidence_interval":{"confidence_level":0.95,"lower_bound":559.2643555298783,"upper_bound":889.189797815963},"point_estimate":738.9919898214533,"standard_error":84.26725048932892},"slope":{"confidence_interval":{"confidence_level":0.95,"lower_bound":521793.5055527571,"upper_bound":522111.6059255838},"point_estimate":521950.5629968967,"standard_error":81.06951617978578},"std_dev":{"confidence_interval":{"confidence_level":0.95,"lower_bound":709.165602704339,"upper_bound":1667.5475355436179},"point_estimate":1160.9865642693105,"standard_error":278.18274116471895}}