{"mean":{"confidence_interval":{"confidence_level":0.95,"lower_bound":459066.06520892563,"upper_bound":460969.16147322656},"point_estimate":459780.41265998106,"standard_error":516.4131272539591},"median":{"confidence_interval":{"confidence_level":0.95,"lower_bound":458845.49707622454,"upper_bound":459172.1612903226},"point_estimate":459010.8836996337,"standard_error":82.2442943641991},"median_abs_dev":{"confidence_interval":{"confidence_level":0.95,"lower_bound":483.6873693659107,"upper_bound":881.5248828521152},"point_estimate":662.6262592451138,"standard_error":94.7992765834384},"slope":{"confidence_interval":{"confidence_level":0.95,"lower_bound":459180.69251267466,"upper_bound":461388.9831850561},"point_estimate":460053.02441850153,"standard_error":585.7364602685142},"std_dev":{"confidence_interval":{"confidence_level":0.95,"lower_bound":767.773389431063,"upper_bound":8680.867770704033},"point_estimate":5186.598515989839,"standard_error":2511.884762713141}}