{"mean":{"confidence_interval":{"confidence_level":0.95,"lower_bound":459403.2708358666,"upper_bound":460128.3748726376},"point_estimate":459718.1871571148,"standard_error":186.5382599062422},"median":{"confidence_interval":{"confidence_level":0.95,"lower_bound":459222.84210526315,"upper_bound":459542.1142857143},"point_estimate":459452.8854166666,"standard_error":87.64388617274275},"median_abs_dev":{"confidence_interval":{"confidence_level":0.95,"lower_bound":555.5550713104309,"upper_bound":961.3092228843594},"point_estimate":719.7693405548521,"standard_error":98.09404361474262},"slope":{"confidence_interval":{"confidence_level":0.95,"lower_bound":459536.1807479321,"upper_bound":461247.33030499984},"point_estimate":460239.0875838629,"standard_error":449.78189865035125},"std_dev":{"confidence_interval":{"confidence_level":0.95,"lower_bound":909.5330993469154,"upper_bound":2833.345658312554},"point_estimate":1867.3011336435509,"standard_error":566.2781329225348}}