{"mean":{"confidence_interval":{"confidence_level":0.95,"lower_bound":373217.7154320654,"upper_bound":373883.98807795875},"point_estimate":373517.8545724848,"standard_error":170.2429116709344},"median":{"confidence_interval":{"confidence_level":0.95,"lower_bound":373097.9799253035,"upper_bound":373383.0303030303},"point_estimate":373213.815018315,"standard_error":70.38279942782071},"median_abs_dev":{"confidence_interval":{"confidence_level":0.95,"lower_bound":494.27540486120836,"upper_bound":910.2015645859306},"point_estimate":686.3590736370911,"standard_error":107.69558616601275},"slope":{"confidence_interval":{"confidence_level":0.95,"lower_bound":373281.6624999142,"upper_bound":373887.8799212758},"point_estimate":373546.7568385794,"standard_error":155.41378414313652},"std_dev":{"confidence_interval":{"confidence_level":0.95,"lower_bound":936.6515193067199,"upper_bound":2479.4745147607405},"point_estimate":1714.0735283395675,"standard_error":417.9025532096775}}