{"mean":{"confidence_interval":{"confidence_level":0.95,"lower_bound":522187.32962546713,"upper_bound":523293.19716901786},"point_estimate":522669.8503408275,"standard_error":285.31124124545687},"median":{"confidence_interval":{"confidence_level":0.95,"lower_bound":521893.6544117647,"upper_bound":522320.5056089744},"point_estimate":522037.5274331644,"standard_error":103.93397174724565},"median_abs_dev":{"confidence_interval":{"confidence_level":0.95,"lower_bound":571.9696466642192,"upper_bound":1070.5565942750732},"point_estimate":795.3204064684976,"standard_error":127.46825648460923},"slope":{"confidence_interval":{"confidence_level":0.95,"lower_bound":522172.9964957489,"upper_bound":523275.9004705655},"point_estimate":522630.5865509088,"standard_error":285.914769498879},"std_dev":{"confidence_interval":{"confidence_level":0.95,"lower_bound":1098.8988723645032,"upper_bound":4250.486744164894},"point_estimate":2873.245331267552,"standard_error":845.6543624965097}}