{"mean":{"confidence_interval":{"confidence_level":0.95,"lower_bound":0.058469321164339304,"upper_bound":0.08094826846006815},"point_estimate":0.06907923033594954,"standard_error":0.005778377335150091},"median":{"confidence_interval":{"confidence_level":0.95,"lower_bound":0.03239896594680865,"upper_bound":0.09416820479931642},"point_estimate":0.06371374377718064,"standard_error":0.014111472013621774}}