{"mean":{"confidence_interval":{"confidence_level":0.95,"lower_bound":0.1831128711154982,"upper_bound":0.18818609248227314},"point_estimate":0.18559066596462181,"standard_error":0.0013039175412810798},"median":{"confidence_interval":{"confidence_level":0.95,"lower_bound":0.18083098954188626,"upper_bound":0.18793475551801841},"point_estimate":0.18416166827836844,"standard_error":0.002029495542171234}}