{"mean":{"confidence_interval":{"confidence_level":0.95,"lower_bound":-0.011131229463710498,"upper_bound":0.004705681781437658},"point_estimate":-0.0035107282947606233,"standard_error":0.004024565984273613},"median":{"confidence_interval":{"confidence_level":0.95,"lower_bound":-0.029840066184304015,"upper_bound":0.028961213787690197},"point_estimate":-0.01187565243388844,"standard_error":0.014399506073193874}}