{"mean":{"confidence_interval":{"confidence_level":0.95,"lower_bound":0.08407202114255656,"upper_bound":0.08876958667341062},"point_estimate":0.08640704393289678,"standard_error":0.0011990973850538327},"median":{"confidence_interval":{"confidence_level":0.95,"lower_bound":0.08310274055241984,"upper_bound":0.08840139060729335},"point_estimate":0.08603305338687206,"standard_error":0.00142477917551203}}