{"mean":{"confidence_interval":{"confidence_level":0.95,"lower_bound":0.00001164117301743791,"upper_bound":0.017827431547075955},"point_estimate":0.008255703638220036,"standard_error":0.004513033574372924},"median":{"confidence_interval":{"confidence_level":0.95,"lower_bound":-0.022435060013403785,"upper_bound":0.03718436165830141},"point_estimate":0.0038167411049412348,"standard_error":0.013623817134917652}}