{"mean":{"confidence_interval":{"confidence_level":0.95,"lower_bound":-0.09169108320800311,"upper_bound":-0.07462640750949148},"point_estimate":-0.082393022678246,"standard_error":0.004347404997163501},"median":{"confidence_interval":{"confidence_level":0.95,"lower_bound":-0.10366894702610152,"upper_bound":-0.06949023252752144},"point_estimate":-0.07383672989740486,"standard_error":0.009936270863404827}}