{"mean":{"confidence_interval":{"confidence_level":0.95,"lower_bound":-0.22448844926148967,"upper_bound":-0.2220559085866005},"point_estimate":-0.22329064019860545,"standard_error":0.0006251190841255001},"median":{"confidence_interval":{"confidence_level":0.95,"lower_bound":-0.22437925852828977,"upper_bound":-0.2208610927432797},"point_estimate":-0.22255129032497678,"standard_error":0.0008905326599555597}}