{"mean":{"confidence_interval":{"confidence_level":0.95,"lower_bound":-0.009914210007023654,"upper_bound":0.0012553550411151056},"point_estimate":-0.00449197527856704,"standard_error":0.002851289701059934},"median":{"confidence_interval":{"confidence_level":0.95,"lower_bound":-0.004253935876566417,"upper_bound":-0.0007909186906999155},"point_estimate":-0.002128542837131042,"standard_error":0.0008769593572143122}}