{"mean":{"confidence_interval":{"confidence_level":0.95,"lower_bound":-0.13441509143604682,"upper_bound":-0.1258858632201204},"point_estimate":-0.13023268837967217,"standard_error":0.002173694864854627},"median":{"confidence_interval":{"confidence_level":0.95,"lower_bound":-0.13702406457636532,"upper_bound":-0.11055816819532659},"point_estimate":-0.13438425110766838,"standard_error":0.007313622991695832}}