{"mean":{"confidence_interval":{"confidence_level":0.95,"lower_bound":-0.0027365523286664493,"upper_bound":0.008625344047107273},"point_estimate":0.0031590347117547157,"standard_error":0.0028889463559411367},"median":{"confidence_interval":{"confidence_level":0.95,"lower_bound":-0.023410979316460634,"upper_bound":0.030044053878928167},"point_estimate":0.005753866999221646,"standard_error":0.012003443952469358}}