{"mean":{"confidence_interval":{"confidence_level":0.95,"lower_bound":0.08513085951241067,"upper_bound":0.09304625945399989},"point_estimate":0.08885126103518304,"standard_error":0.0020661488908612323},"median":{"confidence_interval":{"confidence_level":0.95,"lower_bound":0.08142016448663195,"upper_bound":0.08829719983966888},"point_estimate":0.0857152950200426,"standard_error":0.001731335031941189}}