{"mean":{"confidence_interval":{"confidence_level":0.95,"lower_bound":0.05431889414497895,"upper_bound":0.06732845832825872},"point_estimate":0.060864581216146574,"standard_error":0.0033123443063546865},"median":{"confidence_interval":{"confidence_level":0.95,"lower_bound":0.03190811389961867,"upper_bound":0.09021568109207735},"point_estimate":0.06085985633219515,"standard_error":0.011916849308816365}}