{"mean":{"confidence_interval":{"confidence_level":0.95,"lower_bound":-0.0015304438035618946,"upper_bound":0.0016707480922491908},"point_estimate":0.00009611013990884487,"standard_error":0.0008123406121628157},"median":{"confidence_interval":{"confidence_level":0.95,"lower_bound":-0.00216696728607592,"upper_bound":0.0028942315167634902},"point_estimate":0.0002703176858565026,"standard_error":0.0013280569821123918}}