{"mean":{"confidence_interval":{"confidence_level":0.95,"lower_bound":0.04706237687552061,"upper_bound":0.05675288279900995},"point_estimate":0.05199267356819415,"standard_error":0.002479705776907959},"median":{"confidence_interval":{"confidence_level":0.95,"lower_bound":0.04918250400157831,"upper_bound":0.05289739279275362},"point_estimate":0.05021942091004039,"standard_error":0.0009440072306891267}}