{"mean":{"confidence_interval":{"confidence_level":0.95,"lower_bound":-0.02125109820100528,"upper_bound":-0.0011307910235525272},"point_estimate":-0.01032945973648891,"standard_error":0.005152329887311951},"median":{"confidence_interval":{"confidence_level":0.95,"lower_bound":-0.029848674511196216,"upper_bound":0.025618752523489663},"point_estimate":-0.003337455395590494,"standard_error":0.012225786562414324}}