{"mean":{"confidence_interval":{"confidence_level":0.95,"lower_bound":-0.0036095789107828966,"upper_bound":0.0072967283523660545},"point_estimate":0.0018130591255054451,"standard_error":0.002807269266558009},"median":{"confidence_interval":{"confidence_level":0.95,"lower_bound":-0.022148177892444387,"upper_bound":0.029166944832400565},"point_estimate":0.0006355607367076743,"standard_error":0.010807099615358334}}