{"mean":{"confidence_interval":{"confidence_level":0.95,"lower_bound":0.04068320421195434,"upper_bound":0.04839047362989491},"point_estimate":0.04487099992704757,"standard_error":0.0019760012106401414},"median":{"confidence_interval":{"confidence_level":0.95,"lower_bound":0.04752615384587178,"upper_bound":0.050664505998732956},"point_estimate":0.04914520410868084,"standard_error":0.0008245309858155072}}