{"mean":{"confidence_interval":{"confidence_level":0.95,"lower_bound":0.06244320388317947,"upper_bound":0.07519499215092355},"point_estimate":0.0698100360538163,"standard_error":0.0033027724462684946},"median":{"confidence_interval":{"confidence_level":0.95,"lower_bound":0.07041734343190287,"upper_bound":0.07708749740332554},"point_estimate":0.07345477984291549,"standard_error":0.0016514743891812116}}