{"mean":{"confidence_interval":{"confidence_level":0.95,"lower_bound":-0.06465260783135525,"upper_bound":-0.05252582309335685},"point_estimate":-0.05830767071576415,"standard_error":0.0030895915672526342},"median":{"confidence_interval":{"confidence_level":0.95,"lower_bound":-0.08128285581523842,"upper_bound":-0.030996522894290446},"point_estimate":-0.056962703221863586,"standard_error":0.010387691641315474}}