{"mean":{"confidence_interval":{"confidence_level":0.95,"lower_bound":0.21091985080937162,"upper_bound":0.22819756341201203},"point_estimate":0.21942014716285785,"standard_error":0.004397393947451325},"median":{"confidence_interval":{"confidence_level":0.95,"lower_bound":0.18681997064436429,"upper_bound":0.23104537493790844},"point_estimate":0.2243922437065211,"standard_error":0.012720541779335525}}