{"mean":{"confidence_interval":{"confidence_level":0.95,"lower_bound":0.0008865487159061249,"upper_bound":0.029209711672703993},"point_estimate":0.013634798009411364,"standard_error":0.007397950790240741},"median":{"confidence_interval":{"confidence_level":0.95,"lower_bound":-0.029870199547283538,"upper_bound":0.024304342569537507},"point_estimate":0.0028970339289546843,"standard_error":0.013709064623650891}}