{"mean":{"confidence_interval":{"confidence_level":0.95,"lower_bound":-0.0057129365407734166,"upper_bound":0.006930017904719048},"point_estimate":0.0004202812625182517,"standard_error":0.003211832008692292},"median":{"confidence_interval":{"confidence_level":0.95,"lower_bound":-0.02617026592765881,"upper_bound":0.029866586372230275},"point_estimate":-0.00039818975687944125,"standard_error":0.01265366933748692}}