{"mean":{"confidence_interval":{"confidence_level":0.95,"lower_bound":0.21533901177425152,"upper_bound":0.22751404202787037},"point_estimate":0.22137362274799677,"standard_error":0.0030991974340802845},"median":{"confidence_interval":{"confidence_level":0.95,"lower_bound":0.19660146967666337,"upper_bound":0.2314021379591164},"point_estimate":0.2273125830858196,"standard_error":0.009016272013296153}}