{"mean":{"confidence_interval":{"confidence_level":0.95,"lower_bound":-0.002012113372059397,"upper_bound":0.012107131475891991},"point_estimate":0.005175225934995975,"standard_error":0.003617428452382492},"median":{"confidence_interval":{"confidence_level":0.95,"lower_bound":-0.02122944680500539,"upper_bound":0.03223858128939065},"point_estimate":0.012964277490465248,"standard_error":0.012945719515264274}}