{"mean":{"confidence_interval":{"confidence_level":0.95,"lower_bound":-0.04093685822173397,"upper_bound":-0.03195375664914489},"point_estimate":-0.03658296569670616,"standard_error":0.002293035771786633},"median":{"confidence_interval":{"confidence_level":0.95,"lower_bound":-0.03831151767878216,"upper_bound":-0.03450271524368542},"point_estimate":-0.036187322031905444,"standard_error":0.0009190193352299566}}