{"mean":{"confidence_interval":{"confidence_level":0.95,"lower_bound":0.06725072830100437,"upper_bound":0.08228799298117452},"point_estimate":0.07529210887875726,"standard_error":0.003846932566755054},"median":{"confidence_interval":{"confidence_level":0.95,"lower_bound":0.0754281813591593,"upper_bound":0.08403331843008255},"point_estimate":0.08077943763361417,"standard_error":0.00214037613270759}}