{"mean":{"confidence_interval":{"confidence_level":0.95,"lower_bound":0.23236666640829573,"upper_bound":0.24001586408489706},"point_estimate":0.23605338235863327,"standard_error":0.0019460576690472527},"median":{"confidence_interval":{"confidence_level":0.95,"lower_bound":0.23318433136487982,"upper_bound":0.2371789346891702},"point_estimate":0.23564629374414814,"standard_error":0.0010344842113780002}}