{"mean":{"confidence_interval":{"confidence_level":0.95,"lower_bound":-0.004932516301729069,"upper_bound":0.00938612410335739},"point_estimate":0.0021716975541541395,"standard_error":0.0036112290736512987},"median":{"confidence_interval":{"confidence_level":0.95,"lower_bound":-0.030377416998909612,"upper_bound":0.033308924078316204},"point_estimate":0.0015353901135883863,"standard_error":0.014277652821558958}}