{"mean":{"confidence_interval":{"confidence_level":0.95,"lower_bound":-0.006252679828736796,"upper_bound":0.0029816553494029503},"point_estimate":-0.0020644384593255793,"standard_error":0.0024125270827966656},"median":{"confidence_interval":{"confidence_level":0.95,"lower_bound":-0.006092923510016668,"upper_bound":-0.0030983884726419886},"point_estimate":-0.004493276613898645,"standard_error":0.0007567151239573921}}