{"mean":{"confidence_interval":{"confidence_level":0.95,"lower_bound":-0.18713367141745613,"upper_bound":-0.17193917360718192},"point_estimate":-0.17998202034895605,"standard_error":0.003900721511845732},"median":{"confidence_interval":{"confidence_level":0.95,"lower_bound":-0.1881881588953851,"upper_bound":-0.16245987325893707},"point_estimate":-0.184784849580929,"standard_error":0.005997942747281413}}