{"mean":{"confidence_interval":{"confidence_level":0.95,"lower_bound":-0.010743849533925164,"upper_bound":0.001867777175990254},"point_estimate":-0.004732640503640306,"standard_error":0.0032157577129787052},"median":{"confidence_interval":{"confidence_level":0.95,"lower_bound":-0.009259802175005105,"upper_bound":-0.001509687165978879},"point_estimate":-0.005323754688826954,"standard_error":0.0017189503954660886}}