{"mean":{"confidence_interval":{"confidence_level":0.95,"lower_bound":-0.053734486451452464,"upper_bound":-0.04343783124010975},"point_estimate":-0.04863063604322415,"standard_error":0.0026253820414670176},"median":{"confidence_interval":{"confidence_level":0.95,"lower_bound":-0.05321516897321399,"upper_bound":-0.041652563664365115},"point_estimate":-0.04879249192521862,"standard_error":0.0033526877550768444}}