{"mean":{"confidence_interval":{"confidence_level":0.95,"lower_bound":0.03664222085149372,"upper_bound":0.06891921715675493},"point_estimate":0.05375296595213075,"standard_error":0.008280950545556326},"median":{"confidence_interval":{"confidence_level":0.95,"lower_bound":0.03788590208885223,"upper_bound":0.09552381298503036},"point_estimate":0.06134110614970312,"standard_error":0.013310351860137083}}