{"mean":{"confidence_interval":{"confidence_level":0.95,"lower_bound":0.0043501754034358155,"upper_bound":0.02102588181228809},"point_estimate":0.011927935531328204,"standard_error":0.004286586272074793},"median":{"confidence_interval":{"confidence_level":0.95,"lower_bound":-0.02304222163246239,"upper_bound":0.03741194254059543},"point_estimate":0.0035615873894931926,"standard_error":0.01460795505359142}}