{"mean":{"confidence_interval":{"confidence_level":0.95,"lower_bound":-0.09939130209131113,"upper_bound":-0.08310572960359104},"point_estimate":-0.09031162328602471,"standard_error":0.004187228651038471},"median":{"confidence_interval":{"confidence_level":0.95,"lower_bound":-0.08299296333938622,"upper_bound":-0.07836894879314948},"point_estimate":-0.08140801168734257,"standard_error":0.0011716531311149394}}