{"mean":{"confidence_interval":{"confidence_level":0.95,"lower_bound":-0.006363849213358111,"upper_bound":0.00579184481710851},"point_estimate":-0.00027548602423044244,"standard_error":0.0031025945131088486},"median":{"confidence_interval":{"confidence_level":0.95,"lower_bound":-0.028009927875824472,"upper_bound":0.02522138293125109},"point_estimate":0.00010648606728680399,"standard_error":0.010815043064373349}}