{"mean":{"confidence_interval":{"confidence_level":0.95,"lower_bound":-0.0012962147017390282,"upper_bound":0.010103631242644717},"point_estimate":0.004159386311102686,"standard_error":0.002910773284943583},"median":{"confidence_interval":{"confidence_level":0.95,"lower_bound":-0.003317425100431204,"upper_bound":0.03024304443524639},"point_estimate":-0.0003496291800849649,"standard_error":0.010690021235237948}}