{"mean":{"confidence_interval":{"confidence_level":0.95,"lower_bound":-0.005627988227305677,"upper_bound":0.003647502218965509},"point_estimate":-0.0009081184846906343,"standard_error":0.0023723011434048503},"median":{"confidence_interval":{"confidence_level":0.95,"lower_bound":-0.0032672628971455175,"upper_bound":-0.00012035356766282312},"point_estimate":-0.001828897048644973,"standard_error":0.0008042960024086447}}