{"mean":{"confidence_interval":{"confidence_level":0.95,"lower_bound":-0.08212144031895885,"upper_bound":-0.07465170930236716},"point_estimate":-0.07812996258586302,"standard_error":0.0019152235032116253},"median":{"confidence_interval":{"confidence_level":0.95,"lower_bound":-0.07835611511949243,"upper_bound":-0.07164610789767878},"point_estimate":-0.07541043390707713,"standard_error":0.0016549160717535302}}