{"mean":{"confidence_interval":{"confidence_level":0.95,"lower_bound":0.003019382183500159,"upper_bound":0.020889551238546522},"point_estimate":0.01163533063701272,"standard_error":0.00484613819345528},"median":{"confidence_interval":{"confidence_level":0.95,"lower_bound":-0.0019697352989298533,"upper_bound":0.004605405283656383},"point_estimate":0.001442209883278256,"standard_error":0.0015765657791800697}}