{"mean":{"confidence_interval":{"confidence_level":0.95,"lower_bound":-0.06397376903493297,"upper_bound":-0.05229158207423005},"point_estimate":-0.05812647503511903,"standard_error":0.0029747200006948094},"median":{"confidence_interval":{"confidence_level":0.95,"lower_bound":-0.08311498314238408,"upper_bound":-0.03167456301519013},"point_estimate":-0.05760812579933838,"standard_error":0.010925728686488096}}