{"mean":{"confidence_interval":{"confidence_level":0.95,"lower_bound":-0.05179182622777637,"upper_bound":-0.048375958791521734},"point_estimate":-0.05018425458852993,"standard_error":0.0008572082969716259},"median":{"confidence_interval":{"confidence_level":0.95,"lower_bound":-0.0524258084467798,"upper_bound":-0.04974961403106404},"point_estimate":-0.05106724013292907,"standard_error":0.0006724391369393112}}