{"mean":{"confidence_interval":{"confidence_level":0.95,"lower_bound":-0.21600471612208055,"upper_bound":-0.2127726320603837},"point_estimate":-0.21436609394832018,"standard_error":0.0008219699769917943},"median":{"confidence_interval":{"confidence_level":0.95,"lower_bound":-0.2136844900462841,"upper_bound":-0.2112900245138524},"point_estimate":-0.21211286014874176,"standard_error":0.0006185287948361174}}