{"mean":{"confidence_interval":{"confidence_level":0.95,"lower_bound":-0.0068859205232205956,"upper_bound":0.004294124268766202},"point_estimate":-0.0012530928265891417,"standard_error":0.0028620619864106306},"median":{"confidence_interval":{"confidence_level":0.95,"lower_bound":-0.02839152144997381,"upper_bound":0.026026070842115834},"point_estimate":0.00001431125730677607,"standard_error":0.010359127911160476}}