{"mean":{"confidence_interval":{"confidence_level":0.95,"lower_bound":-0.2696378011142582,"upper_bound":-0.26623253162312605},"point_estimate":-0.2680138432916661,"standard_error":0.0008653597082800266},"median":{"confidence_interval":{"confidence_level":0.95,"lower_bound":-0.26759699840825824,"upper_bound":-0.2655745320809143},"point_estimate":-0.2663029897400968,"standard_error":0.0005032171505346796}}