{"mean":{"confidence_interval":{"confidence_level":0.95,"lower_bound":0.03665033381826525,"upper_bound":0.06504092202482416},"point_estimate":0.053410589297738564,"standard_error":0.007500307020193733},"median":{"confidence_interval":{"confidence_level":0.95,"lower_bound":0.033956649820764184,"upper_bound":0.08252921658880252},"point_estimate":0.05556365126400231,"standard_error":0.010241983785238024}}