{"mean":{"confidence_interval":{"confidence_level":0.95,"lower_bound":997022.1266016815,"upper_bound":1011421.1731510094},"point_estimate":1003429.1577105377,"standard_error":3712.9709556043313},"median":{"confidence_interval":{"confidence_level":0.95,"lower_bound":992942.67624148,"upper_bound":994814.375},"point_estimate":993522.38125,"standard_error":495.092666023093},"median_abs_dev":{"confidence_interval":{"confidence_level":0.95,"lower_bound":2786.763996802986,"upper_bound":5973.938913941343},"point_estimate":4351.585609646085,"standard_error":732.3313556080276},"slope":{"confidence_interval":{"confidence_level":0.95,"lower_bound":996024.9314392734,"upper_bound":1006483.4521213367},"point_estimate":1000603.8718604995,"standard_error":2692.686037216291},"std_dev":{"confidence_interval":{"confidence_level":0.95,"lower_bound":13274.988043968882,"upper_bound":53323.96019115713},"point_estimate":37353.35947963205,"standard_error":9741.146118622597}}