{"mean":{"confidence_interval":{"confidence_level":0.95,"lower_bound":1106474.8472914181,"upper_bound":1113611.6495745836},"point_estimate":1109245.004730586,"standard_error":1885.2901250772857},"median":{"confidence_interval":{"confidence_level":0.95,"lower_bound":1105577.456521739,"upper_bound":1106700.9289772727},"point_estimate":1106036.0552431531,"standard_error":295.0539500024262},"median_abs_dev":{"confidence_interval":{"confidence_level":0.95,"lower_bound":1893.6184329058199,"upper_bound":3018.21362507663},"point_estimate":2470.0041183560797,"standard_error":291.50161521195787},"slope":{"confidence_interval":{"confidence_level":0.95,"lower_bound":1106108.2172960232,"upper_bound":1109308.747816151},"point_estimate":1107260.0069750259,"standard_error":872.5065702139298},"std_dev":{"confidence_interval":{"confidence_level":0.95,"lower_bound":3250.503174315581,"upper_bound":30986.136630055287},"point_estimate":18836.989135179934,"standard_error":8199.080338772093}}