{"mean":{"confidence_interval":{"confidence_level":0.95,"lower_bound":1551447.9744941639,"upper_bound":1558275.7358292958},"point_estimate":1554074.0765526798,"standard_error":1837.2379117347143},"median":{"confidence_interval":{"confidence_level":0.95,"lower_bound":1550165.953488372,"upper_bound":1551552.9280645163},"point_estimate":1550796.8741800834,"standard_error":428.18652901361014},"median_abs_dev":{"confidence_interval":{"confidence_level":0.95,"lower_bound":2137.6956179770837,"upper_bound":4138.5196825267285},"point_estimate":3051.7467208206654,"standard_error":502.90024982755955},"slope":{"confidence_interval":{"confidence_level":0.95,"lower_bound":1551509.6412707365,"upper_bound":1553518.5564960393},"point_estimate":1552409.582219595,"standard_error":514.0179911447327},"std_dev":{"confidence_interval":{"confidence_level":0.95,"lower_bound":4469.400589347769,"upper_bound":30525.30470072553},"point_estimate":18419.168135240274,"standard_error":8541.408645678886}}