{"mean":{"confidence_interval":{"confidence_level":0.95,"lower_bound":995901.5084672635,"upper_bound":1044463.364898073},"point_estimate":1015582.4920363268,"standard_error":12767.397289729575},"median":{"confidence_interval":{"confidence_level":0.95,"lower_bound":990904.1081588835,"upper_bound":991897.4428368794},"point_estimate":991316.5298076924,"standard_error":253.28107223608663},"median_abs_dev":{"confidence_interval":{"confidence_level":0.95,"lower_bound":1606.8418514728373,"upper_bound":3121.2983863250092},"point_estimate":2277.798647061019,"standard_error":388.6769617227753},"slope":{"confidence_interval":{"confidence_level":0.95,"lower_bound":993348.8494971885,"upper_bound":1007328.053495093},"point_estimate":999022.1376740062,"standard_error":3620.8090721551025},"std_dev":{"confidence_interval":{"confidence_level":0.95,"lower_bound":23834.38801636258,"upper_bound":207668.5776702348},"point_estimate":128243.57604179363,"standard_error":51605.20067441929}}