{"mean":{"confidence_interval":{"confidence_level":0.95,"lower_bound":689542.3685526333,"upper_bound":691442.0120830252},"point_estimate":690413.0661053085,"standard_error":486.35271256709404},"median":{"confidence_interval":{"confidence_level":0.95,"lower_bound":688744.4791666666,"upper_bound":689637.761728395},"point_estimate":689232.2221852837,"standard_error":249.04366965331906},"median_abs_dev":{"confidence_interval":{"confidence_level":0.95,"lower_bound":1838.6886801727337,"upper_bound":3394.040309118062},"point_estimate":2573.278174315177,"standard_error":413.60220239800964},"slope":{"confidence_interval":{"confidence_level":0.95,"lower_bound":689296.1642050256,"upper_bound":691989.0938993313},"point_estimate":690430.0486567164,"standard_error":696.9899060194999},"std_dev":{"confidence_interval":{"confidence_level":0.95,"lower_bound":3014.8833812506923,"upper_bound":6967.049720990643},"point_estimate":4922.00325349953,"standard_error":1123.6276636113635}}