{"mean":{"confidence_interval":{"confidence_level":0.95,"lower_bound":65229568.61,"upper_bound":65429754.845750004},"point_estimate":65328449.67,"standard_error":51003.5937040282},"median":{"confidence_interval":{"confidence_level":0.95,"lower_bound":65167587.0,"upper_bound":65417509.0},"point_estimate":65325422.5,"standard_error":71006.14343736187},"median_abs_dev":{"confidence_interval":{"confidence_level":0.95,"lower_bound":358823.2934296131,"upper_bound":639260.7849508524},"point_estimate":484150.4344046116,"standard_error":70797.59254706893},"slope":null,"std_dev":{"confidence_interval":{"confidence_level":0.95,"lower_bound":430127.9331455588,"upper_bound":591777.5064754157},"point_estimate":512561.4184883692,"standard_error":41360.40501780068}}