{"mean":{"confidence_interval":{"confidence_level":0.95,"lower_bound":68635248.69225,"upper_bound":69004699.76},"point_estimate":68807078.57,"standard_error":94378.65912888905},"median":{"confidence_interval":{"confidence_level":0.95,"lower_bound":68502212.0,"upper_bound":68794022.5},"point_estimate":68652518.5,"standard_error":70322.43993479783},"median_abs_dev":{"confidence_interval":{"confidence_level":0.95,"lower_bound":410740.97930788994,"upper_bound":757025.9247601032},"point_estimate":572468.9148366451,"standard_error":87527.27399438102},"slope":null,"std_dev":{"confidence_interval":{"confidence_level":0.95,"lower_bound":604599.2646066074,"upper_bound":1311525.413455091},"point_estimate":944114.9169832708,"standard_error":194597.15884096007}}