{"mean":{"confidence_interval":{"confidence_level":0.95,"lower_bound":65187098.06,"upper_bound":65384275.6135},"point_estimate":65280658.13,"standard_error":50106.239634717684},"median":{"confidence_interval":{"confidence_level":0.95,"lower_bound":65067652.0,"upper_bound":65249610.5},"point_estimate":65175909.0,"standard_error":41640.68097217863},"median_abs_dev":{"confidence_interval":{"confidence_level":0.95,"lower_bound":225523.47109615803,"upper_bound":387414.65941451484},"point_estimate":286601.400911808,"standard_error":40342.66908530922},"slope":null,"std_dev":{"confidence_interval":{"confidence_level":0.95,"lower_bound":353384.90998001746,"upper_bound":635827.5706492636},"point_estimate":501628.6313046524,"standard_error":72689.154989986}}