{"mean":{"confidence_interval":{"confidence_level":0.95,"lower_bound":-0.02874009158136395,"upper_bound":-0.018155391339554516},"point_estimate":-0.023506106051955467,"standard_error":0.002702233257966956},"median":{"confidence_interval":{"confidence_level":0.95,"lower_bound":-0.032751630571728696,"upper_bound":-0.02744269404762445},"point_estimate":-0.03020758793747902,"standard_error":0.00139936131615391}}