{"mean":{"confidence_interval":{"confidence_level":0.95,"lower_bound":0.057203051185208714,"upper_bound":0.06401040020178145},"point_estimate":0.06070263670163789,"standard_error":0.0017273685770136358},"median":{"confidence_interval":{"confidence_level":0.95,"lower_bound":0.05632616534526558,"upper_bound":0.06518240242376105},"point_estimate":0.06152211640156313,"standard_error":0.0024866009495524526}}