{"mean":{"confidence_interval":{"confidence_level":0.95,"lower_bound":-0.041715556589050296,"upper_bound":-0.02283841346581231},"point_estimate":-0.03356719668541974,"standard_error":0.0050889404625483374},"median":{"confidence_interval":{"confidence_level":0.95,"lower_bound":-0.04485118849598949,"upper_bound":-0.036961939659530096},"point_estimate":-0.04032648771660874,"standard_error":0.002114587935931564}}