{"mean":{"confidence_interval":{"confidence_level":0.95,"lower_bound":-0.02777524535681996,"upper_bound":-0.016959285484577563},"point_estimate":-0.022334905362924373,"standard_error":0.0027599903188287853},"median":{"confidence_interval":{"confidence_level":0.95,"lower_bound":-0.032883357342819775,"upper_bound":-0.02660684538505742},"point_estimate":-0.028406624405975744,"standard_error":0.0016701131362096464}}