{"mean":{"confidence_interval":{"confidence_level":0.95,"lower_bound":0.014889935219311479,"upper_bound":0.024378844871944486},"point_estimate":0.019794204085270994,"standard_error":0.002438122834987872},"median":{"confidence_interval":{"confidence_level":0.95,"lower_bound":0.015020862059774265,"upper_bound":0.0251069603758467},"point_estimate":0.0186948930736639,"standard_error":0.0026310420950504047}}