{"mean":{"confidence_interval":{"confidence_level":0.95,"lower_bound":0.01412271282532215,"upper_bound":0.019130003281304656},"point_estimate":0.01626604601407755,"standard_error":0.0013005876632732046},"median":{"confidence_interval":{"confidence_level":0.95,"lower_bound":0.013570536364014618,"upper_bound":0.016230760453940007},"point_estimate":0.014788443569313303,"standard_error":0.0006848482157840075}}