{"mean":{"confidence_interval":{"confidence_level":0.95,"lower_bound":0.044171767563462985,"upper_bound":0.049867060472942246},"point_estimate":0.04694681859268357,"standard_error":0.0014363328761593929},"median":{"confidence_interval":{"confidence_level":0.95,"lower_bound":0.043994244693743134,"upper_bound":0.049293642523550396},"point_estimate":0.04605435573358174,"standard_error":0.0013395727159921241}}