{"mean":{"confidence_interval":{"confidence_level":0.95,"lower_bound":-0.06971076796850378,"upper_bound":-0.05326565340748592},"point_estimate":-0.061568592010727285,"standard_error":0.004244581543405369},"median":{"confidence_interval":{"confidence_level":0.95,"lower_bound":-0.054519126555246156,"upper_bound":-0.04514380327241285},"point_estimate":-0.04978796021767806,"standard_error":0.0022862743807329734}}