{"mean":{"confidence_interval":{"confidence_level":0.95,"lower_bound":0.12502501980906874,"upper_bound":0.15238499445371884},"point_estimate":0.13885614255834655,"standard_error":0.006973092965730802},"median":{"confidence_interval":{"confidence_level":0.95,"lower_bound":0.163504047721861,"upper_bound":0.1824788238761843},"point_estimate":0.17417368134436395,"standard_error":0.004934976564941992}}