{"mean":{"confidence_interval":{"confidence_level":0.95,"lower_bound":0.07886381882728544,"upper_bound":0.09318204855928214},"point_estimate":0.08630987193399298,"standard_error":0.003748583517539893},"median":{"confidence_interval":{"confidence_level":0.95,"lower_bound":0.08291842978668029,"upper_bound":0.09338351300795122},"point_estimate":0.08700246763597952,"standard_error":0.002520145363259147}}