{"mean":{"confidence_interval":{"confidence_level":0.95,"lower_bound":-0.021357456821232045,"upper_bound":-0.010074057790009028},"point_estimate":-0.015244528567145199,"standard_error":0.002870877895782542},"median":{"confidence_interval":{"confidence_level":0.95,"lower_bound":-0.016547168397220813,"upper_bound":-0.010748796101806124},"point_estimate":-0.013668809873784493,"standard_error":0.0014320398173717737}}