{"mean":{"confidence_interval":{"confidence_level":0.95,"lower_bound":-0.018865611292670836,"upper_bound":-0.012864859771649417},"point_estimate":-0.015764220788764383,"standard_error":0.0015485669238574148},"median":{"confidence_interval":{"confidence_level":0.95,"lower_bound":-0.013555214064317145,"upper_bound":-0.009860834516774442},"point_estimate":-0.011802550326905359,"standard_error":0.0009334311767494847}}