{"mean":{"confidence_interval":{"confidence_level":0.95,"lower_bound":-0.05729985994823037,"upper_bound":-0.035216343953069495},"point_estimate":-0.04433847858488571,"standard_error":0.005807673589411651},"median":{"confidence_interval":{"confidence_level":0.95,"lower_bound":-0.043325528525885004,"upper_bound":-0.03464613162429797},"point_estimate":-0.03960586421417944,"standard_error":0.0023519889741655344}}