{"mean":{"confidence_interval":{"confidence_level":0.95,"lower_bound":0.03425449058298217,"upper_bound":0.04119843697467539},"point_estimate":0.03781127572528109,"standard_error":0.0017510162870933911},"median":{"confidence_interval":{"confidence_level":0.95,"lower_bound":0.03749099105149356,"upper_bound":0.04067165961430064},"point_estimate":0.038890294448531426,"standard_error":0.0008266888112088526}}