{"mean":{"confidence_interval":{"confidence_level":0.95,"lower_bound":-0.017540582217919765,"upper_bound":-0.0056345179470497974},"point_estimate":-0.012192387183448505,"standard_error":0.0030634839728522307},"median":{"confidence_interval":{"confidence_level":0.95,"lower_bound":-0.015306901204085954,"upper_bound":-0.005028694844538273},"point_estimate":-0.010152316286164753,"standard_error":0.0028082430054778796}}