{"mean":{"confidence_interval":{"confidence_level":0.95,"lower_bound":0.02694355193228744,"upper_bound":0.03512798243911059},"point_estimate":0.030925121223136287,"standard_error":0.0020750437050770904},"median":{"confidence_interval":{"confidence_level":0.95,"lower_bound":0.021961843375046364,"upper_bound":0.03216343841903013},"point_estimate":0.02545231173013418,"standard_error":0.0025699501730179395}}