{"mean":{"confidence_interval":{"confidence_level":0.95,"lower_bound":0.004148858653968785,"upper_bound":0.014917175703864222},"point_estimate":0.009240644240595675,"standard_error":0.002760763465662346},"median":{"confidence_interval":{"confidence_level":0.95,"lower_bound":-0.001677083681399627,"upper_bound":0.008305926223998616},"point_estimate":0.003156906477670196,"standard_error":0.0024101886959815807}}