{"mean":{"confidence_interval":{"confidence_level":0.95,"lower_bound":0.0023053307762221824,"upper_bound":0.013221878204109765},"point_estimate":0.007822005085537098,"standard_error":0.0027914083549455716},"median":{"confidence_interval":{"confidence_level":0.95,"lower_bound":-0.005119591067894724,"upper_bound":0.025673773578978695},"point_estimate":0.016699030016665395,"standard_error":0.009512717810734362}}