{"mean":{"confidence_interval":{"confidence_level":0.95,"lower_bound":-0.013877757407127125,"upper_bound":-0.007247369481046394},"point_estimate":-0.01059494043893594,"standard_error":0.0016910325051720297},"median":{"confidence_interval":{"confidence_level":0.95,"lower_bound":-0.013341417136073508,"upper_bound":-0.007926037464877078},"point_estimate":-0.010743294393907532,"standard_error":0.0014936159145018206}}