{"mean":{"confidence_interval":{"confidence_level":0.95,"lower_bound":-0.015550900370250057,"upper_bound":-0.006119201932604643},"point_estimate":-0.010189691741637308,"standard_error":0.002432840907057918},"median":{"confidence_interval":{"confidence_level":0.95,"lower_bound":-0.008785316331078041,"upper_bound":-0.0037907597794644143},"point_estimate":-0.00660177065691081,"standard_error":0.0012352447290809197}}