{"mean":{"confidence_interval":{"confidence_level":0.95,"lower_bound":-0.08457802584910257,"upper_bound":-0.06498041533290955},"point_estimate":-0.07264992175500351,"standard_error":0.005249530567818062},"median":{"confidence_interval":{"confidence_level":0.95,"lower_bound":-0.07090546165910694,"upper_bound":-0.0629101469446524},"point_estimate":-0.06733345735807172,"standard_error":0.002098005628189486}}