{"mean":{"confidence_interval":{"confidence_level":0.95,"lower_bound":-0.04893207699054007,"upper_bound":-0.038318633189341256},"point_estimate":-0.04370996264944638,"standard_error":0.002703812071695546},"median":{"confidence_interval":{"confidence_level":0.95,"lower_bound":-0.05759667072846297,"upper_bound":-0.035869014611823236},"point_estimate":-0.05166713720737126,"standard_error":0.005396302178629225}}