{"mean":{"confidence_interval":{"confidence_level":0.95,"lower_bound":-0.1073725772148667,"upper_bound":-0.10370517524136284},"point_estimate":-0.10554638053646648,"standard_error":0.000932587593949252},"median":{"confidence_interval":{"confidence_level":0.95,"lower_bound":-0.10708681277331189,"upper_bound":-0.1023263859732867},"point_estimate":-0.10441108352692241,"standard_error":0.0011657798141329811}}