{"mean":{"confidence_interval":{"confidence_level":0.95,"lower_bound":0.007875532368680362,"upper_bound":0.013302059794824798},"point_estimate":0.010997103387010432,"standard_error":0.0013985610816940163},"median":{"confidence_interval":{"confidence_level":0.95,"lower_bound":0.00930762173489752,"upper_bound":0.013622247995164427},"point_estimate":0.011557500415999122,"standard_error":0.0010444132746351062}}