{"mean":{"confidence_interval":{"confidence_level":0.95,"lower_bound":-0.010836700781975961,"upper_bound":0.004591597888639732},"point_estimate":-0.0034449103439292417,"standard_error":0.003956292563444328},"median":{"confidence_interval":{"confidence_level":0.95,"lower_bound":-0.009695995670656932,"upper_bound":-0.0068922006495107935},"point_estimate":-0.007778981226303827,"standard_error":0.0007171880378436235}}