{"mean":{"confidence_interval":{"confidence_level":0.95,"lower_bound":0.010849508826529464,"upper_bound":0.03207199268158663},"point_estimate":0.02138850019300964,"standard_error":0.005455217385307605},"median":{"confidence_interval":{"confidence_level":0.95,"lower_bound":0.008173962652027128,"upper_bound":0.021208917246373638},"point_estimate":0.015596128369032902,"standard_error":0.003158396626539976}}