{"mean":{"confidence_interval":{"confidence_level":0.95,"lower_bound":-0.022855518036791245,"upper_bound":0.000945877722501807},"point_estimate":-0.011290866640583874,"standard_error":0.005939746550494381},"median":{"confidence_interval":{"confidence_level":0.95,"lower_bound":-0.023901941239752866,"upper_bound":0.027244584137584127},"point_estimate":-0.0007371764692173377,"standard_error":0.012005566863814052}}