{"mean":{"confidence_interval":{"confidence_level":0.95,"lower_bound":-0.04665504917251385,"upper_bound":-0.03825857573025113},"point_estimate":-0.04203575735665499,"standard_error":0.0021567157777069544},"median":{"confidence_interval":{"confidence_level":0.95,"lower_bound":-0.04356148540676697,"upper_bound":-0.03916852335255527},"point_estimate":-0.041173850668794865,"standard_error":0.0010882335281922394}}