{"mean":{"confidence_interval":{"confidence_level":0.95,"lower_bound":0.019197649312964683,"upper_bound":0.029190852817972845},"point_estimate":0.024329500398311277,"standard_error":0.002563782287013081},"median":{"confidence_interval":{"confidence_level":0.95,"lower_bound":0.014963724926993383,"upper_bound":0.033359098261616316},"point_estimate":0.028389904447481795,"standard_error":0.004882966689641105}}