{"mean":{"confidence_interval":{"confidence_level":0.95,"lower_bound":-0.02396564559645003,"upper_bound":-0.019597758716479684},"point_estimate":-0.021671630744288906,"standard_error":0.0011089172515711427},"median":{"confidence_interval":{"confidence_level":0.95,"lower_bound":-0.02381437893489724,"upper_bound":-0.020006887999130973},"point_estimate":-0.02128831111752194,"standard_error":0.00099418552839487}}