{"mean":{"confidence_interval":{"confidence_level":0.95,"lower_bound":0.008387571026147057,"upper_bound":0.018320910462241317},"point_estimate":0.013083620263407036,"standard_error":0.0025476711327543193},"median":{"confidence_interval":{"confidence_level":0.95,"lower_bound":0.005266518959115674,"upper_bound":0.008351399106772295},"point_estimate":0.007032423548612554,"standard_error":0.0007606626626934212}}