{"mean":{"confidence_interval":{"confidence_level":0.95,"lower_bound":0.016183281585567987,"upper_bound":0.04550150349805592},"point_estimate":0.030277249235858505,"standard_error":0.007473262161703547},"median":{"confidence_interval":{"confidence_level":0.95,"lower_bound":0.008188674823410569,"upper_bound":0.030402599748252213},"point_estimate":0.019817210576983824,"standard_error":0.005850326032047067}}