{"mean":{"confidence_interval":{"confidence_level":0.95,"lower_bound":-0.08819967083197996,"upper_bound":-0.07924083019801365},"point_estimate":-0.08266995332046922,"standard_error":0.002417011515274079},"median":{"confidence_interval":{"confidence_level":0.95,"lower_bound":-0.08167848412156975,"upper_bound":-0.07887816872370723},"point_estimate":-0.08044466045895404,"standard_error":0.0006699407309485962}}