{"mean":{"confidence_interval":{"confidence_level":0.95,"lower_bound":-0.047609216023083344,"upper_bound":-0.03032603583731153},"point_estimate":-0.038955079794522396,"standard_error":0.004411963978326709},"median":{"confidence_interval":{"confidence_level":0.95,"lower_bound":-0.025975487703556288,"upper_bound":-0.018732176558613256},"point_estimate":-0.02305764561405832,"standard_error":0.0019340147517284349}}