{"mean":{"confidence_interval":{"confidence_level":0.95,"lower_bound":-0.0931767448491725,"upper_bound":-0.0844917986636562},"point_estimate":-0.08860844697968573,"standard_error":0.0022126419233194517},"median":{"confidence_interval":{"confidence_level":0.95,"lower_bound":-0.08977074534472632,"upper_bound":-0.08174902997277711},"point_estimate":-0.08569712073270785,"standard_error":0.001981666317280149}}