{"mean":{"confidence_interval":{"confidence_level":0.95,"lower_bound":-0.15645991035954712,"upper_bound":-0.1520114774816274},"point_estimate":-0.15422273823586263,"standard_error":0.0011252759068027525},"median":{"confidence_interval":{"confidence_level":0.95,"lower_bound":-0.15529598634789044,"upper_bound":-0.15042222045664663},"point_estimate":-0.1530614181202562,"standard_error":0.0012543753468678101}}