{"mean":{"confidence_interval":{"confidence_level":0.95,"lower_bound":-0.12054020930511598,"upper_bound":-0.09851614520318314},"point_estimate":-0.10927680989816713,"standard_error":0.005608601438399579},"median":{"confidence_interval":{"confidence_level":0.95,"lower_bound":-0.1332428937275223,"upper_bound":-0.10229750003709684},"point_estimate":-0.10956450803810058,"standard_error":0.008475740234984937}}