{"mean":{"confidence_interval":{"confidence_level":0.95,"lower_bound":0.1286366645045536,"upper_bound":0.13636768841209476},"point_estimate":0.13252467516455235,"standard_error":0.001969364033932448},"median":{"confidence_interval":{"confidence_level":0.95,"lower_bound":0.13282623338947183,"upper_bound":0.13952495557838684},"point_estimate":0.136288647000254,"standard_error":0.0018445548994402306}}