{"mean":{"confidence_interval":{"confidence_level":0.95,"lower_bound":-0.009100020687299534,"upper_bound":-0.00571660379832307},"point_estimate":-0.007336015316310451,"standard_error":0.0008601572125798021},"median":{"confidence_interval":{"confidence_level":0.95,"lower_bound":-0.009301851442855336,"upper_bound":-0.00622467750224917},"point_estimate":-0.007619666427198024,"standard_error":0.000779518624268667}}