{"mean":{"confidence_interval":{"confidence_level":0.95,"lower_bound":0.04019691686572923,"upper_bound":0.049659349629064015},"point_estimate":0.044451613107639565,"standard_error":0.0024032549363760076},"median":{"confidence_interval":{"confidence_level":0.95,"lower_bound":0.03944616692299685,"upper_bound":0.046314903698539744},"point_estimate":0.04236167783783751,"standard_error":0.0016815220384888826}}