{"mean":{"confidence_interval":{"confidence_level":0.95,"lower_bound":0.054838292252880824,"upper_bound":0.08144779452070605},"point_estimate":0.06851183017325635,"standard_error":0.006787527054223273},"median":{"confidence_interval":{"confidence_level":0.95,"lower_bound":0.0345597440585229,"upper_bound":0.08181548551036077},"point_estimate":0.055123815960607114,"standard_error":0.011627468612612926}}