{"mean":{"confidence_interval":{"confidence_level":0.95,"lower_bound":0.04157633918261991,"upper_bound":0.047911596819200986},"point_estimate":0.04499178394801917,"standard_error":0.0016141507071889816},"median":{"confidence_interval":{"confidence_level":0.95,"lower_bound":0.0446675338053657,"upper_bound":0.04867592331996362},"point_estimate":0.045856215932401634,"standard_error":0.0010533170028653783}}