{"mean":{"confidence_interval":{"confidence_level":0.95,"lower_bound":0.017713882334890338,"upper_bound":0.04304621082414156},"point_estimate":0.030287777502391755,"standard_error":0.006438402103257883},"median":{"confidence_interval":{"confidence_level":0.95,"lower_bound":0.06423954636708218,"upper_bound":0.07324636241728144},"point_estimate":0.06890575987354897,"standard_error":0.0030079360020925806}}