{"mean":{"confidence_interval":{"confidence_level":0.95,"lower_bound":0.08379865912796146,"upper_bound":0.09626020763602401},"point_estimate":0.0895846268750311,"standard_error":0.003155768080008037},"median":{"confidence_interval":{"confidence_level":0.95,"lower_bound":0.08668539685374999,"upper_bound":0.08903942440006851},"point_estimate":0.08787459820154209,"standard_error":0.0005941422297227065}}