{"mean":{"confidence_interval":{"confidence_level":0.95,"lower_bound":0.01632778737790464,"upper_bound":0.023322958551357686},"point_estimate":0.02007010789329411,"standard_error":0.0017885060206184495},"median":{"confidence_interval":{"confidence_level":0.95,"lower_bound":0.019670456116478663,"upper_bound":0.025822903074514958},"point_estimate":0.0233203158275328,"standard_error":0.0016945228295666259}}