{"mean":{"confidence_interval":{"confidence_level":0.95,"lower_bound":0.06275179093588656,"upper_bound":0.07340087264117123},"point_estimate":0.06826468280568831,"standard_error":0.002692326247778903},"median":{"confidence_interval":{"confidence_level":0.95,"lower_bound":0.06420639964250663,"upper_bound":0.07628745034667839},"point_estimate":0.06987429530900902,"standard_error":0.002650428655872224}}