{"mean":{"confidence_interval":{"confidence_level":0.95,"lower_bound":-0.13599276294690113,"upper_bound":-0.13362777516063204},"point_estimate":-0.1349898593489468,"standard_error":0.0006010193258393879},"median":{"confidence_interval":{"confidence_level":0.95,"lower_bound":-0.13606404724737953,"upper_bound":-0.1343328479542357},"point_estimate":-0.1350093596660129,"standard_error":0.0004487822355474785}}