{"mean":{"confidence_interval":{"confidence_level":0.95,"lower_bound":-0.003304268448366468,"upper_bound":0.0055712792502513086},"point_estimate":0.0011101238613275832,"standard_error":0.0022694056130529374},"median":{"confidence_interval":{"confidence_level":0.95,"lower_bound":-0.0008012291090802037,"upper_bound":0.004217593385578811},"point_estimate":0.0019367090433708434,"standard_error":0.001251203617013273}}