{"mean":{"confidence_interval":{"confidence_level":0.95,"lower_bound":0.01669198179313582,"upper_bound":0.022747835452601856},"point_estimate":0.01939553364140556,"standard_error":0.0015708548997434154},"median":{"confidence_interval":{"confidence_level":0.95,"lower_bound":0.016589184176533323,"upper_bound":0.02067064204852942},"point_estimate":0.01793982066994948,"standard_error":0.0009508318152538965}}