{"mean":{"confidence_interval":{"confidence_level":0.95,"lower_bound":-0.08335970720445562,"upper_bound":-0.06191480597790444},"point_estimate":-0.07296850258306564,"standard_error":0.005533903378921187},"median":{"confidence_interval":{"confidence_level":0.95,"lower_bound":-0.09587806708526547,"upper_bound":-0.06831437905305238},"point_estimate":-0.08652723629725145,"standard_error":0.0077352373646718256}}