{"mean":{"confidence_interval":{"confidence_level":0.95,"lower_bound":6885333.914499999,"upper_bound":6890928.057714286},"point_estimate":6887978.977142855,"standard_error":1427.9269574378802},"median":{"confidence_interval":{"confidence_level":0.95,"lower_bound":6882532.285714285,"upper_bound":6888069.857142857},"point_estimate":6884923.0,"standard_error":1295.0083558522645},"median_abs_dev":{"confidence_interval":{"confidence_level":0.95,"lower_bound":8408.849033212136,"upper_bound":13168.982466204023},"point_estimate":11177.638901556946,"standard_error":1302.0835246004794},"slope":null,"std_dev":{"confidence_interval":{"confidence_level":0.95,"lower_bound":9816.522956716633,"upper_bound":18409.930861880046},"point_estimate":14371.088756087385,"standard_error":2195.0772744377864}}