{"mean":{"confidence_interval":{"confidence_level":0.95,"lower_bound":6873963.1990625,"upper_bound":6879504.8064375},"point_estimate":6876437.66625,"standard_error":1421.213833873274},"median":{"confidence_interval":{"confidence_level":0.95,"lower_bound":6871169.0,"upper_bound":6874192.875},"point_estimate":6872405.75,"standard_error":803.3508010739989},"median_abs_dev":{"confidence_interval":{"confidence_level":0.95,"lower_bound":4003.946553915739,"upper_bound":7429.308468103409},"point_estimate":5530.746539309621,"standard_error":930.2112883311162},"slope":null,"std_dev":{"confidence_interval":{"confidence_level":0.95,"lower_bound":6786.601603914112,"upper_bound":20533.45057879359},"point_estimate":14274.406945083769,"standard_error":3516.927333289907}}