{"mean":{"confidence_interval":{"confidence_level":0.95,"lower_bound":6889259.734285715,"upper_bound":6955171.211607145},"point_estimate":6915786.992857141,"standard_error":17438.022071655647},"median":{"confidence_interval":{"confidence_level":0.95,"lower_bound":6882520.571428571,"upper_bound":6887593.142857144},"point_estimate":6885099.785714285,"standard_error":1256.8768671199282},"median_abs_dev":{"confidence_interval":{"confidence_level":0.95,"lower_bound":7061.835474627162,"upper_bound":12183.053483708452},"point_estimate":9404.97883302815,"standard_error":1356.0963589682135},"slope":null,"std_dev":{"confidence_interval":{"confidence_level":0.95,"lower_bound":22059.01425539837,"upper_bound":284054.47348094726},"point_estimate":175628.18833239248,"standard_error":72654.62098033598}}