{"mean":{"confidence_interval":{"confidence_level":0.95,"lower_bound":6612451.005437501,"upper_bound":6676569.020812499},"point_estimate":6642545.42,"standard_error":16411.44267146638},"median":{"confidence_interval":{"confidence_level":0.95,"lower_bound":6556609.75,"upper_bound":6563268.5},"point_estimate":6559126.6875,"standard_error":1646.0555918368639},"median_abs_dev":{"confidence_interval":{"confidence_level":0.95,"lower_bound":5437.991378456354,"upper_bound":15843.155981227756},"point_estimate":9187.301386892796,"standard_error":2585.0934156629523},"slope":null,"std_dev":{"confidence_interval":{"confidence_level":0.95,"lower_bound":114331.73514145942,"upper_bound":209583.2693794624},"point_estimate":165038.46178556953,"standard_error":24403.90969530172}}