{"mean":{"confidence_interval":{"confidence_level":0.95,"lower_bound":6940890.450428568,"upper_bound":7043708.172785717},"point_estimate":6987671.9314285675,"standard_error":26352.0492323568},"median":{"confidence_interval":{"confidence_level":0.95,"lower_bound":6884719.142857143,"upper_bound":6893648.857142857},"point_estimate":6889295.214285715,"standard_error":2193.918616685495},"median_abs_dev":{"confidence_interval":{"confidence_level":0.95,"lower_bound":8818.82234343431,"upper_bound":19623.269651617717},"point_estimate":14068.179350240087,"standard_error":2783.2588045641683},"slope":null,"std_dev":{"confidence_interval":{"confidence_level":0.95,"lower_bound":136430.6601454376,"upper_bound":362365.73513330217},"point_estimate":265432.77253192797,"standard_error":55899.35045229548}}