{"mean":{"confidence_interval":{"confidence_level":0.95,"lower_bound":6889827.755928574,"upper_bound":6959046.843964289},"point_estimate":6920166.274285716,"standard_error":17748.807708763245},"median":{"confidence_interval":{"confidence_level":0.95,"lower_bound":6878960.571428572,"upper_bound":6884516.285714285},"point_estimate":6880737.285714285,"standard_error":1151.8480512294104},"median_abs_dev":{"confidence_interval":{"confidence_level":0.95,"lower_bound":5143.033408693003,"upper_bound":9932.784423657036},"point_estimate":7155.345172966934,"standard_error":1133.579708070791},"slope":null,"std_dev":{"confidence_interval":{"confidence_level":0.95,"lower_bound":43921.35501057834,"upper_bound":261042.65945900086},"point_estimate":178646.07686034337,"standard_error":51925.068965743805}}