{"mean":{"confidence_interval":{"confidence_level":0.95,"lower_bound":14033120.2466875,"upper_bound":14094976.1794375},"point_estimate":14057676.5775,"standard_error":16457.304849240714},"median":{"confidence_interval":{"confidence_level":0.95,"lower_bound":14024029.0,"upper_bound":14033378.5},"point_estimate":14028211.125,"standard_error":2213.7795346735315},"median_abs_dev":{"confidence_interval":{"confidence_level":0.95,"lower_bound":12775.19332319498,"upper_bound":23280.340761691332},"point_estimate":16234.099061787128,"standard_error":2713.4046164661777},"slope":null,"std_dev":{"confidence_interval":{"confidence_level":0.95,"lower_bound":23124.439207698862,"upper_bound":271282.213929446},"point_estimate":165921.18375902786,"standard_error":71572.27894610964}}