{"mean":{"confidence_interval":{"confidence_level":0.95,"lower_bound":6571561.13121875,"upper_bound":6586566.2109687505},"point_estimate":6578421.585,"standard_error":3846.694106638207},"median":{"confidence_interval":{"confidence_level":0.95,"lower_bound":6561723.0,"upper_bound":6570738.1875},"point_estimate":6567086.875,"standard_error":2456.884346080689},"median_abs_dev":{"confidence_interval":{"confidence_level":0.95,"lower_bound":9604.189966991544,"upper_bound":20501.763086020947},"point_estimate":14667.268877103925,"standard_error":2904.6270587525237},"slope":null,"std_dev":{"confidence_interval":{"confidence_level":0.95,"lower_bound":21241.895460320186,"upper_bound":52577.56918521699},"point_estimate":38619.03704517604,"standard_error":8014.216856141552}}