{"mean":{"confidence_interval":{"confidence_level":0.95,"lower_bound":6884687.6579642845,"upper_bound":6890014.195392858},"point_estimate":6887083.752857141,"standard_error":1369.6420724842394},"median":{"confidence_interval":{"confidence_level":0.95,"lower_bound":6882205.285714285,"upper_bound":6885249.857142857},"point_estimate":6883321.0,"standard_error":832.3922136639368},"median_abs_dev":{"confidence_interval":{"confidence_level":0.95,"lower_bound":4243.714739659216,"upper_bound":7808.748161366416},"point_estimate":5969.159294026042,"standard_error":935.8594025137273},"slope":null,"std_dev":{"confidence_interval":{"confidence_level":0.95,"lower_bound":7021.802895914609,"upper_bound":19480.798221700265},"point_estimate":13771.349769550772,"standard_error":3201.932805969313}}