{"mean":{"confidence_interval":{"confidence_level":0.95,"lower_bound":6605921.65178125,"upper_bound":6678780.46946875},"point_estimate":6639141.20875,"standard_error":18672.014219528868},"median":{"confidence_interval":{"confidence_level":0.95,"lower_bound":6563724.8125,"upper_bound":6571130.5625},"point_estimate":6566208.8125,"standard_error":2275.011348849978},"median_abs_dev":{"confidence_interval":{"confidence_level":0.95,"lower_bound":9689.068815484643,"upper_bound":20150.79924037679},"point_estimate":13229.054240137339,"standard_error":2682.671570974009},"slope":null,"std_dev":{"confidence_interval":{"confidence_level":0.95,"lower_bound":106760.72410669051,"upper_bound":259472.36274824452},"point_estimate":187691.5407313995,"standard_error":39446.2965762326}}