{"mean":{"confidence_interval":{"confidence_level":0.95,"lower_bound":7822316.296214284,"upper_bound":7900526.732785714},"point_estimate":7857932.66285714,"standard_error":20004.351294936445},"median":{"confidence_interval":{"confidence_level":0.95,"lower_bound":7773850.428571428,"upper_bound":7783073.428571428},"point_estimate":7778869.714285715,"standard_error":2398.4118593951807},"median_abs_dev":{"confidence_interval":{"confidence_level":0.95,"lower_bound":10037.41362180009,"upper_bound":22543.144399778987},"point_estimate":14988.662133898448,"standard_error":3357.1254492527705},"slope":null,"std_dev":{"confidence_interval":{"confidence_level":0.95,"lower_bound":117036.35627676487,"upper_bound":279078.113214038},"point_estimate":201679.09452619127,"standard_error":42185.187176826184}}