{"mean":{"confidence_interval":{"confidence_level":0.95,"lower_bound":6877363.848464283,"upper_bound":6882596.104821429},"point_estimate":6879692.805714285,"standard_error":1342.6085962731213},"median":{"confidence_interval":{"confidence_level":0.95,"lower_bound":6875685.142857143,"upper_bound":6877788.571428572},"point_estimate":6876397.928571429,"standard_error":543.1995381664569},"median_abs_dev":{"confidence_interval":{"confidence_level":0.95,"lower_bound":3767.6042331120484,"upper_bound":6148.765690837883},"point_estimate":4798.434814811443,"standard_error":594.1413413370002},"slope":null,"std_dev":{"confidence_interval":{"confidence_level":0.95,"lower_bound":6903.4259386100675,"upper_bound":19645.565949471664},"point_estimate":13474.517092799866,"standard_error":3387.007577305033}}