{"mean":{"confidence_interval":{"confidence_level":0.95,"lower_bound":6901126.830071429,"upper_bound":6929921.688285711},"point_estimate":6912586.619999999,"standard_error":7631.76148618148},"median":{"confidence_interval":{"confidence_level":0.95,"lower_bound":6896977.142857143,"upper_bound":6903128.571428572},"point_estimate":6899874.642857144,"standard_error":1377.685243290961},"median_abs_dev":{"confidence_interval":{"confidence_level":0.95,"lower_bound":10814.613708001043,"upper_bound":17839.27828328891},"point_estimate":14931.158434919738,"standard_error":1761.004612097419},"slope":null,"std_dev":{"confidence_interval":{"confidence_level":0.95,"lower_bound":14261.157943879252,"upper_bound":125737.5873122699},"point_estimate":76736.10394063093,"standard_error":32793.80507914388}}