{"mean":{"confidence_interval":{"confidence_level":0.95,"lower_bound":6907600.726785715,"upper_bound":6930502.549999999},"point_estimate":6917162.669999999,"standard_error":5933.4738720402},"median":{"confidence_interval":{"confidence_level":0.95,"lower_bound":6902378.285714285,"upper_bound":6908995.214285715},"point_estimate":6906123.357142856,"standard_error":1561.4747207203786},"median_abs_dev":{"confidence_interval":{"confidence_level":0.95,"lower_bound":10701.08891001799,"upper_bound":20661.513233184814},"point_estimate":13814.972454735112,"standard_error":2610.751631235558},"slope":null,"std_dev":{"confidence_interval":{"confidence_level":0.95,"lower_bound":20620.04707200275,"upper_bound":93622.8186278397},"point_estimate":59561.97993501645,"standard_error":20785.419968184073}}