{"mean":{"confidence_interval":{"confidence_level":0.95,"lower_bound":6592824.512,"upper_bound":6641863.5666562505},"point_estimate":6615910.3475,"standard_error":12537.311867420574},"median":{"confidence_interval":{"confidence_level":0.95,"lower_bound":6556722.9375,"upper_bound":6563019.75},"point_estimate":6558834.9375,"standard_error":1495.2564070995545},"median_abs_dev":{"confidence_interval":{"confidence_level":0.95,"lower_bound":6255.830588936806,"upper_bound":16095.450482061116},"point_estimate":10495.788526162505,"standard_error":2588.6599033838347},"slope":null,"std_dev":{"confidence_interval":{"confidence_level":0.95,"lower_bound":89016.57158754412,"upper_bound":156215.12364468173},"point_estimate":126067.94874837904,"standard_error":17186.84634498026}}