{"mean":{"confidence_interval":{"confidence_level":0.95,"lower_bound":1830377.1779989314,"upper_bound":1833655.4705152514},"point_estimate":1831848.8554431691,"standard_error":842.0472097800945},"median":{"confidence_interval":{"confidence_level":0.95,"lower_bound":1829766.5333333334,"upper_bound":1831215.2220433257},"point_estimate":1830242.5116409014,"standard_error":401.6867021237855},"median_abs_dev":{"confidence_interval":{"confidence_level":0.95,"lower_bound":2387.216415258157,"upper_bound":4213.94648996127},"point_estimate":3297.1626122970397,"standard_error":467.5624977221799},"slope":{"confidence_interval":{"confidence_level":0.95,"lower_bound":1830981.5961910468,"upper_bound":1836125.1678301499},"point_estimate":1833095.6599734004,"standard_error":1350.0268317947362},"std_dev":{"confidence_interval":{"confidence_level":0.95,"lower_bound":3986.9641894668675,"upper_bound":12232.70166400447},"point_estimate":8491.137824127953,"standard_error":2124.7339489275187}}