{"mean":{"confidence_interval":{"confidence_level":0.95,"lower_bound":1839524.999856707,"upper_bound":1847865.9963844067},"point_estimate":1842897.5362585334,"standard_error":2194.6567322244437},"median":{"confidence_interval":{"confidence_level":0.95,"lower_bound":1837405.8666666667,"upper_bound":1840190.4248366014},"point_estimate":1839454.1483516484,"standard_error":776.0095722732667},"median_abs_dev":{"confidence_interval":{"confidence_level":0.95,"lower_bound":3898.077540130305,"upper_bound":6288.97092686276},"point_estimate":5382.552131360751,"standard_error":572.542160658073},"slope":{"confidence_interval":{"confidence_level":0.95,"lower_bound":1836805.4009269476,"upper_bound":1841584.208882643},"point_estimate":1838889.4059849267,"standard_error":1227.4220155266455},"std_dev":{"confidence_interval":{"confidence_level":0.95,"lower_bound":5755.757662524415,"upper_bound":35782.26939401975},"point_estimate":22051.92770078863,"standard_error":8989.590975702667}}