{"mean":{"confidence_interval":{"confidence_level":0.95,"lower_bound":1848595.7680120966,"upper_bound":1859609.99532474},"point_estimate":1852806.8687425274,"standard_error":2959.3876516757823},"median":{"confidence_interval":{"confidence_level":0.95,"lower_bound":1847406.1518238992,"upper_bound":1848290.5757575757},"point_estimate":1847680.7390405294,"standard_error":207.23404617938544},"median_abs_dev":{"confidence_interval":{"confidence_level":0.95,"lower_bound":1838.3283376484508,"upper_bound":3709.1209131064643},"point_estimate":2589.7174358061347,"standard_error":491.0121377353332},"slope":{"confidence_interval":{"confidence_level":0.95,"lower_bound":1847964.7859182935,"upper_bound":1851886.4222047895},"point_estimate":1849746.341870844,"standard_error":1007.4963001920687},"std_dev":{"confidence_interval":{"confidence_level":0.95,"lower_bound":6452.424388314139,"upper_bound":49426.4507342457},"point_estimate":29756.98325197526,"standard_error":13924.642707171759}}