{"mean":{"confidence_interval":{"confidence_level":0.95,"lower_bound":1850472.8552173602,"upper_bound":1857148.8708616064},"point_estimate":1853471.1212720794,"standard_error":1711.3858856808592},"median":{"confidence_interval":{"confidence_level":0.95,"lower_bound":1847051.64,"upper_bound":1850406.6034798534},"point_estimate":1848165.3857142855,"standard_error":937.5342816693442},"median_abs_dev":{"confidence_interval":{"confidence_level":0.95,"lower_bound":4352.807233383938,"upper_bound":8704.459042566416},"point_estimate":6051.546084287953,"standard_error":1048.4864969608802},"slope":{"confidence_interval":{"confidence_level":0.95,"lower_bound":1849066.4846435995,"upper_bound":1853073.9163118603},"point_estimate":1850992.7917718338,"standard_error":1023.727638335849},"std_dev":{"confidence_interval":{"confidence_level":0.95,"lower_bound":9094.124458114065,"upper_bound":24633.566356937266},"point_estimate":17154.582581473696,"standard_error":4078.750888243299}}