{"mean":{"confidence_interval":{"confidence_level":0.95,"lower_bound":1838728.641086263,"upper_bound":1842788.4623537345},"point_estimate":1840591.0418163047,"standard_error":1043.5895114167413},"median":{"confidence_interval":{"confidence_level":0.95,"lower_bound":1837133.70199164,"upper_bound":1838834.7547169812},"point_estimate":1838079.9209486167,"standard_error":454.4101812461443},"median_abs_dev":{"confidence_interval":{"confidence_level":0.95,"lower_bound":2478.2127374444553,"upper_bound":4368.573621411592},"point_estimate":3237.766848833973,"standard_error":497.4181155003084},"slope":{"confidence_interval":{"confidence_level":0.95,"lower_bound":1839472.7659995533,"upper_bound":1844421.168295421},"point_estimate":1841824.3551027044,"standard_error":1264.8209582637685},"std_dev":{"confidence_interval":{"confidence_level":0.95,"lower_bound":6075.476089428621,"upper_bound":14299.109373439156},"point_estimate":10479.728569870415,"standard_error":2125.1008855837863}}