{"mean":{"confidence_interval":{"confidence_level":0.95,"lower_bound":0.11617746556814507,"upper_bound":0.1506423348532518},"point_estimate":0.1329848428275442,"standard_error":0.008541618466393586},"median":{"confidence_interval":{"confidence_level":0.95,"lower_bound":0.13134438827700223,"upper_bound":0.1355314052443961},"point_estimate":0.13338363852000623,"standard_error":0.0010718620618927108}}