{"mean":{"confidence_interval":{"confidence_level":0.95,"lower_bound":-0.00458341480017832,"upper_bound":0.016074501227257055},"point_estimate":0.006790242446533812,"standard_error":0.005224654421790837},"median":{"confidence_interval":{"confidence_level":0.95,"lower_bound":0.007616829686019733,"upper_bound":0.01071321098728073},"point_estimate":0.008776662125002499,"standard_error":0.0008021916346153082}}