{"mean":{"confidence_interval":{"confidence_level":0.95,"lower_bound":-0.15436697113219933,"upper_bound":-0.13230849107510909},"point_estimate":-0.14581852243449844,"standard_error":0.005505565555580988},"median":{"confidence_interval":{"confidence_level":0.95,"lower_bound":-0.15016217981889401,"upper_bound":-0.1466218479893202},"point_estimate":-0.1481329693473583,"standard_error":0.0009164520628677535}}