{"mean":{"confidence_interval":{"confidence_level":0.95,"lower_bound":-0.0079060255195169,"upper_bound":0.04458697404522059},"point_estimate":0.012812863386171491,"standard_error":0.013329318351915092},"median":{"confidence_interval":{"confidence_level":0.95,"lower_bound":0.0011036927802749417,"upper_bound":0.003858086355261525},"point_estimate":0.0022715367803731734,"standard_error":0.0007158580006902204}}