{"mean":{"confidence_interval":{"confidence_level":0.95,"lower_bound":-0.02705391111561879,"upper_bound":-0.0015327949468890833},"point_estimate":-0.013837583461681624,"standard_error":0.006255737039514425},"median":{"confidence_interval":{"confidence_level":0.95,"lower_bound":-0.014831820079023617,"upper_bound":-0.011955088037398531},"point_estimate":-0.013285888072392171,"standard_error":0.0006641327127476005}}