{"mean":{"confidence_interval":{"confidence_level":0.95,"lower_bound":-0.01091213710038511,"upper_bound":0.015106329110341871},"point_estimate":0.0022177022330513996,"standard_error":0.006432441974357871},"median":{"confidence_interval":{"confidence_level":0.95,"lower_bound":0.00019998225064785135,"upper_bound":0.0026997205409682312},"point_estimate":0.0013335182359390796,"standard_error":0.0006352438682529379}}