{"mean":{"confidence_interval":{"confidence_level":0.95,"lower_bound":-0.04027888055290134,"upper_bound":-0.01461572337207468},"point_estimate":-0.027199609036897332,"standard_error":0.006373585713316083},"median":{"confidence_interval":{"confidence_level":0.95,"lower_bound":-0.02949485775085159,"upper_bound":-0.026986699438462547},"point_estimate":-0.028085163738621466,"standard_error":0.0006182699627074342}}