{"mean":{"confidence_interval":{"confidence_level":0.95,"lower_bound":-0.0191038402537839,"upper_bound":0.009000763571123858},"point_estimate":-0.00673871073564003,"standard_error":0.007261119000291678},"median":{"confidence_interval":{"confidence_level":0.95,"lower_bound":-0.015759707940936507,"upper_bound":-0.011777114363712982},"point_estimate":-0.013859493481034546,"standard_error":0.0009687024401895758}}