{"mean":{"confidence_interval":{"confidence_level":0.95,"lower_bound":-0.006596458687867949,"upper_bound":0.01974967369979693},"point_estimate":0.006004165824178065,"standard_error":0.006738501293764979},"median":{"confidence_interval":{"confidence_level":0.95,"lower_bound":0.0013683713092376149,"upper_bound":0.005578231302649384},"point_estimate":0.0031118734583850394,"standard_error":0.0010930612131672909}}