{"mean":{"confidence_interval":{"confidence_level":0.95,"lower_bound":0.00822739942736402,"upper_bound":0.02265055236217455},"point_estimate":0.015564079833765065,"standard_error":0.0036336164946429586},"median":{"confidence_interval":{"confidence_level":0.95,"lower_bound":0.0134114946034245,"upper_bound":0.016067303899512733},"point_estimate":0.01467872048549701,"standard_error":0.000697311510087966}}