{"mean":{"confidence_interval":{"confidence_level":0.95,"lower_bound":0.3021834702812632,"upper_bound":0.32950303285096777},"point_estimate":0.3158673419525495,"standard_error":0.006813252806043652},"median":{"confidence_interval":{"confidence_level":0.95,"lower_bound":0.3140795820744413,"upper_bound":0.31892864165622603},"point_estimate":0.3165861225469824,"standard_error":0.0012135306974204265}}