{"mean":{"confidence_interval":{"confidence_level":0.95,"lower_bound":-0.007783482321599025,"upper_bound":0.007457609895259232},"point_estimate":-0.000299246749436044,"standard_error":0.003750203160750621},"median":{"confidence_interval":{"confidence_level":0.95,"lower_bound":-0.0017136739957540614,"upper_bound":0.0014206274502737148},"point_estimate":-0.00040096701107672494,"standard_error":0.0008055954445609141}}