{"mean":{"confidence_interval":{"confidence_level":0.95,"lower_bound":0.009221610852924495,"upper_bound":0.0342074986909288},"point_estimate":0.02165468325141129,"standard_error":0.006218636402689329},"median":{"confidence_interval":{"confidence_level":0.95,"lower_bound":0.017981159511070155,"upper_bound":0.02202095867917442},"point_estimate":0.020411104443268213,"standard_error":0.0011650660595512174}}