{"mean":{"confidence_interval":{"confidence_level":0.95,"lower_bound":-0.02468054620621307,"upper_bound":0.0016539898103122004},"point_estimate":-0.012975232869487985,"standard_error":0.006792289963899895},"median":{"confidence_interval":{"confidence_level":0.95,"lower_bound":-0.01756984162377495,"upper_bound":-0.014885228972991826},"point_estimate":-0.015887049363347838,"standard_error":0.0006732248306967998}}