{"mean":{"confidence_interval":{"confidence_level":0.95,"lower_bound":-0.0017968739276687988,"upper_bound":0.02575541013783303},"point_estimate":0.011433551835811073,"standard_error":0.006855255813548168},"median":{"confidence_interval":{"confidence_level":0.95,"lower_bound":0.005525914626840267,"upper_bound":0.008396223350671656},"point_estimate":0.007053333957394159,"standard_error":0.0007485870005517871}}