{"mean":{"confidence_interval":{"confidence_level":0.95,"lower_bound":0.03398503410854935,"upper_bound":0.05648022503605623},"point_estimate":0.04652495512169441,"standard_error":0.005702262695233487},"median":{"confidence_interval":{"confidence_level":0.95,"lower_bound":0.04668180782430413,"upper_bound":0.05064417424161527},"point_estimate":0.04843443622640198,"standard_error":0.0010702818697653584}}