{"mean":{"confidence_interval":{"confidence_level":0.95,"lower_bound":-0.047621001572356735,"upper_bound":-0.029989153425500334},"point_estimate":-0.03928778220337881,"standard_error":0.004536714545575829},"median":{"confidence_interval":{"confidence_level":0.95,"lower_bound":-0.042313329699610436,"upper_bound":-0.03827288304801102},"point_estimate":-0.03980305267928441,"standard_error":0.0010574154381035076}}