{"mean":{"confidence_interval":{"confidence_level":0.95,"lower_bound":-0.002610382218850763,"upper_bound":0.024177235601124548},"point_estimate":0.01045873857782964,"standard_error":0.006576170477014202},"median":{"confidence_interval":{"confidence_level":0.95,"lower_bound":0.008636640447694743,"upper_bound":0.012142957865835857},"point_estimate":0.010165823735831303,"standard_error":0.0008929359937663773}}