{"mean":{"confidence_interval":{"confidence_level":0.95,"lower_bound":-0.03118999842176078,"upper_bound":-0.0169553194015015},"point_estimate":-0.02402812189913328,"standard_error":0.003596606383503511},"median":{"confidence_interval":{"confidence_level":0.95,"lower_bound":-0.02465022295888069,"upper_bound":-0.021856651353694252},"point_estimate":-0.02329352283734132,"standard_error":0.0007214382480733118}}