{"mean":{"confidence_interval":{"confidence_level":0.95,"lower_bound":-0.021877850283870057,"upper_bound":-0.006535400777043173},"point_estimate":-0.014072027345996774,"standard_error":0.003841226995267681},"median":{"confidence_interval":{"confidence_level":0.95,"lower_bound":-0.015624134960890546,"upper_bound":-0.012842749748102178},"point_estimate":-0.014085038611948097,"standard_error":0.0006590945185679117}}