{"mean":{"confidence_interval":{"confidence_level":0.95,"lower_bound":-0.014274150460618083,"upper_bound":0.000814979169304038},"point_estimate":-0.007061133020299426,"standard_error":0.0037288719671180726},"median":{"confidence_interval":{"confidence_level":0.95,"lower_bound":-0.006496671066158588,"upper_bound":-0.0037468761658987493},"point_estimate":-0.005128540466339149,"standard_error":0.0006767749131372236}}