{"mean":{"confidence_interval":{"confidence_level":0.95,"lower_bound":0.08851995410284948,"upper_bound":0.11409553761534769},"point_estimate":0.10315738285125597,"standard_error":0.006561536729513577},"median":{"confidence_interval":{"confidence_level":0.95,"lower_bound":0.10450881043261351,"upper_bound":0.10826550692999115},"point_estimate":0.1063723353126913,"standard_error":0.0009197587748978525}}