{"mean":{"confidence_interval":{"confidence_level":0.95,"lower_bound":0.023104184744714363,"upper_bound":0.05007952401124683},"point_estimate":0.03651451328830313,"standard_error":0.006678545444076555},"median":{"confidence_interval":{"confidence_level":0.95,"lower_bound":0.0347357122128682,"upper_bound":0.03785691508100375},"point_estimate":0.036096131406559984,"standard_error":0.0007742174802661319}}