{"mean":{"confidence_interval":{"confidence_level":0.95,"lower_bound":0.08717789211144086,"upper_bound":0.12075034319128018},"point_estimate":0.10419167161377807,"standard_error":0.008154573586570726},"median":{"confidence_interval":{"confidence_level":0.95,"lower_bound":0.10036027092105804,"upper_bound":0.10407674120275567},"point_estimate":0.10235393758350964,"standard_error":0.0010187808195479106}}