{"mean":{"confidence_interval":{"confidence_level":0.95,"lower_bound":-0.052268539222780054,"upper_bound":-0.025681781783358042},"point_estimate":-0.0394331117518254,"standard_error":0.00650362983434666},"median":{"confidence_interval":{"confidence_level":0.95,"lower_bound":-0.039650137686865206,"upper_bound":-0.03671505726319513},"point_estimate":-0.03785618636722787,"standard_error":0.0007303351152426577}}