{"mean":{"confidence_interval":{"confidence_level":0.95,"lower_bound":-0.006028754835693797,"upper_bound":0.024532308043344393},"point_estimate":0.009553579206110108,"standard_error":0.007617014719756458},"median":{"confidence_interval":{"confidence_level":0.95,"lower_bound":0.009936807800787095,"upper_bound":0.01304847772665374},"point_estimate":0.011369893340349435,"standard_error":0.0007622550449526277}}