{"mean":{"confidence_interval":{"confidence_level":0.95,"lower_bound":-0.011467132383883048,"upper_bound":0.01400869888852351},"point_estimate":0.0011420997690245738,"standard_error":0.006185494389181086},"median":{"confidence_interval":{"confidence_level":0.95,"lower_bound":-0.00009097485304476738,"upper_bound":0.0028905493699018514},"point_estimate":0.0013166543908806894,"standard_error":0.0007805869649755022}}