{"mean":{"confidence_interval":{"confidence_level":0.95,"lower_bound":-0.026400302167079896,"upper_bound":-0.002202242848108501},"point_estimate":-0.01408991913990576,"standard_error":0.006116426096778905},"median":{"confidence_interval":{"confidence_level":0.95,"lower_bound":-0.013838634990273269,"upper_bound":-0.011556970542941247},"point_estimate":-0.012792297595745294,"standard_error":0.0005958941311015131}}