{"mean":{"confidence_interval":{"confidence_level":0.95,"lower_bound":-0.002393907002601293,"upper_bound":0.019522024532567708},"point_estimate":0.00914367066026811,"standard_error":0.005557821389393201},"median":{"confidence_interval":{"confidence_level":0.95,"lower_bound":0.006860424475391147,"upper_bound":0.010553184441393304},"point_estimate":0.008404764786493768,"standard_error":0.000925386090311947}}