{"mean":{"confidence_interval":{"confidence_level":0.95,"lower_bound":0.040100810492709485,"upper_bound":0.06937527471766552},"point_estimate":0.05522810964280511,"standard_error":0.007413584987356866},"median":{"confidence_interval":{"confidence_level":0.95,"lower_bound":0.05600169944364741,"upper_bound":0.060290828067870006},"point_estimate":0.05840779067203328,"standard_error":0.0011767166290710522}}