{"mean":{"confidence_interval":{"confidence_level":0.95,"lower_bound":0.11778894416399954,"upper_bound":0.1488227497231629},"point_estimate":0.13320644741227738,"standard_error":0.007899986601158463},"median":{"confidence_interval":{"confidence_level":0.95,"lower_bound":0.1291684840896581,"upper_bound":0.13244937712041804},"point_estimate":0.13068962279678842,"standard_error":0.0008555976323233237}}