{"mean":{"confidence_interval":{"confidence_level":0.95,"lower_bound":-0.14453738147271317,"upper_bound":-0.126005292298317},"point_estimate":-0.13695805222305313,"standard_error":0.004682241036075079},"median":{"confidence_interval":{"confidence_level":0.95,"lower_bound":-0.13917543943145883,"upper_bound":-0.13676623391720089},"point_estimate":-0.13809774068734681,"standard_error":0.0006090692819208217}}