{"mean":{"confidence_interval":{"confidence_level":0.95,"lower_bound":-0.01430219630816206,"upper_bound":0.008890581495992585},"point_estimate":-0.002488426307287961,"standard_error":0.005890912262083193},"median":{"confidence_interval":{"confidence_level":0.95,"lower_bound":-0.0006929952604199929,"upper_bound":0.0020820719777430163},"point_estimate":0.0008701608516663573,"standard_error":0.0006891192472838921}}