{"mean":{"confidence_interval":{"confidence_level":0.95,"lower_bound":0.017593849528420618,"upper_bound":0.03860300470681835},"point_estimate":0.02948006096410971,"standard_error":0.005365174734298432},"median":{"confidence_interval":{"confidence_level":0.95,"lower_bound":0.03207529989798297,"upper_bound":0.03527008187347523},"point_estimate":0.03324110542915859,"standard_error":0.0008055172527036025}}