{"mean":{"confidence_interval":{"confidence_level":0.95,"lower_bound":-0.008533526326051977,"upper_bound":0.020487666374418234},"point_estimate":0.005603477461803674,"standard_error":0.007251962973588068},"median":{"confidence_interval":{"confidence_level":0.95,"lower_bound":-0.00032375090791680883,"upper_bound":0.003064949267406858},"point_estimate":0.001129048460500215,"standard_error":0.000937803932263454}}