{"mean":{"confidence_interval":{"confidence_level":0.95,"lower_bound":-0.1524188041619118,"upper_bound":-0.1303699905815474},"point_estimate":-0.14050715836084215,"standard_error":0.00571053364226266},"median":{"confidence_interval":{"confidence_level":0.95,"lower_bound":-0.14305298016336598,"upper_bound":-0.13971412331143762},"point_estimate":-0.14163989950417644,"standard_error":0.0008123136971959524}}