{"mean":{"confidence_interval":{"confidence_level":0.95,"lower_bound":0.09943144598905618,"upper_bound":0.12033032579301395},"point_estimate":0.10994348380487629,"standard_error":0.005318668768544291},"median":{"confidence_interval":{"confidence_level":0.95,"lower_bound":0.11266157617594019,"upper_bound":0.11640413962661889},"point_estimate":0.11463654025468384,"standard_error":0.0009538787254724218}}