{"mean":{"confidence_interval":{"confidence_level":0.95,"lower_bound":-0.01089367061357796,"upper_bound":0.006586565957545032},"point_estimate":-0.001857526439006163,"standard_error":0.0044016868117319466},"median":{"confidence_interval":{"confidence_level":0.95,"lower_bound":0.0012222953051217456,"upper_bound":0.004596925928723027},"point_estimate":0.002760815820883611,"standard_error":0.0008769924966068699}}