{"mean":{"confidence_interval":{"confidence_level":0.95,"lower_bound":0.002062920257182912,"upper_bound":0.025177875328405368},"point_estimate":0.014833028662416314,"standard_error":0.00587846296677855},"median":{"confidence_interval":{"confidence_level":0.95,"lower_bound":0.013250940463501948,"upper_bound":0.015562327009646992},"point_estimate":0.014441865203920878,"standard_error":0.0005867690452549438}}