{"mean":{"confidence_interval":{"confidence_level":0.95,"lower_bound":0.2619260170599104,"upper_bound":0.2854761417187157},"point_estimate":0.27492653557149493,"standard_error":0.005929634258827122},"median":{"confidence_interval":{"confidence_level":0.95,"lower_bound":0.2726592711469742,"upper_bound":0.27630749644566444},"point_estimate":0.27460157356041015,"standard_error":0.0009166813506580071}}