{"mean":{"confidence_interval":{"confidence_level":0.95,"lower_bound":-0.02629479310317623,"upper_bound":-0.0026180978393584966},"point_estimate":-0.01399573707463131,"standard_error":0.005961687663799051},"median":{"confidence_interval":{"confidence_level":0.95,"lower_bound":-0.013866651221297488,"upper_bound":-0.011657970316514395},"point_estimate":-0.013014496323377145,"standard_error":0.0005809532614024054}}