{"mean":{"confidence_interval":{"confidence_level":0.95,"lower_bound":-0.010311312472525124,"upper_bound":0.022743436014747515},"point_estimate":0.006031626926361611,"standard_error":0.008482098867951642},"median":{"confidence_interval":{"confidence_level":0.95,"lower_bound":-0.0037230217413349864,"upper_bound":-0.001437114451979582},"point_estimate":-0.0022439918621167676,"standard_error":0.0006308665322472825}}