{"mean":{"confidence_interval":{"confidence_level":0.95,"lower_bound":0.0015677394134934715,"upper_bound":0.01736908617523092},"point_estimate":0.008952998614366159,"standard_error":0.00395551972098466},"median":{"confidence_interval":{"confidence_level":0.95,"lower_bound":0.0072996121413903175,"upper_bound":0.010719936188769097},"point_estimate":0.008912002702712973,"standard_error":0.0008836694616841168}}