{"mean":{"confidence_interval":{"confidence_level":0.95,"lower_bound":-0.027231082244406825,"upper_bound":-0.006936449472788947},"point_estimate":-0.01802515357101353,"standard_error":0.005174740060740591},"median":{"confidence_interval":{"confidence_level":0.95,"lower_bound":-0.02137710485118554,"upper_bound":-0.017819922752803197},"point_estimate":-0.01929755273313205,"standard_error":0.0009776237179910067}}