{"mean":{"confidence_interval":{"confidence_level":0.95,"lower_bound":-0.12571034969935418,"upper_bound":-0.1010570226234463},"point_estimate":-0.11352481230334055,"standard_error":0.00618973157709006},"median":{"confidence_interval":{"confidence_level":0.95,"lower_bound":-0.11372149423538314,"upper_bound":-0.11055594052926013},"point_estimate":-0.11209122168469943,"standard_error":0.0008057021140561963}}