{"mean":{"confidence_interval":{"confidence_level":0.95,"lower_bound":27933.50514446677,"upper_bound":28086.392762228865},"point_estimate":28019.6021320931,"standard_error":39.13147553360611},"median":{"confidence_interval":{"confidence_level":0.95,"lower_bound":28027.783333333333,"upper_bound":28121.999873737375},"point_estimate":28072.117380952383,"standard_error":22.504106542278517},"median_abs_dev":{"confidence_interval":{"confidence_level":0.95,"lower_bound":135.9251371657969,"upper_bound":214.8435818689766},"point_estimate":162.12736045311442,"standard_error":20.974001832463305},"slope":{"confidence_interval":{"confidence_level":0.95,"lower_bound":28009.441516480423,"upper_bound":28087.90031207375},"point_estimate":28045.95199702806,"standard_error":20.088273401374966},"std_dev":{"confidence_interval":{"confidence_level":0.95,"lower_bound":179.1873904691028,"upper_bound":595.5422944902294},"point_estimate":393.23969492252183,"standard_error":116.04358897002831}}