{"mean":{"confidence_interval":{"confidence_level":0.95,"lower_bound":42365.12222950616,"upper_bound":43035.381451004},"point_estimate":42684.86108808889,"standard_error":170.72663149263946},"median":{"confidence_interval":{"confidence_level":0.95,"lower_bound":42450.14451121795,"upper_bound":42545.647438221866},"point_estimate":42512.92409986966,"standard_error":27.66527435666592},"median_abs_dev":{"confidence_interval":{"confidence_level":0.95,"lower_bound":162.9008854356163,"upper_bound":345.80258408513674},"point_estimate":233.1316436711069,"standard_error":45.4342140066959},"slope":{"confidence_interval":{"confidence_level":0.95,"lower_bound":42660.39605344531,"upper_bound":43217.76348817033},"point_estimate":42896.806534653464,"standard_error":144.33734955437228},"std_dev":{"confidence_interval":{"confidence_level":0.95,"lower_bound":975.8782014588046,"upper_bound":2328.659117594767},"point_estimate":1710.7046960332052,"standard_error":346.1605153470648}}