{"mean":{"confidence_interval":{"confidence_level":0.95,"lower_bound":38715.30558777422,"upper_bound":38975.13102793324},"point_estimate":38864.18719715202,"standard_error":66.92189446471846},"median":{"confidence_interval":{"confidence_level":0.95,"lower_bound":38921.360078646845,"upper_bound":39012.50283050283},"point_estimate":38956.75486052409,"standard_error":25.196154476982944},"median_abs_dev":{"confidence_interval":{"confidence_level":0.95,"lower_bound":160.62388818220353,"upper_bound":240.73344705530252},"point_estimate":209.9277385807279,"standard_error":20.39319127926144},"slope":{"confidence_interval":{"confidence_level":0.95,"lower_bound":39007.324030087584,"upper_bound":39112.15178734527},"point_estimate":39055.86701879028,"standard_error":26.82277603055189},"std_dev":{"confidence_interval":{"confidence_level":0.95,"lower_bound":250.52125748705586,"upper_bound":1037.5524994475902},"point_estimate":670.8236390590494,"standard_error":214.69147994710926}}