{"mean":{"confidence_interval":{"confidence_level":0.95,"lower_bound":15855.471399511613,"upper_bound":15939.461913230014},"point_estimate":15897.737152750382,"standard_error":21.38045790034301},"median":{"confidence_interval":{"confidence_level":0.95,"lower_bound":15826.99362244898,"upper_bound":15929.896214896215},"point_estimate":15872.15231092437,"standard_error":28.90304425757525},"median_abs_dev":{"confidence_interval":{"confidence_level":0.95,"lower_bound":189.29074761642494,"upper_bound":322.6284440265853},"point_estimate":279.2091592691624,"standard_error":33.65835310318104},"slope":{"confidence_interval":{"confidence_level":0.95,"lower_bound":15779.04098688416,"upper_bound":15877.734091827564},"point_estimate":15823.167011148877,"standard_error":25.20537169357648},"std_dev":{"confidence_interval":{"confidence_level":0.95,"lower_bound":188.1560622346879,"upper_bound":243.2946259364486},"point_estimate":215.3823405463013,"standard_error":14.12655192742198}}