{"mean":{"confidence_interval":{"confidence_level":0.95,"lower_bound":38730.13415377883,"upper_bound":39056.68241201398},"point_estimate":38897.53068905429,"standard_error":82.88561456570876},"median":{"confidence_interval":{"confidence_level":0.95,"lower_bound":38886.63760683761,"upper_bound":39001.09509462386},"point_estimate":38934.1288243007,"standard_error":28.977971604595147},"median_abs_dev":{"confidence_interval":{"confidence_level":0.95,"lower_bound":164.68495070494362,"upper_bound":277.1471429274303},"point_estimate":207.33239927081092,"standard_error":28.55103769533746},"slope":{"confidence_interval":{"confidence_level":0.95,"lower_bound":39027.6375188583,"upper_bound":39462.98968323087},"point_estimate":39210.1467082334,"standard_error":113.73040146168974},"std_dev":{"confidence_interval":{"confidence_level":0.95,"lower_bound":371.09386080641633,"upper_bound":1199.3315232707416},"point_estimate":830.5200993592296,"standard_error":209.72974406783146}}