{"mean":{"confidence_interval":{"confidence_level":0.95,"lower_bound":6522981.553625,"upper_bound":6529688.91303125},"point_estimate":6525995.9775,"standard_error":1714.049670448838},"median":{"confidence_interval":{"confidence_level":0.95,"lower_bound":6520677.25,"upper_bound":6522314.0},"point_estimate":6521610.25,"standard_error":493.8994902618737},"median_abs_dev":{"confidence_interval":{"confidence_level":0.95,"lower_bound":2439.710919186473,"upper_bound":4299.169273674488},"point_estimate":3395.9879022091627,"standard_error":515.6459113083015},"slope":null,"std_dev":{"confidence_interval":{"confidence_level":0.95,"lower_bound":8700.506146111036,"upper_bound":23775.22246350767},"point_estimate":17309.10210148012,"standard_error":3832.3535933035673}}