{"mean":{"confidence_interval":{"confidence_level":0.95,"lower_bound":7377078.364785715,"upper_bound":7380640.725750003},"point_estimate":7378664.264285718,"standard_error":913.427650055079},"median":{"confidence_interval":{"confidence_level":0.95,"lower_bound":7376042.714285715,"upper_bound":7377035.857142857},"point_estimate":7376650.928571428,"standard_error":276.6480072726565},"median_abs_dev":{"confidence_interval":{"confidence_level":0.95,"lower_bound":1987.2134647201058,"upper_bound":4275.294119098154},"point_estimate":3410.827139445615,"standard_error":597.9996072584777},"slope":null,"std_dev":{"confidence_interval":{"confidence_level":0.95,"lower_bound":4910.150497924696,"upper_bound":13386.604375002138},"point_estimate":9190.342472220538,"standard_error":2309.904475646841}}