{"mean":{"confidence_interval":{"confidence_level":0.95,"lower_bound":6534903.98775,"upper_bound":6537671.19784375},"point_estimate":6536191.645,"standard_error":709.0755007497692},"median":{"confidence_interval":{"confidence_level":0.95,"lower_bound":6533763.9375,"upper_bound":6535544.125},"point_estimate":6534590.5,"standard_error":519.125238669651},"median_abs_dev":{"confidence_interval":{"confidence_level":0.95,"lower_bound":2446.845931559801,"upper_bound":4262.104274332523},"point_estimate":3239.5736049860716,"standard_error":457.60924997034056},"slope":null,"std_dev":{"confidence_interval":{"confidence_level":0.95,"lower_bound":4498.00525902499,"upper_bound":9275.9312304356},"point_estimate":7113.368011437082,"standard_error":1222.885027440742}}