{"mean":{"confidence_interval":{"confidence_level":0.95,"lower_bound":6538236.39621875,"upper_bound":6542053.6175625},"point_estimate":6540015.805,"standard_error":974.220317066348},"median":{"confidence_interval":{"confidence_level":0.95,"lower_bound":6536369.875,"upper_bound":6539919.125},"point_estimate":6538356.0625,"standard_error":929.7136523723665},"median_abs_dev":{"confidence_interval":{"confidence_level":0.95,"lower_bound":4450.0238209962845,"upper_bound":7174.115947633982},"point_estimate":5434.655528515577,"standard_error":672.3556837755955},"slope":null,"std_dev":{"confidence_interval":{"confidence_level":0.95,"lower_bound":6296.182870796958,"upper_bound":12913.400335803515},"point_estimate":9773.30592183785,"standard_error":1693.2741137634705}}