{"mean":{"confidence_interval":{"confidence_level":0.95,"lower_bound":7382260.841749999,"upper_bound":7393755.470571429},"point_estimate":7386929.207142856,"standard_error":3031.6195426086824},"median":{"confidence_interval":{"confidence_level":0.95,"lower_bound":7381020.428571429,"upper_bound":7382419.714285715},"point_estimate":7381484.642857144,"standard_error":404.64785976058016},"median_abs_dev":{"confidence_interval":{"confidence_level":0.95,"lower_bound":2378.9375577653173,"upper_bound":4472.810853091926},"point_estimate":3387.529139859533,"standard_error":554.2773916586098},"slope":null,"std_dev":{"confidence_interval":{"confidence_level":0.95,"lower_bound":5676.018294553767,"upper_bound":49464.36220497312},"point_estimate":30534.90249312142,"standard_error":12472.354248826481}}