{"mean":{"confidence_interval":{"confidence_level":0.95,"lower_bound":7386164.088571426,"upper_bound":7435269.010000002},"point_estimate":7407316.554285713,"standard_error":12679.270133196156},"median":{"confidence_interval":{"confidence_level":0.95,"lower_bound":7380561.571428572,"upper_bound":7383043.857142857},"point_estimate":7381806.285714285,"standard_error":570.3502299754534},"median_abs_dev":{"confidence_interval":{"confidence_level":0.95,"lower_bound":4141.643026471138,"upper_bound":7309.641470228218},"point_estimate":5474.818102802254,"standard_error":783.0527724861797},"slope":null,"std_dev":{"confidence_interval":{"confidence_level":0.95,"lower_bound":18784.132105465596,"upper_bound":196672.87349789083},"point_estimate":126787.20022915462,"standard_error":43372.242497884385}}