{"mean":{"confidence_interval":{"confidence_level":0.95,"lower_bound":7380540.311428571,"upper_bound":7382843.567714288},"point_estimate":7381615.1342857145,"standard_error":587.7937007068853},"median":{"confidence_interval":{"confidence_level":0.95,"lower_bound":7379512.571428572,"upper_bound":7381402.571428572},"point_estimate":7380225.0,"standard_error":465.326873713181},"median_abs_dev":{"confidence_interval":{"confidence_level":0.95,"lower_bound":2822.3408498932363,"upper_bound":4723.987116132759},"point_estimate":3855.395331553149,"standard_error":504.1098927629005},"slope":null,"std_dev":{"confidence_interval":{"confidence_level":0.95,"lower_bound":3953.0546321347733,"upper_bound":7773.024864570271},"point_estimate":5933.14449904913,"standard_error":985.0376995970373}}