{"mean":{"confidence_interval":{"confidence_level":0.95,"lower_bound":6533810.1208125,"upper_bound":6536938.95221875},"point_estimate":6535244.10125,"standard_error":797.8261771016773},"median":{"confidence_interval":{"confidence_level":0.95,"lower_bound":6532654.6875,"upper_bound":6534258.3125},"point_estimate":6533422.3125,"standard_error":442.5484559371144},"median_abs_dev":{"confidence_interval":{"confidence_level":0.95,"lower_bound":3235.3111300617456,"upper_bound":5569.294138625264},"point_estimate":4165.45728854835,"standard_error":608.090214839166},"slope":null,"std_dev":{"confidence_interval":{"confidence_level":0.95,"lower_bound":5151.8288770345,"upper_bound":10816.580945933809},"point_estimate":8009.666965817794,"standard_error":1474.4958443719568}}