{"mean":{"confidence_interval":{"confidence_level":0.95,"lower_bound":6540376.3262812495,"upper_bound":6562762.37603125},"point_estimate":6549749.1225,"standard_error":5793.890970143947},"median":{"confidence_interval":{"confidence_level":0.95,"lower_bound":6534762.875,"upper_bound":6538477.25},"point_estimate":6536781.625,"standard_error":1017.114100293598},"median_abs_dev":{"confidence_interval":{"confidence_level":0.95,"lower_bound":3980.9616211988036,"upper_bound":7743.527000024915},"point_estimate":5467.180065438151,"standard_error":997.3864433847426},"slope":null,"std_dev":{"confidence_interval":{"confidence_level":0.95,"lower_bound":17179.621409050615,"upper_bound":90963.80187808668},"point_estimate":58080.245716493955,"standard_error":19491.10428095721}}