{"mean":{"confidence_interval":{"confidence_level":0.95,"lower_bound":7380858.533857143,"upper_bound":7385092.343107143},"point_estimate":7382804.99,"standard_error":1091.6282098082743},"median":{"confidence_interval":{"confidence_level":0.95,"lower_bound":7378080.571428572,"upper_bound":7380030.571428572},"point_estimate":7379060.571428571,"standard_error":398.3295476324475},"median_abs_dev":{"confidence_interval":{"confidence_level":0.95,"lower_bound":2488.120455827409,"upper_bound":4408.828721727348},"point_estimate":3450.0101387500763,"standard_error":466.27512935757125},"slope":null,"std_dev":{"confidence_interval":{"confidence_level":0.95,"lower_bound":6890.578817519201,"upper_bound":14952.619375537002},"point_estimate":10996.003511616462,"standard_error":2109.4145659065885}}