{"mean":{"confidence_interval":{"confidence_level":0.95,"lower_bound":6536776.4138124995,"upper_bound":6550904.10315625},"point_estimate":6542464.935,"standard_error":3704.523817802256},"median":{"confidence_interval":{"confidence_level":0.95,"lower_bound":6534005.75,"upper_bound":6536431.5625},"point_estimate":6534873.6875,"standard_error":797.897565961761},"median_abs_dev":{"confidence_interval":{"confidence_level":0.95,"lower_bound":3656.8328350782394,"upper_bound":6167.0599155128},"point_estimate":4888.873413205147,"standard_error":595.7794553333509},"slope":null,"std_dev":{"confidence_interval":{"confidence_level":0.95,"lower_bound":8403.256913877767,"upper_bound":60129.522112051935},"point_estimate":37135.38903658914,"standard_error":14953.329067810477}}