{"mean":{"confidence_interval":{"confidence_level":0.95,"lower_bound":6524055.02809375,"upper_bound":6529866.23678125},"point_estimate":6526236.01625,"standard_error":1611.7226801905829},"median":{"confidence_interval":{"confidence_level":0.95,"lower_bound":6523194.875,"upper_bound":6524983.875},"point_estimate":6523842.6875,"standard_error":595.9956953502119},"median_abs_dev":{"confidence_interval":{"confidence_level":0.95,"lower_bound":2882.915648818016,"upper_bound":4609.403318166733},"point_estimate":3671.2881848216057,"standard_error":472.2795830330575},"slope":null,"std_dev":{"confidence_interval":{"confidence_level":0.95,"lower_bound":3333.4308954650896,"upper_bound":27404.062073288223},"point_estimate":16304.299221960116,"standard_error":8215.99111176539}}