{"mean":{"confidence_interval":{"confidence_level":0.95,"lower_bound":6535020.35625,"upper_bound":6540995.9003125},"point_estimate":6537548.45375,"standard_error":1548.1103991355205},"median":{"confidence_interval":{"confidence_level":0.95,"lower_bound":6532983.0,"upper_bound":6535531.125},"point_estimate":6533900.75,"standard_error":600.8992779439112},"median_abs_dev":{"confidence_interval":{"confidence_level":0.95,"lower_bound":3331.772790849209,"upper_bound":5632.953274995089},"point_estimate":4310.010785982013,"standard_error":567.5905939686995},"slope":null,"std_dev":{"confidence_interval":{"confidence_level":0.95,"lower_bound":5720.237684410827,"upper_bound":24277.240525080295},"point_estimate":15509.409428278348,"standard_error":5347.065358769174}}