{"mean":{"confidence_interval":{"confidence_level":0.95,"lower_bound":6531453.14715625,"upper_bound":6535100.1664375},"point_estimate":6533134.76375,"standard_error":936.165808169924},"median":{"confidence_interval":{"confidence_level":0.95,"lower_bound":6529760.9375,"upper_bound":6531411.0},"point_estimate":6530355.875,"standard_error":484.42659649109225},"median_abs_dev":{"confidence_interval":{"confidence_level":0.95,"lower_bound":3206.493093073368,"upper_bound":5334.950680285692},"point_estimate":4141.457701474428,"standard_error":494.79956788825604},"slope":null,"std_dev":{"confidence_interval":{"confidence_level":0.95,"lower_bound":5930.638967535427,"upper_bound":12516.08359669853},"point_estimate":9381.945098726052,"standard_error":1699.5399269274872}}