{"mean":{"confidence_interval":{"confidence_level":0.95,"lower_bound":6535699.034437501,"upper_bound":6542450.7925},"point_estimate":6538518.8175,"standard_error":1749.6660515738508},"median":{"confidence_interval":{"confidence_level":0.95,"lower_bound":6533341.9375,"upper_bound":6536186.0},"point_estimate":6535308.75,"standard_error":773.1712700795923},"median_abs_dev":{"confidence_interval":{"confidence_level":0.95,"lower_bound":3627.0881731063128,"upper_bound":6029.759575137862},"point_estimate":4798.712802305818,"standard_error":594.1879057129647},"slope":null,"std_dev":{"confidence_interval":{"confidence_level":0.95,"lower_bound":6291.153571563978,"upper_bound":27751.146984194245},"point_estimate":17537.786238533397,"standard_error":6417.072234722683}}