{"mean":{"confidence_interval":{"confidence_level":0.95,"lower_bound":7381658.771107146,"upper_bound":7383950.012285717},"point_estimate":7382751.410000004,"standard_error":584.4267031757374},"median":{"confidence_interval":{"confidence_level":0.95,"lower_bound":7380237.428571428,"upper_bound":7381955.714285715},"point_estimate":7380831.214285715,"standard_error":437.61188277885634},"median_abs_dev":{"confidence_interval":{"confidence_level":0.95,"lower_bound":2136.1088620760925,"upper_bound":4015.410228711725},"point_estimate":3053.4146457910538,"standard_error":490.52606591992895},"slope":null,"std_dev":{"confidence_interval":{"confidence_level":0.95,"lower_bound":4292.198356389459,"upper_bound":7218.336334265925},"point_estimate":5883.358014690819,"standard_error":749.0494345514836}}