{"mean":{"confidence_interval":{"confidence_level":0.95,"lower_bound":6541513.694562499,"upper_bound":6607785.343406251},"point_estimate":6570101.24875,"standard_error":17122.254845682477},"median":{"confidence_interval":{"confidence_level":0.95,"lower_bound":6532204.75,"upper_bound":6533710.125},"point_estimate":6532879.125,"standard_error":353.93355331674155},"median_abs_dev":{"confidence_interval":{"confidence_level":0.95,"lower_bound":2238.3529936987907,"upper_bound":4412.592804785817},"point_estimate":3190.740468353033,"standard_error":549.988393544115},"slope":null,"std_dev":{"confidence_interval":{"confidence_level":0.95,"lower_bound":51135.9161666701,"upper_bound":260872.73590609222},"point_estimate":172444.14624379599,"standard_error":53856.02323542935}}