{"mean":{"confidence_interval":{"confidence_level":0.95,"lower_bound":7385058.714214284,"upper_bound":7411532.486142857},"point_estimate":7394493.000000001,"standard_error":7715.361760727845},"median":{"confidence_interval":{"confidence_level":0.95,"lower_bound":7382147.571428572,"upper_bound":7384966.285714285},"point_estimate":7383438.142857143,"standard_error":675.3863499015673},"median_abs_dev":{"confidence_interval":{"confidence_level":0.95,"lower_bound":3465.895138467075,"upper_bound":5830.006696497678},"point_estimate":4360.220622590708,"standard_error":567.0598472303184},"slope":null,"std_dev":{"confidence_interval":{"confidence_level":0.95,"lower_bound":8605.875004589594,"upper_bound":131365.4122627344},"point_estimate":77240.84662369068,"standard_error":42566.158035635824}}