{"mean":{"confidence_interval":{"confidence_level":0.95,"lower_bound":6533993.0280625,"upper_bound":6540583.365250001},"point_estimate":6536655.8025,"standard_error":1741.0794680060892},"median":{"confidence_interval":{"confidence_level":0.95,"lower_bound":6532200.875,"upper_bound":6533781.3125},"point_estimate":6532918.5,"standard_error":448.7390991127005},"median_abs_dev":{"confidence_interval":{"confidence_level":0.95,"lower_bound":2602.1482788026333,"upper_bound":4551.674581691623},"point_estimate":3635.3351354599,"standard_error":502.800597323959},"slope":null,"std_dev":{"confidence_interval":{"confidence_level":0.95,"lower_bound":5088.58557703705,"upper_bound":28486.33455856064},"point_estimate":17532.520286296196,"standard_error":7241.779982532073}}