{"mean":{"confidence_interval":{"confidence_level":0.95,"lower_bound":6535160.8096875,"upper_bound":6554528.26740625},"point_estimate":6543180.585,"standard_error":5039.740531884653},"median":{"confidence_interval":{"confidence_level":0.95,"lower_bound":6531794.125,"upper_bound":6534350.125},"point_estimate":6532418.375,"standard_error":619.4981889210956},"median_abs_dev":{"confidence_interval":{"confidence_level":0.95,"lower_bound":3897.1993558108807,"upper_bound":7017.423662915826},"point_estimate":5288.712093606591,"standard_error":789.7779597102063},"slope":null,"std_dev":{"confidence_interval":{"confidence_level":0.95,"lower_bound":10191.069238192862,"upper_bound":80367.81317983729},"point_estimate":50626.178192989326,"standard_error":18778.610120048234}}