{"mean":{"confidence_interval":{"confidence_level":0.95,"lower_bound":7390190.101321424,"upper_bound":7419671.840392857},"point_estimate":7403241.1800000025,"standard_error":7561.698803403962},"median":{"confidence_interval":{"confidence_level":0.95,"lower_bound":7380356.214285715,"upper_bound":7383732.285714285},"point_estimate":7381390.285714285,"standard_error":923.6031550889568},"median_abs_dev":{"confidence_interval":{"confidence_level":0.95,"lower_bound":3993.3830291018985,"upper_bound":8011.970257760475},"point_estimate":5538.252201676369,"standard_error":957.3446000999974},"slope":null,"std_dev":{"confidence_interval":{"confidence_level":0.95,"lower_bound":35194.09367587553,"upper_bound":108507.37646403218},"point_estimate":75778.86410836024,"standard_error":18629.41773118014}}