{"mean":{"confidence_interval":{"confidence_level":0.95,"lower_bound":6524847.34909375,"upper_bound":6535565.1100625},"point_estimate":6529544.275,"standard_error":2741.2024444415283},"median":{"confidence_interval":{"confidence_level":0.95,"lower_bound":6522746.5,"upper_bound":6524349.5},"point_estimate":6523626.0,"standard_error":386.41278184580153},"median_abs_dev":{"confidence_interval":{"confidence_level":0.95,"lower_bound":2472.235456109047,"upper_bound":3943.7159299850464},"point_estimate":3164.516981318593,"standard_error":371.57575183668513},"slope":null,"std_dev":{"confidence_interval":{"confidence_level":0.95,"lower_bound":6681.2219242423735,"upper_bound":40217.23429656911},"point_estimate":27450.975427400022,"standard_error":7733.8742531480075}}