{"mean":{"confidence_interval":{"confidence_level":0.95,"lower_bound":6535339.27625,"upper_bound":6540434.03625},"point_estimate":6537424.2825,"standard_error":1320.208696943389},"median":{"confidence_interval":{"confidence_level":0.95,"lower_bound":6534000.25,"upper_bound":6535740.0},"point_estimate":6534935.75,"standard_error":456.423697969427},"median_abs_dev":{"confidence_interval":{"confidence_level":0.95,"lower_bound":3215.01804292202,"upper_bound":6040.019630268216},"point_estimate":4287.957111373544,"standard_error":699.1713256647516},"slope":null,"std_dev":{"confidence_interval":{"confidence_level":0.95,"lower_bound":5280.414881966638,"upper_bound":21174.71500640237},"point_estimate":13295.994958819587,"standard_error":5119.823767859786}}