{"mean":{"confidence_interval":{"confidence_level":0.95,"lower_bound":6524418.68821875,"upper_bound":6527115.39159375},"point_estimate":6525606.90125,"standard_error":690.6346121609824},"median":{"confidence_interval":{"confidence_level":0.95,"lower_bound":6522924.0,"upper_bound":6524924.0},"point_estimate":6523848.9375,"standard_error":420.4224144281332},"median_abs_dev":{"confidence_interval":{"confidence_level":0.95,"lower_bound":2254.1056184191257,"upper_bound":4196.313900500536},"point_estimate":3360.5908278375864,"standard_error":496.2152255060047},"slope":null,"std_dev":{"confidence_interval":{"confidence_level":0.95,"lower_bound":3281.1483239011122,"upper_bound":10412.194413906067},"point_estimate":6927.125510017306,"standard_error":1964.9265779501507}}