{"mean":{"confidence_interval":{"confidence_level":0.95,"lower_bound":6534778.4716875,"upper_bound":6539971.69296875},"point_estimate":6536999.11625,"standard_error":1340.9459206944343},"median":{"confidence_interval":{"confidence_level":0.95,"lower_bound":6533189.0,"upper_bound":6535169.125},"point_estimate":6534341.3125,"standard_error":408.0877419736202},"median_abs_dev":{"confidence_interval":{"confidence_level":0.95,"lower_bound":3011.7165215313435,"upper_bound":4794.172339886427},"point_estimate":3804.444194957614,"standard_error":470.71166811629587},"slope":null,"std_dev":{"confidence_interval":{"confidence_level":0.95,"lower_bound":5100.2425860997155,"upper_bound":20942.190790711134},"point_estimate":13479.814864832859,"standard_error":4447.844120609074}}