{"mean":{"confidence_interval":{"confidence_level":0.95,"lower_bound":5725791.594472224,"upper_bound":5727325.843333335},"point_estimate":5726529.302222225,"standard_error":390.62269694116634},"median":{"confidence_interval":{"confidence_level":0.95,"lower_bound":5724706.555555556,"upper_bound":5725959.444444444},"point_estimate":5725409.722222222,"standard_error":336.57150404655306},"median_abs_dev":{"confidence_interval":{"confidence_level":0.95,"lower_bound":1913.7070993585476,"upper_bound":3735.1635336871313},"point_estimate":2630.7912866275283,"standard_error":459.90202676564695},"slope":null,"std_dev":{"confidence_interval":{"confidence_level":0.95,"lower_bound":3151.766160267451,"upper_bound":4572.113544069986},"point_estimate":3918.6302180295093,"standard_error":363.24653301805887}}