{"mean":{"confidence_interval":{"confidence_level":0.95,"lower_bound":6532922.89996875,"upper_bound":6604956.5490625},"point_estimate":6561491.4275,"standard_error":19696.119650688972},"median":{"confidence_interval":{"confidence_level":0.95,"lower_bound":6531428.0625,"upper_bound":6532981.75},"point_estimate":6532138.3125,"standard_error":388.0457046513848},"median_abs_dev":{"confidence_interval":{"confidence_level":0.95,"lower_bound":1974.5451774448156,"upper_bound":3341.5023531764746},"point_estimate":2675.2589900046587,"standard_error":339.58515880079494},"slope":null,"std_dev":{"confidence_interval":{"confidence_level":0.95,"lower_bound":4168.402160829508,"upper_bound":313475.1971140059},"point_estimate":198265.65386163795,"standard_error":85090.92136250169}}