{"mean":{"confidence_interval":{"confidence_level":0.95,"lower_bound":-0.003981246179624143,"upper_bound":0.0011553025376073583},"point_estimate":-0.0015837664069980883,"standard_error":0.0013080901492309054},"median":{"confidence_interval":{"confidence_level":0.95,"lower_bound":-0.004162281527354761,"upper_bound":-0.0014244639886780218},"point_estimate":-0.0028837752079755585,"standard_error":0.0006867028230963069}}