{"mean":{"confidence_interval":{"confidence_level":0.95,"lower_bound":-0.0034030768665422395,"upper_bound":0.00014114645045680186},"point_estimate":-0.0016948344138452143,"standard_error":0.0009066698004175774},"median":{"confidence_interval":{"confidence_level":0.95,"lower_bound":-0.0028305991481923022,"upper_bound":-0.0008699896226751491},"point_estimate":-0.0018502153221677808,"standard_error":0.0004771124747344249}}