{"mean":{"confidence_interval":{"confidence_level":0.95,"lower_bound":-0.0023024184652977557,"upper_bound":0.0013364420667893887},"point_estimate":-0.00038765279276342657,"standard_error":0.0009334206805794253},"median":{"confidence_interval":{"confidence_level":0.95,"lower_bound":-0.001603547367766689,"upper_bound":0.0007447830503719555},"point_estimate":-0.0004650420152630952,"standard_error":0.0005596142366806983}}