{"mean":{"confidence_interval":{"confidence_level":0.95,"lower_bound":-0.0006723053179601007,"upper_bound":0.003073360593114038},"point_estimate":0.0012798123508244164,"standard_error":0.000953601279457257},"median":{"confidence_interval":{"confidence_level":0.95,"lower_bound":-0.0004358672443972589,"upper_bound":0.0036919837290560276},"point_estimate":0.001612411811805492,"standard_error":0.001060512882009002}}