{"mean":{"confidence_interval":{"confidence_level":0.95,"lower_bound":-0.00811906138846514,"upper_bound":0.0005835312355635043},"point_estimate":-0.002953607209984388,"standard_error":0.0022748960982164547},"median":{"confidence_interval":{"confidence_level":0.95,"lower_bound":-0.004076047832025642,"upper_bound":0.0005137900215554936},"point_estimate":-0.0016139234942891267,"standard_error":0.0011772090272111463}}