{"mean":{"confidence_interval":{"confidence_level":0.95,"lower_bound":-0.004443168124780418,"upper_bound":-0.000013072710539567062},"point_estimate":-0.0021374809965004626,"standard_error":0.001125029001477547},"median":{"confidence_interval":{"confidence_level":0.95,"lower_bound":-0.003292181581137643,"upper_bound":0.00014680400810940242},"point_estimate":-0.0013353141380049172,"standard_error":0.000872401740706149}}