{"mean":{"confidence_interval":{"confidence_level":0.95,"lower_bound":-0.018015387543165087,"upper_bound":-0.008813192200320452},"point_estimate":-0.014023473636193717,"standard_error":0.0023156354855984975},"median":{"confidence_interval":{"confidence_level":0.95,"lower_bound":-0.019395896197461293,"upper_bound":-0.015848581085973867},"point_estimate":-0.017217175341288193,"standard_error":0.0009118285309539288}}