{"mean":{"confidence_interval":{"confidence_level":0.95,"lower_bound":-0.04925667849903498,"upper_bound":-0.0461890178617806},"point_estimate":-0.04770267222753921,"standard_error":0.0007805503305140951},"median":{"confidence_interval":{"confidence_level":0.95,"lower_bound":-0.04928954056611723,"upper_bound":-0.04607930872990518},"point_estimate":-0.04724119574128394,"standard_error":0.0008097917461631042}}