{"mean":{"confidence_interval":{"confidence_level":0.95,"lower_bound":-0.15436513663482385,"upper_bound":-0.14432393585704306},"point_estimate":-0.14879770709348294,"standard_error":0.0025917346351310515},"median":{"confidence_interval":{"confidence_level":0.95,"lower_bound":-0.14884638281567697,"upper_bound":-0.143548088204683},"point_estimate":-0.14590225223248543,"standard_error":0.0013994371885056008}}