{"mean":{"confidence_interval":{"confidence_level":0.95,"lower_bound":-0.006026925092551796,"upper_bound":-0.0018758222314649768},"point_estimate":-0.004055077933886708,"standard_error":0.0010629193213218576},"median":{"confidence_interval":{"confidence_level":0.95,"lower_bound":-0.005190685074306978,"upper_bound":-0.002254337937680595},"point_estimate":-0.0034751801014183403,"standard_error":0.0007430164272816482}}