{"mean":{"confidence_interval":{"confidence_level":0.95,"lower_bound":-0.0014097988668799937,"upper_bound":0.004153007304988026},"point_estimate":0.0010843359870438274,"standard_error":0.0014141439248742504},"median":{"confidence_interval":{"confidence_level":0.95,"lower_bound":-0.0029945913283544456,"upper_bound":-0.000025775924838211672},"point_estimate":-0.0015772879138831186,"standard_error":0.0007510187046467776}}