{"mean":{"confidence_interval":{"confidence_level":0.95,"lower_bound":0.012653775675336026,"upper_bound":0.017457739405391186},"point_estimate":0.015050538495086752,"standard_error":0.0012269071432923957},"median":{"confidence_interval":{"confidence_level":0.95,"lower_bound":0.013915936717166622,"upper_bound":0.01643823895286034},"point_estimate":0.014964041178800125,"standard_error":0.0006388302154047144}}