{"mean":{"confidence_interval":{"confidence_level":0.95,"lower_bound":0.0019589725966600306,"upper_bound":0.006095092455589561},"point_estimate":0.003996962005285543,"standard_error":0.0010557713419756475},"median":{"confidence_interval":{"confidence_level":0.95,"lower_bound":0.0018529686669521706,"upper_bound":0.004827809880701528},"point_estimate":0.003567484960590228,"standard_error":0.0007555625026495123}}