{"mean":{"confidence_interval":{"confidence_level":0.95,"lower_bound":0.01948926654082589,"upper_bound":0.03210724046060828},"point_estimate":0.02534982351733661,"standard_error":0.0032250495554093307},"median":{"confidence_interval":{"confidence_level":0.95,"lower_bound":0.014317827918887138,"upper_bound":0.02603023084335332},"point_estimate":0.0201854321839241,"standard_error":0.0028131472325038927}}