{"mean":{"confidence_interval":{"confidence_level":0.95,"lower_bound":-0.003705453831211286,"upper_bound":0.00025057409764126925},"point_estimate":-0.0017487319382042399,"standard_error":0.0010078486073297423},"median":{"confidence_interval":{"confidence_level":0.95,"lower_bound":-0.0025495290517616453,"upper_bound":-0.0002812485097615225},"point_estimate":-0.0013408433000078324,"standard_error":0.0005854871066585317}}