{"mean":{"confidence_interval":{"confidence_level":0.95,"lower_bound":-0.08136548108700178,"upper_bound":-0.07199802992431377},"point_estimate":-0.07635213863717794,"standard_error":0.0023961713086257347},"median":{"confidence_interval":{"confidence_level":0.95,"lower_bound":-0.07650080973384243,"upper_bound":-0.07181790033330548},"point_estimate":-0.07385012870009178,"standard_error":0.0011143345902247517}}