{"mean":{"confidence_interval":{"confidence_level":0.95,"lower_bound":0.04346448562180234,"upper_bound":0.05405246053885654},"point_estimate":0.048752429199623304,"standard_error":0.0026773012485049956},"median":{"confidence_interval":{"confidence_level":0.95,"lower_bound":0.045949346652999656,"upper_bound":0.056956399812734704},"point_estimate":0.05249809393081972,"standard_error":0.0027170230359280317}}