{"mean":{"confidence_interval":{"confidence_level":0.95,"lower_bound":0.027970369964649095,"upper_bound":0.03884849583600409},"point_estimate":0.033262269792075916,"standard_error":0.0027707416590449503},"median":{"confidence_interval":{"confidence_level":0.95,"lower_bound":0.02700813275087577,"upper_bound":0.040006216470546585},"point_estimate":0.03238500397038502,"standard_error":0.0037282349727290436}}