{"mean":{"confidence_interval":{"confidence_level":0.95,"lower_bound":0.00151468476228473,"upper_bound":0.011177677761382381},"point_estimate":0.005523015039048174,"standard_error":0.002484959656875358},"median":{"confidence_interval":{"confidence_level":0.95,"lower_bound":-0.0005982479344436298,"upper_bound":0.0025595843029389},"point_estimate":0.0013334985605051308,"standard_error":0.0008069638927283255}}