{"mean":{"confidence_interval":{"confidence_level":0.95,"lower_bound":-0.0015066382947411718,"upper_bound":0.002432987691138866},"point_estimate":0.0004990274286207352,"standard_error":0.0009877525281510844},"median":{"confidence_interval":{"confidence_level":0.95,"lower_bound":-0.0013781376380930244,"upper_bound":0.0014796432084464616},"point_estimate":-0.00016728468852200695,"standard_error":0.0007160064627857637}}