{"mean":{"confidence_interval":{"confidence_level":0.95,"lower_bound":-0.04822880160874838,"upper_bound":-0.03987596298251283},"point_estimate":-0.044062955353640576,"standard_error":0.0021107812811318907},"median":{"confidence_interval":{"confidence_level":0.95,"lower_bound":-0.05295284707610326,"upper_bound":-0.04250572694045851},"point_estimate":-0.04864158391677109,"standard_error":0.0025397459495052266}}