{"mean":{"confidence_interval":{"confidence_level":0.95,"lower_bound":-0.021971928062775776,"upper_bound":-0.01586319827206117},"point_estimate":-0.018765615066408503,"standard_error":0.001548558516309987},"median":{"confidence_interval":{"confidence_level":0.95,"lower_bound":-0.019189798610473097,"upper_bound":-0.015967317523001734},"point_estimate":-0.017815489222916647,"standard_error":0.0008302083215735522}}