{"mean":{"confidence_interval":{"confidence_level":0.95,"lower_bound":-0.0028219080379823726,"upper_bound":0.0009177835936709168},"point_estimate":-0.0010542139763912717,"standard_error":0.000960155207866082},"median":{"confidence_interval":{"confidence_level":0.95,"lower_bound":-0.002731782148226558,"upper_bound":0.0002368140348332215},"point_estimate":-0.0011232827358302888,"standard_error":0.0007742103200605106}}