{"mean":{"confidence_interval":{"confidence_level":0.95,"lower_bound":-0.07328969427462456,"upper_bound":-0.06269405299110545},"point_estimate":-0.06837230064324584,"standard_error":0.0027355355682171676},"median":{"confidence_interval":{"confidence_level":0.95,"lower_bound":-0.07301145027427547,"upper_bound":-0.07129449448993341},"point_estimate":-0.07231504044201786,"standard_error":0.000438160497478462}}