{"mean":{"confidence_interval":{"confidence_level":0.95,"lower_bound":0.005666482597758371,"upper_bound":0.011029495814536787},"point_estimate":0.008337106181041332,"standard_error":0.0013717542620158025},"median":{"confidence_interval":{"confidence_level":0.95,"lower_bound":0.004810064728793417,"upper_bound":0.010004579740263253},"point_estimate":0.007126701787935286,"standard_error":0.0012927169620541034}}