{"mean":{"confidence_interval":{"confidence_level":0.95,"lower_bound":-0.003181424815469082,"upper_bound":0.0009283995423448631},"point_estimate":-0.0010575850453722335,"standard_error":0.0010505061408303022},"median":{"confidence_interval":{"confidence_level":0.95,"lower_bound":-0.0016489704204128985,"upper_bound":0.0009699959857234486},"point_estimate":-0.00032023663790936574,"standard_error":0.0006351786441647927}}