{"mean":{"confidence_interval":{"confidence_level":0.95,"lower_bound":0.0008970629344812853,"upper_bound":0.005670076905480945},"point_estimate":0.0031662995862968835,"standard_error":0.0012059455176048482},"median":{"confidence_interval":{"confidence_level":0.95,"lower_bound":0.0005193622625193914,"upper_bound":0.0035440714380943206},"point_estimate":0.0021440007182584875,"standard_error":0.0007729408725674232}}