{"mean":{"confidence_interval":{"confidence_level":0.95,"lower_bound":-0.05256898869591439,"upper_bound":-0.04824548521463912},"point_estimate":-0.05034195035985345,"standard_error":0.0011034620716806208},"median":{"confidence_interval":{"confidence_level":0.95,"lower_bound":-0.05280497641396853,"upper_bound":-0.04996827388652314},"point_estimate":-0.051778597847151775,"standard_error":0.0007056161466766714}}