{"mean":{"confidence_interval":{"confidence_level":0.95,"lower_bound":0.05515569773872317,"upper_bound":0.05937349234126768},"point_estimate":0.05733278422258725,"standard_error":0.0010748725716085061},"median":{"confidence_interval":{"confidence_level":0.95,"lower_bound":0.055483744234964424,"upper_bound":0.0582300284004447},"point_estimate":0.05699842455110615,"standard_error":0.0006864305866449437}}