{"mean":{"confidence_interval":{"confidence_level":0.95,"lower_bound":-0.22948528480826041,"upper_bound":-0.22454099598376026},"point_estimate":-0.22667754834850184,"standard_error":0.0012831419186231376},"median":{"confidence_interval":{"confidence_level":0.95,"lower_bound":-0.22633145981112435,"upper_bound":-0.22415133951270827},"point_estimate":-0.2253702366987309,"standard_error":0.0005420456225275064}}