{"mean":{"confidence_interval":{"confidence_level":0.95,"lower_bound":0.167667577683622,"upper_bound":0.17343224830615403},"point_estimate":0.17063215822405753,"standard_error":0.0014687577123165146},"median":{"confidence_interval":{"confidence_level":0.95,"lower_bound":0.169622194008288,"upper_bound":0.17493259663175542},"point_estimate":0.1721396706794991,"standard_error":0.0013045743174763984}}