{"mean":{"confidence_interval":{"confidence_level":0.95,"lower_bound":-0.02514424926527933,"upper_bound":-0.010182926735921189},"point_estimate":-0.017340439555563525,"standard_error":0.003831623695876169},"median":{"confidence_interval":{"confidence_level":0.95,"lower_bound":-0.005442319936621476,"upper_bound":-0.0021029151758635845},"point_estimate":-0.0032945892795458454,"standard_error":0.0007793983764093557}}