{"mean":{"confidence_interval":{"confidence_level":0.95,"lower_bound":0.0014835957018572712,"upper_bound":0.005007442948271062},"point_estimate":0.003145572863537449,"standard_error":0.0008931530441853051},"median":{"confidence_interval":{"confidence_level":0.95,"lower_bound":0.001929711411234436,"upper_bound":0.0051327890255774555},"point_estimate":0.003709645889782731,"standard_error":0.0007935616806371664}}