{"mean":{"confidence_interval":{"confidence_level":0.95,"lower_bound":-0.004013121323853277,"upper_bound":-0.0005069634195380983},"point_estimate":-0.002201457090086012,"standard_error":0.0009002596873909755},"median":{"confidence_interval":{"confidence_level":0.95,"lower_bound":-0.003586532975262113,"upper_bound":-0.00029023827707930216},"point_estimate":-0.0024320353107172288,"standard_error":0.0008068750110446653}}