{"mean":{"confidence_interval":{"confidence_level":0.95,"lower_bound":0.052494680655375915,"upper_bound":0.05607808431507622},"point_estimate":0.05427513157809938,"standard_error":0.0009202330586978313},"median":{"confidence_interval":{"confidence_level":0.95,"lower_bound":0.05207194581329183,"upper_bound":0.05560966729200721},"point_estimate":0.05345937511235532,"standard_error":0.0009622689506135874}}