{"mean":{"confidence_interval":{"confidence_level":0.95,"lower_bound":-0.025565788667767257,"upper_bound":-0.015730316208861873},"point_estimate":-0.02015956874219116,"standard_error":0.002538773047791054},"median":{"confidence_interval":{"confidence_level":0.95,"lower_bound":-0.016195381065180925,"upper_bound":-0.012933444745605427},"point_estimate":-0.01449660639709538,"standard_error":0.000868437723756919}}