{"mean":{"confidence_interval":{"confidence_level":0.95,"lower_bound":0.05988009727084727,"upper_bound":0.08376477290963316},"point_estimate":0.07142484138840755,"standard_error":0.006284850333663225},"median":{"confidence_interval":{"confidence_level":0.95,"lower_bound":0.05602382841576903,"upper_bound":0.0588302935023588},"point_estimate":0.057339290526871256,"standard_error":0.0007083459520476517}}