{"mean":{"confidence_interval":{"confidence_level":0.95,"lower_bound":0.00482551963948027,"upper_bound":0.016475803432540275},"point_estimate":0.011401305031157882,"standard_error":0.0030064788921410975},"median":{"confidence_interval":{"confidence_level":0.95,"lower_bound":0.011880231786463247,"upper_bound":0.01538148517089133},"point_estimate":0.013941834864300118,"standard_error":0.0009023193852216922}}