{"mean":{"confidence_interval":{"confidence_level":0.95,"lower_bound":0.00007696280653896066,"upper_bound":0.01543132672707782},"point_estimate":0.006664747679455685,"standard_error":0.0038646528099316284},"median":{"confidence_interval":{"confidence_level":0.95,"lower_bound":-0.002208674023483792,"upper_bound":0.0009193935646365503},"point_estimate":-0.0006808784006223645,"standard_error":0.0007677139917629854}}