{"mean":{"confidence_interval":{"confidence_level":0.95,"lower_bound":0.003553201202366041,"upper_bound":0.006759878231666017},"point_estimate":0.005162959261341138,"standard_error":0.0008217833436998196},"median":{"confidence_interval":{"confidence_level":0.95,"lower_bound":0.00303925577124331,"upper_bound":0.005968426313678998},"point_estimate":0.004488610591261599,"standard_error":0.0007161007042491383}}