{"mean":{"confidence_interval":{"confidence_level":0.95,"lower_bound":-0.07841248893659931,"upper_bound":-0.0696080974021255},"point_estimate":-0.07382445779590163,"standard_error":0.0022078678045510947},"median":{"confidence_interval":{"confidence_level":0.95,"lower_bound":-0.08372701977925257,"upper_bound":-0.0785564701213779},"point_estimate":-0.08109030385540783,"standard_error":0.0012658471117941224}}