{"mean":{"confidence_interval":{"confidence_level":0.95,"lower_bound":0.037847674838488436,"upper_bound":0.04692754989885262},"point_estimate":0.04146939783484016,"standard_error":0.0022672974737198495},"median":{"confidence_interval":{"confidence_level":0.95,"lower_bound":0.0379296778154532,"upper_bound":0.0406911967282968},"point_estimate":0.03944943871665041,"standard_error":0.0007066143704148268}}