{"mean":{"confidence_interval":{"confidence_level":0.95,"lower_bound":0.08762507457995736,"upper_bound":0.09248280042645045},"point_estimate":0.09011845473148217,"standard_error":0.0012401903741096378},"median":{"confidence_interval":{"confidence_level":0.95,"lower_bound":0.08845084427271077,"upper_bound":0.09369223230064372},"point_estimate":0.09173444183403712,"standard_error":0.001352220851139406}}