{"mean":{"confidence_interval":{"confidence_level":0.95,"lower_bound":0.03320143929216316,"upper_bound":0.04079639289411142},"point_estimate":0.03694114403779203,"standard_error":0.0019520627548960262},"median":{"confidence_interval":{"confidence_level":0.95,"lower_bound":0.038075792487711535,"upper_bound":0.044548858925751},"point_estimate":0.04063838605288206,"standard_error":0.0017783987782656412}}