{"mean":{"confidence_interval":{"confidence_level":0.95,"lower_bound":-0.05495175958749113,"upper_bound":-0.051226019887268735},"point_estimate":-0.05308871027105189,"standard_error":0.0009551030590098373},"median":{"confidence_interval":{"confidence_level":0.95,"lower_bound":-0.05380693649562274,"upper_bound":-0.050602352280283425},"point_estimate":-0.052130908631401573,"standard_error":0.0007902939838444072}}