{"mean":{"confidence_interval":{"confidence_level":0.95,"lower_bound":0.028391308102545434,"upper_bound":0.0376640227828266},"point_estimate":0.03355583964899145,"standard_error":0.002386925078185607},"median":{"confidence_interval":{"confidence_level":0.95,"lower_bound":0.0347261344303631,"upper_bound":0.038116618126329736},"point_estimate":0.03654091634993906,"standard_error":0.0008221666339454689}}