{"mean":{"confidence_interval":{"confidence_level":0.95,"lower_bound":-0.0028651957784464827,"upper_bound":0.005184114775764897},"point_estimate":0.0008312935291321377,"standard_error":0.0020607374632867523},"median":{"confidence_interval":{"confidence_level":0.95,"lower_bound":-0.004436479327563081,"upper_bound":-0.0018037751456083662},"point_estimate":-0.002843489456202608,"standard_error":0.0006908848614204288}}