{"mean":{"confidence_interval":{"confidence_level":0.95,"lower_bound":0.004912370187957005,"upper_bound":0.02475599945925785},"point_estimate":0.013107005744891653,"standard_error":0.005297854721184889},"median":{"confidence_interval":{"confidence_level":0.95,"lower_bound":0.006651917837017685,"upper_bound":0.011028358712714237},"point_estimate":0.00905987190516555,"standard_error":0.0010659124074858866}}