{"mean":{"confidence_interval":{"confidence_level":0.95,"lower_bound":-0.06302646063861739,"upper_bound":-0.04412982156234425},"point_estimate":-0.054989890906728234,"standard_error":0.004711330425715264},"median":{"confidence_interval":{"confidence_level":0.95,"lower_bound":-0.06135334974918483,"upper_bound":-0.05688032768188456},"point_estimate":-0.058963171029213335,"standard_error":0.0011521341949878115}}