{"mean":{"confidence_interval":{"confidence_level":0.95,"lower_bound":0.0011838133973615273,"upper_bound":0.0036719012222430395},"point_estimate":0.002429800583433339,"standard_error":0.0006315588258470974},"median":{"confidence_interval":{"confidence_level":0.95,"lower_bound":0.001218015795920513,"upper_bound":0.004603582964277209},"point_estimate":0.00243966348839475,"standard_error":0.0008842066611750251}}