{"mean":{"confidence_interval":{"confidence_level":0.95,"lower_bound":0.09360428830066078,"upper_bound":0.10001697621074213},"point_estimate":0.09697508171640346,"standard_error":0.0016371853633610138},"median":{"confidence_interval":{"confidence_level":0.95,"lower_bound":0.09626160379502613,"upper_bound":0.10151826567086751},"point_estimate":0.09881256091529034,"standard_error":0.0013387620348972076}}