{"mean":{"confidence_interval":{"confidence_level":0.95,"lower_bound":-0.001455219661576542,"upper_bound":0.004449831235979901},"point_estimate":0.0011700219578363313,"standard_error":0.0015327789147454288},"median":{"confidence_interval":{"confidence_level":0.95,"lower_bound":-0.00171348072932028,"upper_bound":0.0020887869536407866},"point_estimate":0.00030746031815143127,"standard_error":0.0009393702739957247}}