{"mean":{"confidence_interval":{"confidence_level":0.95,"lower_bound":-0.19927624801915797,"upper_bound":-0.18248958075367094},"point_estimate":-0.1899707876542055,"standard_error":0.004302430817473249},"median":{"confidence_interval":{"confidence_level":0.95,"lower_bound":-0.18267501618039084,"upper_bound":-0.18191801137175767},"point_estimate":-0.1822268408768789,"standard_error":0.00019416022864256714}}