{"mean":{"confidence_interval":{"confidence_level":0.95,"lower_bound":0.00495032951859476,"upper_bound":0.0167262121927304},"point_estimate":0.010323830551093538,"standard_error":0.0031892229859203057},"median":{"confidence_interval":{"confidence_level":0.95,"lower_bound":0.0016388645703959703,"upper_bound":0.003205289606653894},"point_estimate":0.002372697423285608,"standard_error":0.00039980469515725914}}