{"mean":{"confidence_interval":{"confidence_level":0.95,"lower_bound":0.0011092485765564265,"upper_bound":0.007191693202137369},"point_estimate":0.003496390457581766,"standard_error":0.001517163936943761},"median":{"confidence_interval":{"confidence_level":0.95,"lower_bound":-5.30319836367088e-6,"upper_bound":0.0006540513385897562},"point_estimate":0.0003095313728278537,"standard_error":0.00015911090685071823}}