{"mean":{"confidence_interval":{"confidence_level":0.95,"lower_bound":-0.006890479637461049,"upper_bound":0.0007686790672549067},"point_estimate":-0.002251313389100784,"standard_error":0.002035158571961651},"median":{"confidence_interval":{"confidence_level":0.95,"lower_bound":-0.00021841196746941183,"upper_bound":0.0006399204381297707},"point_estimate":0.0002964344233671312,"standard_error":0.0002178061930202841}}