{"mean":{"confidence_interval":{"confidence_level":0.95,"lower_bound":0.6541422996547157,"upper_bound":0.6561518174684281},"point_estimate":0.6551452102314337,"standard_error":0.0005145122229208215},"median":{"confidence_interval":{"confidence_level":0.95,"lower_bound":0.6544494497938997,"upper_bound":0.656150642280571},"point_estimate":0.6554079115614206,"standard_error":0.00040562403175634386}}