{"mean":{"confidence_interval":{"confidence_level":0.95,"lower_bound":-0.0021374804854512705,"upper_bound":0.002941502666277794},"point_estimate":0.00025292645402208436,"standard_error":0.0012567585458856591},"median":{"confidence_interval":{"confidence_level":0.95,"lower_bound":-0.0006003821525207842,"upper_bound":0.00012304445821653687},"point_estimate":-0.00018731093324375614,"standard_error":0.00018170795996215895}}