{"mean":{"confidence_interval":{"confidence_level":0.95,"lower_bound":-0.001968072588022523,"upper_bound":0.0034352884592767155},"point_estimate":0.0005888522750423508,"standard_error":0.0013537727947464354},"median":{"confidence_interval":{"confidence_level":0.95,"lower_bound":-0.0011112135865679411,"upper_bound":-0.00012411807995282853},"point_estimate":-0.0005943527349606681,"standard_error":0.00025631268735458153}}