{"mean":{"confidence_interval":{"confidence_level":0.95,"lower_bound":0.12495864957777757,"upper_bound":0.1273417010539443},"point_estimate":0.12616186183719935,"standard_error":0.0006044474007958978},"median":{"confidence_interval":{"confidence_level":0.95,"lower_bound":0.1258902433118263,"upper_bound":0.12738206489050527},"point_estimate":0.1267206185890315,"standard_error":0.00039523894484679755}}