{"mean":{"confidence_interval":{"confidence_level":0.95,"lower_bound":-0.3198229435462547,"upper_bound":-0.31733054108689135},"point_estimate":-0.3183921565236665,"standard_error":0.0006438310156068526},"median":{"confidence_interval":{"confidence_level":0.95,"lower_bound":-0.3181597488172344,"upper_bound":-0.3174625063385125},"point_estimate":-0.3179010078449187,"standard_error":0.0001819989710366326}}