{"mean":{"confidence_interval":{"confidence_level":0.95,"lower_bound":0.054688239761295776,"upper_bound":0.12941987977580033},"point_estimate":0.10264443208501195,"standard_error":0.023649233481065412},"median":{"confidence_interval":{"confidence_level":0.95,"lower_bound":0.12912289867459004,"upper_bound":0.13031991016716238},"point_estimate":0.12967796055266723,"standard_error":0.00031126000809174965}}