{"mean":{"confidence_interval":{"confidence_level":0.95,"lower_bound":-0.0051978327383439904,"upper_bound":0.0015255105507299747},"point_estimate":-0.0017088588139200223,"standard_error":0.0017063973674273877},"median":{"confidence_interval":{"confidence_level":0.95,"lower_bound":0.000043178402917787295,"upper_bound":0.0010723444779348057},"point_estimate":0.0006536940231600674,"standard_error":0.00024341180940976923}}