{"mean":{"confidence_interval":{"confidence_level":0.95,"lower_bound":0.6468780437587609,"upper_bound":0.6542617494873633},"point_estimate":0.6507442671452792,"standard_error":0.0018839952846335323},"median":{"confidence_interval":{"confidence_level":0.95,"lower_bound":0.6524587912846527,"upper_bound":0.6550419093031924},"point_estimate":0.6537942945695181,"standard_error":0.0006445144978289905}}