{"mean":{"confidence_interval":{"confidence_level":0.95,"lower_bound":-0.11295385166227419,"upper_bound":-0.11085815117734218},"point_estimate":-0.11189071292171049,"standard_error":0.0005291207504506834},"median":{"confidence_interval":{"confidence_level":0.95,"lower_bound":-0.11286440191526514,"upper_bound":-0.11160861251449108},"point_estimate":-0.11230748454724682,"standard_error":0.00033597122146647966}}