{"mean":{"confidence_interval":{"confidence_level":0.95,"lower_bound":-0.11671629931822289,"upper_bound":-0.11364941990115265},"point_estimate":-0.11499365350326096,"standard_error":0.0007845773355223971},"median":{"confidence_interval":{"confidence_level":0.95,"lower_bound":-0.1150585983225334,"upper_bound":-0.11412274111345011},"point_estimate":-0.11454735499214175,"standard_error":0.0002337244248078357}}