{"mean":{"confidence_interval":{"confidence_level":0.95,"lower_bound":-0.000169240227824327,"upper_bound":0.004365276869092503},"point_estimate":0.0018834530030396035,"standard_error":0.0012107297289171326},"median":{"confidence_interval":{"confidence_level":0.95,"lower_bound":-0.0004713316697716463,"upper_bound":0.00043520915485784073},"point_estimate":-0.00006854917871268462,"standard_error":0.00022956818435723576}}