{"mean":{"confidence_interval":{"confidence_level":0.95,"lower_bound":-0.13250492949724502,"upper_bound":-0.12419729450694401},"point_estimate":-0.12745242310357763,"standard_error":0.0021976467714867674},"median":{"confidence_interval":{"confidence_level":0.95,"lower_bound":-0.125086305666555,"upper_bound":-0.12426065110160989},"point_estimate":-0.12463949474502156,"standard_error":0.00021484305584346293}}