{"mean":{"confidence_interval":{"confidence_level":0.95,"lower_bound":-0.00888582470512621,"upper_bound":-0.00005404817440901599},"point_estimate":-0.003568413770829726,"standard_error":0.002311767200148398},"median":{"confidence_interval":{"confidence_level":0.95,"lower_bound":-0.0008300394071761863,"upper_bound":-0.00009843129413322771},"point_estimate":-0.0004632546948474259,"standard_error":0.0001897092772048282}}