{"mean":{"confidence_interval":{"confidence_level":0.95,"lower_bound":0.12831222933808517,"upper_bound":0.13731371261295386},"point_estimate":0.13183902532622782,"standard_error":0.002330196118002543},"median":{"confidence_interval":{"confidence_level":0.95,"lower_bound":0.12837935913077025,"upper_bound":0.13015499613875536},"point_estimate":0.1292963624819774,"standard_error":0.00043087912999885424}}