{"mean":{"confidence_interval":{"confidence_level":0.95,"lower_bound":-0.1122748396666036,"upper_bound":-0.10981078891344379},"point_estimate":-0.1112136805865731,"standard_error":0.0006476088822506025},"median":{"confidence_interval":{"confidence_level":0.95,"lower_bound":-0.11258637813547812,"upper_bound":-0.11130078963412116},"point_estimate":-0.11191493145593201,"standard_error":0.0003267446187378266}}