{"mean":{"confidence_interval":{"confidence_level":0.95,"lower_bound":-0.11589107596054483,"upper_bound":-0.11441324728396733},"point_estimate":-0.11513550127309513,"standard_error":0.00037674255791320013},"median":{"confidence_interval":{"confidence_level":0.95,"lower_bound":-0.1154011708204924,"upper_bound":-0.11440146954897457},"point_estimate":-0.1149327481515997,"standard_error":0.0002454451759988247}}