{"mean":{"confidence_interval":{"confidence_level":0.95,"lower_bound":0.001456333237508007,"upper_bound":0.05742338750255949},"point_estimate":0.020703573096759298,"standard_error":0.016837404216675417},"median":{"confidence_interval":{"confidence_level":0.95,"lower_bound":0.0008004612629806118,"upper_bound":0.001639785774221414},"point_estimate":0.0012102502648534408,"standard_error":0.00021047597298221943}}