{"mean":{"confidence_interval":{"confidence_level":0.95,"lower_bound":0.6496294009008765,"upper_bound":0.6552348565674592},"point_estimate":0.652687788084624,"standard_error":0.0014332051696739714},"median":{"confidence_interval":{"confidence_level":0.95,"lower_bound":0.6535173740724525,"upper_bound":0.6548200209599684},"point_estimate":0.6541849150717107,"standard_error":0.00031738388095271976}}