{"mean":{"confidence_interval":{"confidence_level":0.95,"lower_bound":-0.0074168283443433,"upper_bound":0.0038043103920335597},"point_estimate":-0.0015129941196811991,"standard_error":0.002847294338343714},"median":{"confidence_interval":{"confidence_level":0.95,"lower_bound":0.00024003480803980182,"upper_bound":0.0012330975093899355},"point_estimate":0.0006754638649131284,"standard_error":0.0002631629241259989}}