{"mean":{"confidence_interval":{"confidence_level":0.95,"lower_bound":-0.0012440133202652553,"upper_bound":0.0015412795127280718},"point_estimate":0.00014435394588363515,"standard_error":0.0007075485856916273},"median":{"confidence_interval":{"confidence_level":0.95,"lower_bound":0.00025822962903188085,"upper_bound":0.0014173841282398847},"point_estimate":0.0008856284790221824,"standard_error":0.00030054543438624295}}