{"mean":{"confidence_interval":{"confidence_level":0.95,"lower_bound":0.07728052449052855,"upper_bound":0.08287539663548005},"point_estimate":0.08043867955541195,"standard_error":0.0014478092928443978},"median":{"confidence_interval":{"confidence_level":0.95,"lower_bound":0.0816901364199043,"upper_bound":0.08307131168705939},"point_estimate":0.0823012942211383,"standard_error":0.0003245295613443803}}