{"mean":{"confidence_interval":{"confidence_level":0.95,"lower_bound":-0.009985723709821821,"upper_bound":-0.000408384835924142},"point_estimate":-0.004675417756747069,"standard_error":0.0024634725414583503},"median":{"confidence_interval":{"confidence_level":0.95,"lower_bound":-0.0008833592042354343,"upper_bound":0.0003910906194835029},"point_estimate":-0.00016783978137857591,"standard_error":0.00030660125074276183}}