{"mean":{"confidence_interval":{"confidence_level":0.95,"lower_bound":-0.00335843006882844,"upper_bound":0.005961155138369139},"point_estimate":0.0008726404878294236,"standard_error":0.002314421043186027},"median":{"confidence_interval":{"confidence_level":0.95,"lower_bound":-0.0002531232965294894,"upper_bound":0.0005162436696164452},"point_estimate":0.00013678452639687144,"standard_error":0.00019749509985043533}}