{"mean":{"confidence_interval":{"confidence_level":0.95,"lower_bound":-0.317382836301508,"upper_bound":-0.3152964924082135},"point_estimate":-0.31645545434395206,"standard_error":0.0005527575400192734},"median":{"confidence_interval":{"confidence_level":0.95,"lower_bound":-0.31756309793975523,"upper_bound":-0.3169507604001174},"point_estimate":-0.3172511766798113,"standard_error":0.00015240481515517586}}