{"mean":{"confidence_interval":{"confidence_level":0.95,"lower_bound":0.14150937198272567,"upper_bound":0.1439778588950627},"point_estimate":0.14256488378054377,"standard_error":0.0006334542536160786},"median":{"confidence_interval":{"confidence_level":0.95,"lower_bound":0.1415814410777363,"upper_bound":0.1428115079872201},"point_estimate":0.14221433633900626,"standard_error":0.00031504502780863334}}