{"mean":{"confidence_interval":{"confidence_level":0.95,"lower_bound":-0.0001277571430587237,"upper_bound":0.0027087914782518508},"point_estimate":0.0009904670411056138,"standard_error":0.0007411932020939722},"median":{"confidence_interval":{"confidence_level":0.95,"lower_bound":0.00012656019533507923,"upper_bound":0.0008566410698642724},"point_estimate":0.0005403781528603435,"standard_error":0.0001844258880997193}}