{"mean":{"confidence_interval":{"confidence_level":0.95,"lower_bound":-0.005870313764905366,"upper_bound":0.00026655148942576426},"point_estimate":-0.0023134977656462663,"standard_error":0.0015859081773676152},"median":{"confidence_interval":{"confidence_level":0.95,"lower_bound":0.000273996952781852,"upper_bound":0.0011334707826168241},"point_estimate":0.0006547037896103003,"standard_error":0.00022290395371069838}}