{"mean":{"confidence_interval":{"confidence_level":0.95,"lower_bound":-0.07140731340007304,"upper_bound":-0.06270491727080332},"point_estimate":-0.06787593652783075,"standard_error":0.002207483818618737},"median":{"confidence_interval":{"confidence_level":0.95,"lower_bound":-0.07178406997877188,"upper_bound":-0.0704916399153658},"point_estimate":-0.07124390582721818,"standard_error":0.00031489192418731243}}