{"mean":{"confidence_interval":{"confidence_level":0.95,"lower_bound":-0.007321709071223991,"upper_bound":0.00025626992645010863},"point_estimate":-0.0028394224826661096,"standard_error":0.001996194455688431},"median":{"confidence_interval":{"confidence_level":0.95,"lower_bound":-0.0009121149644946507,"upper_bound":0.0003560336486703175},"point_estimate":-0.0003408823090091939,"standard_error":0.0003164991688465515}}