{"mean":{"confidence_interval":{"confidence_level":0.95,"lower_bound":-0.0009988072546452819,"upper_bound":0.008230140294820153},"point_estimate":0.002793786922611119,"standard_error":0.002320405607287433},"median":{"confidence_interval":{"confidence_level":0.95,"lower_bound":-0.0013350958237823285,"upper_bound":-0.00024011570189896858},"point_estimate":-0.0007655158237327431,"standard_error":0.00027132310522163394}}