{"mean":{"confidence_interval":{"confidence_level":0.95,"lower_bound":-0.004711734826822241,"upper_bound":0.0016617175215331453},"point_estimate":-0.0010609338605536145,"standard_error":0.0016428594871257013},"median":{"confidence_interval":{"confidence_level":0.95,"lower_bound":-0.00013178905662203366,"upper_bound":0.0010087671277241306},"point_estimate":0.000382328276236521,"standard_error":0.00029514771689208535}}