{"mean":{"confidence_interval":{"confidence_level":0.95,"lower_bound":-0.11472372649612256,"upper_bound":-0.11192521844827473},"point_estimate":-0.11344857328181646,"standard_error":0.0007429950330257426},"median":{"confidence_interval":{"confidence_level":0.95,"lower_bound":-0.11490176290096421,"upper_bound":-0.11388524544845391},"point_estimate":-0.11426284313457102,"standard_error":0.00025294354859308567}}