{"mean":{"confidence_interval":{"confidence_level":0.95,"lower_bound":0.12854280341209856,"upper_bound":0.13031244802277164},"point_estimate":0.12945459021344363,"standard_error":0.0004496456534109674},"median":{"confidence_interval":{"confidence_level":0.95,"lower_bound":0.12877501212813347,"upper_bound":0.13018483950050386},"point_estimate":0.12935629595091136,"standard_error":0.00035213317890928693}}