{"mean":{"confidence_interval":{"confidence_level":0.95,"lower_bound":0.12713368058241525,"upper_bound":0.12858512229673022},"point_estimate":0.12785828903415886,"standard_error":0.00037003627598692745},"median":{"confidence_interval":{"confidence_level":0.95,"lower_bound":0.12706402098564995,"upper_bound":0.12857674165438704},"point_estimate":0.12778249497318495,"standard_error":0.0003804199150914491}}