{"mean":{"confidence_interval":{"confidence_level":0.95,"lower_bound":-0.002184929093260187,"upper_bound":0.0020955840407251886},"point_estimate":0.00013376986257473966,"standard_error":0.001099360736055151},"median":{"confidence_interval":{"confidence_level":0.95,"lower_bound":0.00141342426383137,"upper_bound":0.0027513659232476506},"point_estimate":0.002128777716442043,"standard_error":0.0003321499853072687}}