{"mean":{"confidence_interval":{"confidence_level":0.95,"lower_bound":-0.08219398165197142,"upper_bound":-0.07537351700345236},"point_estimate":-0.07858186780353738,"standard_error":0.00174513581299786},"median":{"confidence_interval":{"confidence_level":0.95,"lower_bound":-0.07536603418804988,"upper_bound":-0.0741097171200303},"point_estimate":-0.07475086282251153,"standard_error":0.00032637724901529654}}