{"mean":{"confidence_interval":{"confidence_level":0.95,"lower_bound":-0.05000919604443926,"upper_bound":-0.044827490951510764},"point_estimate":-0.04735160805238958,"standard_error":0.001320644922799413},"median":{"confidence_interval":{"confidence_level":0.95,"lower_bound":-0.04924843559498404,"upper_bound":-0.044308905177330105},"point_estimate":-0.04678999603137224,"standard_error":0.0012338113330386579}}