{"mean":{"confidence_interval":{"confidence_level":0.95,"lower_bound":-0.005338568796291863,"upper_bound":0.004454104564235228},"point_estimate":0.00006794060121895207,"standard_error":0.0025111145612101873},"median":{"confidence_interval":{"confidence_level":0.95,"lower_bound":0.00232057823576004,"upper_bound":0.007595151169767833},"point_estimate":0.005509991929933733,"standard_error":0.001383207471939827}}