{"mean":{"confidence_interval":{"confidence_level":0.95,"lower_bound":0.12022415969097988,"upper_bound":0.14482944843567735},"point_estimate":0.1322834505246293,"standard_error":0.006120674930005187},"median":{"confidence_interval":{"confidence_level":0.95,"lower_bound":0.10671204853429805,"upper_bound":0.13168119244813514},"point_estimate":0.12189978982139604,"standard_error":0.006369886810580129}}