{"mean":{"confidence_interval":{"confidence_level":0.95,"lower_bound":0.006363955760416508,"upper_bound":0.012769580835766467},"point_estimate":0.009373900562911652,"standard_error":0.0016731834268748059},"median":{"confidence_interval":{"confidence_level":0.95,"lower_bound":0.004496108290933387,"upper_bound":0.013183390068262302},"point_estimate":0.00755736219222336,"standard_error":0.002044331454722316}}