{"mean":{"confidence_interval":{"confidence_level":0.95,"lower_bound":-0.021278937442975977,"upper_bound":-0.012779139127158914},"point_estimate":-0.017014866251667815,"standard_error":0.002144489508815013},"median":{"confidence_interval":{"confidence_level":0.95,"lower_bound":-0.01677629013559223,"upper_bound":-0.009910413912560936},"point_estimate":-0.013513379707760342,"standard_error":0.0017441725541767962}}