{"mean":{"confidence_interval":{"confidence_level":0.95,"lower_bound":18249.9888628814,"upper_bound":18277.69518255272},"point_estimate":18263.49739574931,"standard_error":7.097110643688635},"median":{"confidence_interval":{"confidence_level":0.95,"lower_bound":18242.983870967742,"upper_bound":18267.569196428572},"point_estimate":18261.409072440212,"standard_error":5.995754164797066},"median_abs_dev":{"confidence_interval":{"confidence_level":0.95,"lower_bound":36.70562052803231,"upper_bound":58.728904579570376},"point_estimate":44.82387131960083,"standard_error":5.76037047920665},"slope":{"confidence_interval":{"confidence_level":0.95,"lower_bound":18256.142686103834,"upper_bound":18279.558236058718},"point_estimate":18267.434346830207,"standard_error":5.958216395536219},"std_dev":{"confidence_interval":{"confidence_level":0.95,"lower_bound":54.243900622586985,"upper_bound":87.87624799616984},"point_estimate":71.48786207261836,"standard_error":8.638207722341471}}