{"mean":{"confidence_interval":{"confidence_level":0.95,"lower_bound":18696.852454055323,"upper_bound":18771.46289544458},"point_estimate":18732.910996755927,"standard_error":19.025297692393032},"median":{"confidence_interval":{"confidence_level":0.95,"lower_bound":18698.5547979798,"upper_bound":18768.50806451613},"point_estimate":18726.045837314858,"standard_error":16.89858998615404},"median_abs_dev":{"confidence_interval":{"confidence_level":0.95,"lower_bound":87.72723180888546,"upper_bound":142.0808039056835},"point_estimate":115.03289453384248,"standard_error":12.904861290086917},"slope":{"confidence_interval":{"confidence_level":0.95,"lower_bound":18694.971687450812,"upper_bound":18745.16335535841},"point_estimate":18718.697746785874,"standard_error":12.836527088539814},"std_dev":{"confidence_interval":{"confidence_level":0.95,"lower_bound":134.17617052746726,"upper_bound":247.87645736777893},"point_estimate":191.44271584146824,"standard_error":29.459426664867273}}