{"mean":{"confidence_interval":{"confidence_level":0.95,"lower_bound":46941348.11,"upper_bound":47273266.25},"point_estimate":47102402.02,"standard_error":84763.85309427463},"median":{"confidence_interval":{"confidence_level":0.95,"lower_bound":46743525.0,"upper_bound":47010187.0},"point_estimate":46868729.0,"standard_error":62867.00734118141},"median_abs_dev":{"confidence_interval":{"confidence_level":0.95,"lower_bound":401149.2987781763,"upper_bound":806257.8807860613},"point_estimate":577012.3424559832,"standard_error":98496.67529091088},"slope":null,"std_dev":{"confidence_interval":{"confidence_level":0.95,"lower_bound":701590.1711555996,"upper_bound":975413.7128227695},"point_estimate":849948.7114356555,"standard_error":69884.67761071272}}