{"mean":{"confidence_interval":{"confidence_level":0.95,"lower_bound":47378121.16,"upper_bound":47910710.24025},"point_estimate":47611851.79,"standard_error":136404.3189881993},"median":{"confidence_interval":{"confidence_level":0.95,"lower_bound":47149053.0,"upper_bound":47436164.5},"point_estimate":47342538.0,"standard_error":70345.22193637656},"median_abs_dev":{"confidence_interval":{"confidence_level":0.95,"lower_bound":359801.809412241,"upper_bound":638708.5164606571},"point_estimate":484023.67210686207,"standard_error":67375.33037449031},"slope":null,"std_dev":{"confidence_interval":{"confidence_level":0.95,"lower_bound":691785.5408377642,"upper_bound":2033267.304569384},"point_estimate":1362016.9173742752,"standard_error":381011.454844822}}