{"mean":{"confidence_interval":{"confidence_level":0.95,"lower_bound":50868877.499749996,"upper_bound":51120274.279},"point_estimate":50997940.46,"standard_error":64050.3265908807},"median":{"confidence_interval":{"confidence_level":0.95,"lower_bound":50976249.0,"upper_bound":51223534.5},"point_estimate":51169824.5,"standard_error":64312.81592075091},"median_abs_dev":{"confidence_interval":{"confidence_level":0.95,"lower_bound":377698.58874701045,"upper_bound":612526.5422254801},"point_estimate":522402.255025506,"standard_error":63987.120261826385},"slope":null,"std_dev":{"confidence_interval":{"confidence_level":0.95,"lower_bound":533505.8313493738,"upper_bound":738335.4645158846},"point_estimate":644726.0702788436,"standard_error":52141.97988061472}}