{"mean":{"confidence_interval":{"confidence_level":0.95,"lower_bound":55875292.99425001,"upper_bound":56086792.764},"point_estimate":55961775.53,"standard_error":55110.58889564018},"median":{"confidence_interval":{"confidence_level":0.95,"lower_bound":55864819.0,"upper_bound":55971957.0},"point_estimate":55923343.0,"standard_error":28233.970583018523},"median_abs_dev":{"confidence_interval":{"confidence_level":0.95,"lower_bound":200839.6641343832,"upper_bound":326530.04210293293},"point_estimate":258810.8057051897,"standard_error":31852.411698679796},"slope":null,"std_dev":{"confidence_interval":{"confidence_level":0.95,"lower_bound":221797.6108474693,"upper_bound":896048.1947097732},"point_estimate":556496.6322971323,"standard_error":224428.65439735574}}