{"mean":{"confidence_interval":{"confidence_level":0.95,"lower_bound":55553039.597500004,"upper_bound":56053741.13},"point_estimate":55816619.2,"standard_error":127970.54430981661},"median":{"confidence_interval":{"confidence_level":0.95,"lower_bound":56053744.0,"upper_bound":56196005.5},"point_estimate":56131502.5,"standard_error":31092.10057637326},"median_abs_dev":{"confidence_interval":{"confidence_level":0.95,"lower_bound":211392.8107470274,"upper_bound":364712.68090255547},"point_estimate":298921.06539309025,"standard_error":38694.61471585744},"slope":null,"std_dev":{"confidence_interval":{"confidence_level":0.95,"lower_bound":918399.5442113895,"upper_bound":1563745.0549142205},"point_estimate":1283349.9324357433,"standard_error":165158.04821118608}}