{"mean":{"confidence_interval":{"confidence_level":0.95,"lower_bound":49458688.293,"upper_bound":50224904.215124995},"point_estimate":49834044.99,"standard_error":195891.18783109917},"median":{"confidence_interval":{"confidence_level":0.95,"lower_bound":48814648.5,"upper_bound":50583565.5},"point_estimate":49429374.5,"standard_error":451649.4679142314},"median_abs_dev":{"confidence_interval":{"confidence_level":0.95,"lower_bound":1769274.3926391006,"upper_bound":2775516.4773747325},"point_estimate":2451628.799074888,"standard_error":248486.85057796518},"slope":null,"std_dev":{"confidence_interval":{"confidence_level":0.95,"lower_bound":1757611.2729787591,"upper_bound":2179062.9546921183},"point_estimate":1980701.6697430331,"standard_error":107854.68091023917}}