{"mean":{"confidence_interval":{"confidence_level":0.95,"lower_bound":55167415.684250005,"upper_bound":55572035.07},"point_estimate":55350723.36,"standard_error":103063.088992901},"median":{"confidence_interval":{"confidence_level":0.95,"lower_bound":55002949.5,"upper_bound":55309627.0},"point_estimate":55157818.5,"standard_error":88090.89105495901},"median_abs_dev":{"confidence_interval":{"confidence_level":0.95,"lower_bound":406428.0959844589,"upper_bound":694294.1732063144},"point_estimate":510210.835441947,"standard_error":73602.59325830881},"slope":null,"std_dev":{"confidence_interval":{"confidence_level":0.95,"lower_bound":570783.7566206424,"upper_bound":1484031.762415447},"point_estimate":1031976.2198065968,"standard_error":244137.34764933056}}