{"mean":{"confidence_interval":{"confidence_level":0.95,"lower_bound":56145329.58,"upper_bound":56578103.32},"point_estimate":56364556.84,"standard_error":110086.93633609846},"median":{"confidence_interval":{"confidence_level":0.95,"lower_bound":56135496.0,"upper_bound":56519628.0},"point_estimate":56283964.0,"standard_error":100122.21708944232},"median_abs_dev":{"confidence_interval":{"confidence_level":0.95,"lower_bound":593028.869971633,"upper_bound":1005028.576657176},"point_estimate":788199.0718066692,"standard_error":103738.72729789859},"slope":null,"std_dev":{"confidence_interval":{"confidence_level":0.95,"lower_bound":739938.2182387367,"upper_bound":1465670.1065919758},"point_estimate":1101822.3442331294,"standard_error":190053.13517872515}}