{"mean":{"confidence_interval":{"confidence_level":0.95,"lower_bound":55330885.211,"upper_bound":55552887.705},"point_estimate":55435692.11,"standard_error":56757.53550945021},"median":{"confidence_interval":{"confidence_level":0.95,"lower_bound":55334155.5,"upper_bound":55406396.0},"point_estimate":55379175.0,"standard_error":20914.98536190665},"median_abs_dev":{"confidence_interval":{"confidence_level":0.95,"lower_bound":182068.24347764257,"upper_bound":316460.9643816948},"point_estimate":257042.805236578,"standard_error":34767.31541403808},"slope":null,"std_dev":{"confidence_interval":{"confidence_level":0.95,"lower_bound":352220.2507891589,"upper_bound":768959.7959825458},"point_estimate":569303.7370997979,"standard_error":108067.35534758763}}