{"mean":{"confidence_interval":{"confidence_level":0.95,"lower_bound":56594300.4365,"upper_bound":56867635.71},"point_estimate":56733497.2,"standard_error":69543.88219735121},"median":{"confidence_interval":{"confidence_level":0.95,"lower_bound":56585368.0,"upper_bound":57042853.0},"point_estimate":56848670.5,"standard_error":128974.67030893822},"median_abs_dev":{"confidence_interval":{"confidence_level":0.95,"lower_bound":553051.3029813766,"upper_bound":909830.091047287},"point_estimate":747108.8135361671,"standard_error":91457.47946266382},"slope":null,"std_dev":{"confidence_interval":{"confidence_level":0.95,"lower_bound":602641.5062776259,"upper_bound":792245.3571920833},"point_estimate":699612.7260847801,"standard_error":48378.605377786895}}