{"mean":{"confidence_interval":{"confidence_level":0.95,"lower_bound":50369129.86525,"upper_bound":51261736.171},"point_estimate":50814848.91,"standard_error":228394.68663961915},"median":{"confidence_interval":{"confidence_level":0.95,"lower_bound":51462132.0,"upper_bound":51823556.0},"point_estimate":51614325.5,"standard_error":101055.9773145199},"median_abs_dev":{"confidence_interval":{"confidence_level":0.95,"lower_bound":581879.71816957,"upper_bound":1352199.3755936623},"point_estimate":904850.7790356874,"standard_error":215372.7536033719},"slope":null,"std_dev":{"confidence_interval":{"confidence_level":0.95,"lower_bound":1832921.6784915014,"upper_bound":2809839.317188621},"point_estimate":2312663.613193286,"standard_error":251257.8298372573}}