{"mean":{"confidence_interval":{"confidence_level":0.95,"lower_bound":51654018.1,"upper_bound":51873867.02},"point_estimate":51756614.13,"standard_error":56026.29216046157},"median":{"confidence_interval":{"confidence_level":0.95,"lower_bound":51674544.0,"upper_bound":51848796.0},"point_estimate":51721458.5,"standard_error":48231.10303161826},"median_abs_dev":{"confidence_interval":{"confidence_level":0.95,"lower_bound":301767.65734255314,"upper_bound":522941.1801159382},"point_estimate":410257.6517164707,"standard_error":54851.01304110006},"slope":null,"std_dev":{"confidence_interval":{"confidence_level":0.95,"lower_bound":369234.7205198779,"upper_bound":792215.5311236713},"point_estimate":564725.6299772172,"standard_error":123781.0664548655}}