{"mean":{"confidence_interval":{"confidence_level":0.95,"lower_bound":52947940.456499994,"upper_bound":54071890.06675},"point_estimate":53508225.12,"standard_error":288758.10561831266},"median":{"confidence_interval":{"confidence_level":0.95,"lower_bound":52183014.0,"upper_bound":54720378.0},"point_estimate":53689912.0,"standard_error":540401.8970066408},"median_abs_dev":{"confidence_interval":{"confidence_level":0.95,"lower_bound":2832677.9896324133,"upper_bound":4398516.815310717},"point_estimate":3997750.7686257362,"standard_error":400030.99550853774},"slope":null,"std_dev":{"confidence_interval":{"confidence_level":0.95,"lower_bound":2633261.689388355,"upper_bound":3130765.639828091},"point_estimate":2898761.3500062204,"standard_error":127193.15362079989}}