{"mean":{"confidence_interval":{"confidence_level":0.95,"lower_bound":54845918.055999994,"upper_bound":55302447.844},"point_estimate":55055402.04,"standard_error":116762.12622991999},"median":{"confidence_interval":{"confidence_level":0.95,"lower_bound":54975029.0,"upper_bound":55305474.0},"point_estimate":55190379.5,"standard_error":79949.18956871606},"median_abs_dev":{"confidence_interval":{"confidence_level":0.95,"lower_bound":437269.88193690777,"upper_bound":941554.0239840746},"point_estimate":573587.5365167856,"standard_error":126940.90044246097},"slope":null,"std_dev":{"confidence_interval":{"confidence_level":0.95,"lower_bound":734576.5875833804,"upper_bound":1691579.2289875757},"point_estimate":1172824.7117869058,"standard_error":287391.7444381133}}