{"mean":{"confidence_interval":{"confidence_level":0.95,"lower_bound":55405264.91375,"upper_bound":55725100.8115},"point_estimate":55565010.49,"standard_error":81541.81394758307},"median":{"confidence_interval":{"confidence_level":0.95,"lower_bound":55399615.0,"upper_bound":55760179.0},"point_estimate":55595625.0,"standard_error":82039.56285254244},"median_abs_dev":{"confidence_interval":{"confidence_level":0.95,"lower_bound":518178.3277004957,"upper_bound":843172.3962306976},"point_estimate":662957.9216301441,"standard_error":82061.5512587673},"slope":null,"std_dev":{"confidence_interval":{"confidence_level":0.95,"lower_bound":668784.9545465646,"upper_bound":962976.5615934758},"point_estimate":822016.7311441532,"standard_error":75165.83072109161}}