{"mean":{"confidence_interval":{"confidence_level":0.95,"lower_bound":43758857.385,"upper_bound":43858197.75},"point_estimate":43799757.245,"standard_error":25821.557658702757},"median":{"confidence_interval":{"confidence_level":0.95,"lower_bound":43755213.0,"upper_bound":43812762.75},"point_estimate":43786168.75,"standard_error":14117.621561471999},"median_abs_dev":{"confidence_interval":{"confidence_level":0.95,"lower_bound":80567.07711964846,"upper_bound":145120.22127360106},"point_estimate":100968.02340745926,"standard_error":16673.33355670597},"slope":null,"std_dev":{"confidence_interval":{"confidence_level":0.95,"lower_bound":105280.04076982886,"upper_bound":418519.5369967271},"point_estimate":260224.98910945829,"standard_error":103636.3160465839}}