{"mean":{"confidence_interval":{"confidence_level":0.95,"lower_bound":53525871.999249995,"upper_bound":53642249.01849999},"point_estimate":53582832.13,"standard_error":29613.245710688145},"median":{"confidence_interval":{"confidence_level":0.95,"lower_bound":53478867.0,"upper_bound":53642434.0},"point_estimate":53573597.5,"standard_error":43678.707129306116},"median_abs_dev":{"confidence_interval":{"confidence_level":0.95,"lower_bound":255921.21835649014,"upper_bound":414310.33874452114},"point_estimate":318452.09614634514,"standard_error":41146.3399265716},"slope":null,"std_dev":{"confidence_interval":{"confidence_level":0.95,"lower_bound":261370.42474741384,"upper_bound":326374.9602591513},"point_estimate":296503.67503109045,"standard_error":16639.55770545463}}