{"mean":{"confidence_interval":{"confidence_level":0.95,"lower_bound":42825409.285375,"upper_bound":42988240.662625},"point_estimate":42906326.415,"standard_error":41320.475351635156},"median":{"confidence_interval":{"confidence_level":0.95,"lower_bound":42922740.75,"upper_bound":43008557.5},"point_estimate":42958875.25,"standard_error":20494.216761143045},"median_abs_dev":{"confidence_interval":{"confidence_level":0.95,"lower_bound":148494.61881369352,"upper_bound":263344.28137220413},"point_estimate":187756.09001666307,"standard_error":30191.026785580914},"slope":null,"std_dev":{"confidence_interval":{"confidence_level":0.95,"lower_bound":312056.7158148916,"upper_bound":524301.4401114659},"point_estimate":414373.8421193815,"standard_error":55101.531996777245}}