{"mean":{"confidence_interval":{"confidence_level":0.95,"lower_bound":52748108.45,"upper_bound":53092790.417500004},"point_estimate":52905301.04,"standard_error":88268.24894519389},"median":{"confidence_interval":{"confidence_level":0.95,"lower_bound":52702046.0,"upper_bound":52975015.0},"point_estimate":52826300.0,"standard_error":76124.43358075118},"median_abs_dev":{"confidence_interval":{"confidence_level":0.95,"lower_bound":367672.1913725138,"upper_bound":690446.8077421188},"point_estimate":494845.1693147421,"standard_error":84269.87206966165},"slope":null,"std_dev":{"confidence_interval":{"confidence_level":0.95,"lower_bound":507685.8022711843,"upper_bound":1230754.1567235244},"point_estimate":887550.4368348173,"standard_error":188529.2918404782}}