{"mean":{"confidence_interval":{"confidence_level":0.95,"lower_bound":56158254.323249996,"upper_bound":56354832.23},"point_estimate":56257713.5,"standard_error":50110.51232639832},"median":{"confidence_interval":{"confidence_level":0.95,"lower_bound":56208920.0,"upper_bound":56409742.5},"point_estimate":56311322.0,"standard_error":47673.50091048876},"median_abs_dev":{"confidence_interval":{"confidence_level":0.95,"lower_bound":284664.7546961905,"upper_bound":489373.6711768806},"point_estimate":383619.7779893875,"standard_error":53946.873419928685},"slope":null,"std_dev":{"confidence_interval":{"confidence_level":0.95,"lower_bound":396750.82721974084,"upper_bound":601621.5857305403},"point_estimate":501728.4169606385,"standard_error":52692.17197428997}}