{"mean":{"confidence_interval":{"confidence_level":0.95,"lower_bound":54633777.1975,"upper_bound":55098194.45824999},"point_estimate":54854209.26,"standard_error":117944.59536474028},"median":{"confidence_interval":{"confidence_level":0.95,"lower_bound":54859991.0,"upper_bound":55127116.5},"point_estimate":54996991.0,"standard_error":64826.72770716574},"median_abs_dev":{"confidence_interval":{"confidence_level":0.95,"lower_bound":438855.522608757,"upper_bound":824949.0186542273},"point_estimate":680497.0793187618,"standard_error":93456.73816149317},"slope":null,"std_dev":{"confidence_interval":{"confidence_level":0.95,"lower_bound":753712.4024368171,"upper_bound":1668121.1143149664},"point_estimate":1192481.4157616638,"standard_error":250277.19995472176}}