{"mean":{"confidence_interval":{"confidence_level":0.95,"lower_bound":52448543.54,"upper_bound":53494196.8145},"point_estimate":52978999.76,"standard_error":266782.57710578677},"median":{"confidence_interval":{"confidence_level":0.95,"lower_bound":53726010.5,"upper_bound":54731996.0},"point_estimate":54111172.5,"standard_error":278473.3107805601},"median_abs_dev":{"confidence_interval":{"confidence_level":0.95,"lower_bound":1276597.1366033722,"upper_bound":2920453.5975515842},"point_estimate":2095966.4087891579,"standard_error":458612.4889608266},"slope":null,"std_dev":{"confidence_interval":{"confidence_level":0.95,"lower_bound":2442824.9679681873,"upper_bound":2847280.2246941845},"point_estimate":2682037.020315622,"standard_error":103418.74205603666}}