{"mean":{"confidence_interval":{"confidence_level":0.95,"lower_bound":53782201.495000005,"upper_bound":54150092.06},"point_estimate":53969010.48,"standard_error":93284.92023097092},"median":{"confidence_interval":{"confidence_level":0.95,"lower_bound":53920728.0,"upper_bound":54168229.0},"point_estimate":54068478.0,"standard_error":63673.4752483457},"median_abs_dev":{"confidence_interval":{"confidence_level":0.95,"lower_bound":353152.3485302925,"upper_bound":649854.7215952722},"point_estimate":535020.6634014845,"standard_error":73974.27668898615},"slope":null,"std_dev":{"confidence_interval":{"confidence_level":0.95,"lower_bound":666050.3892385947,"upper_bound":1208848.9579708886},"point_estimate":942497.0070016779,"standard_error":140958.26045529256}}