{"mean":{"confidence_interval":{"confidence_level":0.95,"lower_bound":51897552.3,"upper_bound":52419278.14},"point_estimate":52162996.04,"standard_error":133225.3756257704},"median":{"confidence_interval":{"confidence_level":0.95,"lower_bound":52574385.0,"upper_bound":52789724.5},"point_estimate":52665884.5,"standard_error":61116.465913815766},"median_abs_dev":{"confidence_interval":{"confidence_level":0.95,"lower_bound":357525.2771526575,"upper_bound":976740.5691593885},"point_estimate":667244.1181540489,"standard_error":162995.0310167728},"slope":null,"std_dev":{"confidence_interval":{"confidence_level":0.95,"lower_bound":1138686.2094291484,"upper_bound":1492827.1402582158},"point_estimate":1338709.294185706,"standard_error":90426.88932693808}}