{"mean":{"confidence_interval":{"confidence_level":0.95,"lower_bound":0.09340928843000001,"upper_bound":0.09755365632416035},"point_estimate":0.09557313799097256,"standard_error":0.0010577772247758362},"median":{"confidence_interval":{"confidence_level":0.95,"lower_bound":0.09443050683122367,"upper_bound":0.0974641333712083},"point_estimate":0.09601141935160173,"standard_error":0.0007726175884291011}}