{"mean":{"confidence_interval":{"confidence_level":0.95,"lower_bound":-0.0018797368840246962,"upper_bound":0.0034360670995947666},"point_estimate":0.0007635898791689133,"standard_error":0.0013483244985832226},"median":{"confidence_interval":{"confidence_level":0.95,"lower_bound":-0.001073164481438571,"upper_bound":0.0025741210597294284},"point_estimate":0.0006196694911533296,"standard_error":0.0009024347993047164}}