{"mean":{"confidence_interval":{"confidence_level":0.95,"lower_bound":-0.08403077484727073,"upper_bound":-0.08074159702530731},"point_estimate":-0.08237887662023458,"standard_error":0.0008355999221211326},"median":{"confidence_interval":{"confidence_level":0.95,"lower_bound":-0.0835847027411355,"upper_bound":-0.08013009665721693},"point_estimate":-0.08162378936421955,"standard_error":0.0008306456968131303}}