{"mean":{"confidence_interval":{"confidence_level":0.95,"lower_bound":-0.08914761526546272,"upper_bound":-0.08500113133089104},"point_estimate":-0.08705743395445042,"standard_error":0.0010655691689455161},"median":{"confidence_interval":{"confidence_level":0.95,"lower_bound":-0.09051792012149007,"upper_bound":-0.08589334078793112},"point_estimate":-0.08844314435960698,"standard_error":0.0011361906167993063}}