{"mean":{"confidence_interval":{"confidence_level":0.95,"lower_bound":-0.004534015201715959,"upper_bound":0.0018732921108924382},"point_estimate":-0.0014746568153881645,"standard_error":0.0016295500704859183},"median":{"confidence_interval":{"confidence_level":0.95,"lower_bound":-0.0033488852552302495,"upper_bound":0.00005837708905609418},"point_estimate":-0.0016414291380426604,"standard_error":0.000834990548361448}}