{"mean":{"confidence_interval":{"confidence_level":0.95,"lower_bound":-0.008673444770669253,"upper_bound":0.0032488345024668627},"point_estimate":-0.0017068383693267242,"standard_error":0.003096871669795195},"median":{"confidence_interval":{"confidence_level":0.95,"lower_bound":-0.0009403290128768838,"upper_bound":0.0030174133370877154},"point_estimate":0.0009037901606827603,"standard_error":0.0009826640817578967}}