{"mean":{"confidence_interval":{"confidence_level":0.95,"lower_bound":-0.005855044643944988,"upper_bound":-0.0001877763261559974},"point_estimate":-0.0028115750832237163,"standard_error":0.0014418662723672902},"median":{"confidence_interval":{"confidence_level":0.95,"lower_bound":-0.003758651232268262,"upper_bound":0.00021626433863097816},"point_estimate":-0.0019945330998504263,"standard_error":0.0009726812314018102}}