{"mean":{"confidence_interval":{"confidence_level":0.95,"lower_bound":-0.008164563892731201,"upper_bound":-0.0029822508918157923},"point_estimate":-0.005515606208227997,"standard_error":0.0013213021205334115},"median":{"confidence_interval":{"confidence_level":0.95,"lower_bound":-0.006991760908496181,"upper_bound":-0.004287805635367459},"point_estimate":-0.005657714226095623,"standard_error":0.0006760837968038078}}