{"mean":{"confidence_interval":{"confidence_level":0.95,"lower_bound":-0.09052892071561351,"upper_bound":-0.08728145844567814},"point_estimate":-0.08891517027207074,"standard_error":0.0008332100934052123},"median":{"confidence_interval":{"confidence_level":0.95,"lower_bound":-0.08971497479257762,"upper_bound":-0.0873222749477637},"point_estimate":-0.08864786694791749,"standard_error":0.0006053849164350006}}