{"mean":{"confidence_interval":{"confidence_level":0.95,"lower_bound":-0.08488205017216983,"upper_bound":-0.0821146230219303},"point_estimate":-0.08346092935677596,"standard_error":0.0007094453496062521},"median":{"confidence_interval":{"confidence_level":0.95,"lower_bound":-0.08475795363020922,"upper_bound":-0.08220129939673448},"point_estimate":-0.08359360999281207,"standard_error":0.0006930718807866869}}