{"mean":{"confidence_interval":{"confidence_level":0.95,"lower_bound":-0.002985615747977502,"upper_bound":0.0007617011638340216},"point_estimate":-0.0010964426701722818,"standard_error":0.000955092174267782},"median":{"confidence_interval":{"confidence_level":0.95,"lower_bound":-0.0028476096167232567,"upper_bound":0.000285346041929202},"point_estimate":-0.001355975274996979,"standard_error":0.0008015707022881259}}