{"mean":{"confidence_interval":{"confidence_level":0.95,"lower_bound":0.0017888048049178487,"upper_bound":0.014292706574560948},"point_estimate":0.007012706191150242,"standard_error":0.003366727285447579},"median":{"confidence_interval":{"confidence_level":0.95,"lower_bound":0.0009922947925726788,"upper_bound":0.004312998696317942},"point_estimate":0.0030456603372477353,"standard_error":0.0008154075101351877}}