{"mean":{"confidence_interval":{"confidence_level":0.95,"lower_bound":-0.0883372220313624,"upper_bound":-0.08559226024717322},"point_estimate":-0.0869791886650948,"standard_error":0.0006963824476594534},"median":{"confidence_interval":{"confidence_level":0.95,"lower_bound":-0.08817228910887365,"upper_bound":-0.08579930446606762},"point_estimate":-0.08723043307565992,"standard_error":0.0006213390101592991}}