{"mean":{"confidence_interval":{"confidence_level":0.95,"lower_bound":0.09768501532336414,"upper_bound":0.10525043296739417},"point_estimate":0.10184766242010168,"standard_error":0.0019162933994886812},"median":{"confidence_interval":{"confidence_level":0.95,"lower_bound":0.10047083343547225,"upper_bound":0.10367154081219732},"point_estimate":0.1025981513420966,"standard_error":0.0008376855094825203}}