{"mean":{"confidence_interval":{"confidence_level":0.95,"lower_bound":0.005624021279362229,"upper_bound":0.010048798265101126},"point_estimate":0.007628456171630438,"standard_error":0.0011344631533818184},"median":{"confidence_interval":{"confidence_level":0.95,"lower_bound":0.0039003349182389346,"upper_bound":0.006613903538097876},"point_estimate":0.005355950977649071,"standard_error":0.0006763260024616587}}