{"mean":{"confidence_interval":{"confidence_level":0.95,"lower_bound":0.004808952775057474,"upper_bound":0.00906096480228734},"point_estimate":0.007005443339497708,"standard_error":0.0010805260481045419},"median":{"confidence_interval":{"confidence_level":0.95,"lower_bound":0.005782788950089747,"upper_bound":0.00807507404870278},"point_estimate":0.006844730941135024,"standard_error":0.000584452808063538}}