{"mean":{"confidence_interval":{"confidence_level":0.95,"lower_bound":-0.00075498549633485,"upper_bound":0.005333403534963859},"point_estimate":0.0019573394094769547,"standard_error":0.0015768570079906247},"median":{"confidence_interval":{"confidence_level":0.95,"lower_bound":-0.0006609657481875607,"upper_bound":0.0020806002046399553},"point_estimate":0.0010219118644967384,"standard_error":0.0007226409685018318}}