{"mean":{"confidence_interval":{"confidence_level":0.95,"lower_bound":-0.002693395915140656,"upper_bound":0.0019847581064060702},"point_estimate":-0.0005635869380201664,"standard_error":0.0011820788564334585},"median":{"confidence_interval":{"confidence_level":0.95,"lower_bound":-0.002469678778193929,"upper_bound":0.0013728986914380847},"point_estimate":-0.0001994758280666753,"standard_error":0.0009569284169638532}}