{"mean":{"confidence_interval":{"confidence_level":0.95,"lower_bound":0.029853616557159398,"upper_bound":0.04021770168837676},"point_estimate":0.03513475309429648,"standard_error":0.0026481525003556544},"median":{"confidence_interval":{"confidence_level":0.95,"lower_bound":0.02753059165271421,"upper_bound":0.04427542937580231},"point_estimate":0.035828497767588674,"standard_error":0.004482968678909431}}