{"mean":{"confidence_interval":{"confidence_level":0.95,"lower_bound":0.09637559941841371,"upper_bound":0.10511941190275316},"point_estimate":0.1012942443644489,"standard_error":0.002252993053954317},"median":{"confidence_interval":{"confidence_level":0.95,"lower_bound":0.1029081930854252,"upper_bound":0.10721094429466005},"point_estimate":0.10458917876065188,"standard_error":0.0011242782206259793}}