{"mean":{"confidence_interval":{"confidence_level":0.95,"lower_bound":-0.09085850110554411,"upper_bound":-0.08404432134489279},"point_estimate":-0.0876585504738574,"standard_error":0.0017348762912869776},"median":{"confidence_interval":{"confidence_level":0.95,"lower_bound":-0.08896927649110475,"upper_bound":-0.0860773604742252},"point_estimate":-0.08741798060160033,"standard_error":0.0006778521234814836}}