{"mean":{"confidence_interval":{"confidence_level":0.95,"lower_bound":-0.009679855566509604,"upper_bound":-0.0051314303340764846},"point_estimate":-0.007541348231771772,"standard_error":0.0011419985671213583},"median":{"confidence_interval":{"confidence_level":0.95,"lower_bound":-0.009206101528524524,"upper_bound":-0.006979973876289569},"point_estimate":-0.008009684037607823,"standard_error":0.000551208157673879}}