{"mean":{"confidence_interval":{"confidence_level":0.95,"lower_bound":0.11776975488081831,"upper_bound":0.1217761251820692},"point_estimate":0.11975626203506917,"standard_error":0.0010209361562551124},"median":{"confidence_interval":{"confidence_level":0.95,"lower_bound":0.1171931849929162,"upper_bound":0.1205063379685618},"point_estimate":0.1186234354943898,"standard_error":0.0008649042406956456}}