{"mean":{"confidence_interval":{"confidence_level":0.95,"lower_bound":-0.0025271170058901557,"upper_bound":0.0007656360895252178},"point_estimate":-0.000931038487898328,"standard_error":0.0008535665041510768},"median":{"confidence_interval":{"confidence_level":0.95,"lower_bound":-0.003359882676781445,"upper_bound":0.00022180412010741613},"point_estimate":-0.0018781584492845171,"standard_error":0.0009732419864980274}}