{"mean":{"confidence_interval":{"confidence_level":0.95,"lower_bound":-0.003518183250465206,"upper_bound":0.000562613872182599},"point_estimate":-0.0012270808119533294,"standard_error":0.0010460522853112451},"median":{"confidence_interval":{"confidence_level":0.95,"lower_bound":-0.0012029705763417552,"upper_bound":0.0009640240781694231},"point_estimate":-0.00003400936569297741,"standard_error":0.0005704841460007702}}