{"mean":{"confidence_interval":{"confidence_level":0.95,"lower_bound":-0.001365863566152746,"upper_bound":0.004253510359169309},"point_estimate":0.0015580492332580853,"standard_error":0.0014514825268034525},"median":{"confidence_interval":{"confidence_level":0.95,"lower_bound":-0.000058934605032606605,"upper_bound":0.005348874207567055},"point_estimate":0.003032501871416571,"standard_error":0.001330098624999551}}