{"mean":{"confidence_interval":{"confidence_level":0.95,"lower_bound":-0.002104476093029431,"upper_bound":0.0009546204191424545},"point_estimate":-0.0006345337796406225,"standard_error":0.0007864478910366749},"median":{"confidence_interval":{"confidence_level":0.95,"lower_bound":-0.0018569589015834,"upper_bound":0.000493531119935442},"point_estimate":-0.00041108021943014883,"standard_error":0.0006068064296311829}}