{"mean":{"confidence_interval":{"confidence_level":0.95,"lower_bound":-0.0036396905075481434,"upper_bound":0.0020820334467330556},"point_estimate":-0.0005573315898128595,"standard_error":0.0014544016677153979},"median":{"confidence_interval":{"confidence_level":0.95,"lower_bound":0.00010232126717713008,"upper_bound":0.0022654894240485834},"point_estimate":0.0012919218171107971,"standard_error":0.0005547345112412365}}