{"mean":{"confidence_interval":{"confidence_level":0.95,"lower_bound":-0.04386826021670414,"upper_bound":-0.03037868544577036},"point_estimate":-0.03589141692105002,"standard_error":0.003532950907717059},"median":{"confidence_interval":{"confidence_level":0.95,"lower_bound":-0.0334423506827457,"upper_bound":-0.03119764369926661},"point_estimate":-0.03216073430478339,"standard_error":0.0005622397455197347}}