{"mean":{"confidence_interval":{"confidence_level":0.95,"lower_bound":0.013890018181019342,"upper_bound":0.017841478883437078},"point_estimate":0.01589700813887096,"standard_error":0.001005762071728882},"median":{"confidence_interval":{"confidence_level":0.95,"lower_bound":0.015969210807403877,"upper_bound":0.019630766859878745},"point_estimate":0.01783159806063339,"standard_error":0.0009256631283740455}}