{"mean":{"confidence_interval":{"confidence_level":0.95,"lower_bound":0.004775066802219341,"upper_bound":0.03376354718409758},"point_estimate":0.017322695164521562,"standard_error":0.007929834767233343},"median":{"confidence_interval":{"confidence_level":0.95,"lower_bound":0.0003609686411827351,"upper_bound":0.003447886127467159},"point_estimate":0.0018010240702712732,"standard_error":0.0007756922098368041}}