{"mean":{"confidence_interval":{"confidence_level":0.95,"lower_bound":0.1359676679022382,"upper_bound":0.1394291804407078},"point_estimate":0.13765652663937478,"standard_error":0.0008839517632634019},"median":{"confidence_interval":{"confidence_level":0.95,"lower_bound":0.1345598201275784,"upper_bound":0.13781325887946472},"point_estimate":0.13601102053147396,"standard_error":0.0008429656880624616}}