{"mean":{"confidence_interval":{"confidence_level":0.95,"lower_bound":0.09092785005670684,"upper_bound":0.09617153899549452},"point_estimate":0.09366321896869945,"standard_error":0.0013332195438546725},"median":{"confidence_interval":{"confidence_level":0.95,"lower_bound":0.09240121001223955,"upper_bound":0.0956187112706785},"point_estimate":0.09379564133208085,"standard_error":0.000833486642285442}}