{"mean":{"confidence_interval":{"confidence_level":0.95,"lower_bound":0.002506866335736253,"upper_bound":0.01457769565810607},"point_estimate":0.0078099105355511345,"standard_error":0.003101697864092504},"median":{"confidence_interval":{"confidence_level":0.95,"lower_bound":-0.0007858221317570413,"upper_bound":0.0018495198922727574},"point_estimate":0.0005260689282360342,"standard_error":0.0006617743536919957}}