{"mean":{"confidence_interval":{"confidence_level":0.95,"lower_bound":0.09711831684504962,"upper_bound":0.105901116352511},"point_estimate":0.10093191557091297,"standard_error":0.0022904350451545875},"median":{"confidence_interval":{"confidence_level":0.95,"lower_bound":0.09844493737049032,"upper_bound":0.10142908081243629},"point_estimate":0.10040425883525983,"standard_error":0.000752714898799607}}