{"mean":{"confidence_interval":{"confidence_level":0.95,"lower_bound":-0.0068773572888509195,"upper_bound":0.0003925068347248519},"point_estimate":-0.002870532395368386,"standard_error":0.0018605878414685714},"median":{"confidence_interval":{"confidence_level":0.95,"lower_bound":-0.0018959871450616728,"upper_bound":0.0013994270792661023},"point_estimate":-0.00032621988417158576,"standard_error":0.0008545387627703265}}