{"mean":{"confidence_interval":{"confidence_level":0.95,"lower_bound":-0.013252146162352436,"upper_bound":-0.00907850983775751},"point_estimate":-0.011106708581805513,"standard_error":0.0010667809142451171},"median":{"confidence_interval":{"confidence_level":0.95,"lower_bound":-0.013199852911960797,"upper_bound":-0.01067022601562162},"point_estimate":-0.011808704558098015,"standard_error":0.0006644185976911038}}