{"mean":{"confidence_interval":{"confidence_level":0.95,"lower_bound":-0.02624956449411329,"upper_bound":-0.016285359867207798},"point_estimate":-0.020745494871887926,"standard_error":0.002523479623814951},"median":{"confidence_interval":{"confidence_level":0.95,"lower_bound":-0.029417511218844172,"upper_bound":-0.013628649275049365},"point_estimate":-0.02144484671236291,"standard_error":0.004150935132781062}}