{"mean":{"confidence_interval":{"confidence_level":0.95,"lower_bound":0.09635997693586375,"upper_bound":0.10357359042113423},"point_estimate":0.09961396392348298,"standard_error":0.0018243904070983025},"median":{"confidence_interval":{"confidence_level":0.95,"lower_bound":0.09550825006193797,"upper_bound":0.09883535686765765},"point_estimate":0.09753685216190222,"standard_error":0.0008463592559120878}}