{"mean":{"confidence_interval":{"confidence_level":0.95,"lower_bound":0.0013316646819268088,"upper_bound":0.006055910272924179},"point_estimate":0.003642240263708185,"standard_error":0.0012150247597645968},"median":{"confidence_interval":{"confidence_level":0.95,"lower_bound":0.0016344430666450638,"upper_bound":0.005837233802494346},"point_estimate":0.0030878358843122733,"standard_error":0.0010533640042911182}}