{"mean":{"confidence_interval":{"confidence_level":0.95,"lower_bound":-0.04180523333653076,"upper_bound":-0.03796329983654564},"point_estimate":-0.03971589040361401,"standard_error":0.0009824190129454021},"median":{"confidence_interval":{"confidence_level":0.95,"lower_bound":-0.03952088286602895,"upper_bound":-0.03752219036655746},"point_estimate":-0.038457289313268195,"standard_error":0.0005022569916531163}}