{"mean":{"confidence_interval":{"confidence_level":0.95,"lower_bound":-0.01762888128644152,"upper_bound":-0.012542735579385351},"point_estimate":-0.015182845983007898,"standard_error":0.0012706350653760978},"median":{"confidence_interval":{"confidence_level":0.95,"lower_bound":-0.016345076049682515,"upper_bound":-0.01426081708446214},"point_estimate":-0.015426583511591985,"standard_error":0.0005385735315436881}}