{"mean":{"confidence_interval":{"confidence_level":0.95,"lower_bound":0.0021151452745956875,"upper_bound":0.005631614937785367},"point_estimate":0.0038785883645158226,"standard_error":0.000896270183217618},"median":{"confidence_interval":{"confidence_level":0.95,"lower_bound":0.001462140934432643,"upper_bound":0.00440370556148717},"point_estimate":0.002861553860717292,"standard_error":0.0007419523491803191}}