{"mean":{"confidence_interval":{"confidence_level":0.95,"lower_bound":-0.0020229740489459604,"upper_bound":0.0012720102871936747},"point_estimate":-0.0003344067589806654,"standard_error":0.0008372269309478464},"median":{"confidence_interval":{"confidence_level":0.95,"lower_bound":-0.0012500875029514136,"upper_bound":0.0010733780341039},"point_estimate":-0.00019681691307160687,"standard_error":0.0005884336053197494}}