{"mean":{"confidence_interval":{"confidence_level":0.95,"lower_bound":0.09777908197016628,"upper_bound":0.10225968636633496},"point_estimate":0.10002355402310403,"standard_error":0.0011423020083400385},"median":{"confidence_interval":{"confidence_level":0.95,"lower_bound":0.09665459466581106,"upper_bound":0.10006222836862277},"point_estimate":0.09835634622679557,"standard_error":0.0008846678480034458}}