{"mean":{"confidence_interval":{"confidence_level":0.95,"lower_bound":0.007775149741520837,"upper_bound":0.013785992149282455},"point_estimate":0.010678486312449609,"standard_error":0.0015177367001160068},"median":{"confidence_interval":{"confidence_level":0.95,"lower_bound":0.009209901189479286,"upper_bound":0.012171244035827478},"point_estimate":0.010896887227229035,"standard_error":0.0006730130646938683}}