{"mean":{"confidence_interval":{"confidence_level":0.95,"lower_bound":0.17300042412570152,"upper_bound":0.17857134270234104},"point_estimate":0.1756954208299446,"standard_error":0.0014418125960707605},"median":{"confidence_interval":{"confidence_level":0.95,"lower_bound":0.1722400814876337,"upper_bound":0.17631531946936252},"point_estimate":0.17459444718070016,"standard_error":0.0010676775379399779}}