{"mean":{"confidence_interval":{"confidence_level":0.95,"lower_bound":-0.0979218634983081,"upper_bound":-0.09438773144899262},"point_estimate":-0.09612714648645004,"standard_error":0.0008956846669154162},"median":{"confidence_interval":{"confidence_level":0.95,"lower_bound":-0.09736455030731583,"upper_bound":-0.09416882636718404},"point_estimate":-0.09561056539279245,"standard_error":0.00082653105025539}}