{"mean":{"confidence_interval":{"confidence_level":0.95,"lower_bound":-0.09134046674307618,"upper_bound":-0.0841323247109655},"point_estimate":-0.08833000757303644,"standard_error":0.0018778933421228954},"median":{"confidence_interval":{"confidence_level":0.95,"lower_bound":-0.092764400836996,"upper_bound":-0.08963485224510781},"point_estimate":-0.09108431018877161,"standard_error":0.0008342363478217221}}