{"mean":{"confidence_interval":{"confidence_level":0.95,"lower_bound":-0.11782030457285578,"upper_bound":-0.11568764919475014},"point_estimate":-0.11674101912872825,"standard_error":0.0005533565538533397},"median":{"confidence_interval":{"confidence_level":0.95,"lower_bound":-0.11771512360109626,"upper_bound":-0.11507941914946207},"point_estimate":-0.11667615854574509,"standard_error":0.0006956900443096115}}