{"mean":{"confidence_interval":{"confidence_level":0.95,"lower_bound":0.21015941885313286,"upper_bound":0.22713185364943175},"point_estimate":0.2197567034611292,"standard_error":0.004368141673953379},"median":{"confidence_interval":{"confidence_level":0.95,"lower_bound":0.22522239364242647,"upper_bound":0.2326727926728347},"point_estimate":0.22855218426810286,"standard_error":0.0018385387361324608}}