{"mean":{"confidence_interval":{"confidence_level":0.95,"lower_bound":-0.1484065706051389,"upper_bound":-0.14505716647078223},"point_estimate":-0.1467954212386412,"standard_error":0.0008589649269304735},"median":{"confidence_interval":{"confidence_level":0.95,"lower_bound":-0.14994150984542953,"upper_bound":-0.14729324998112903},"point_estimate":-0.14880239361791758,"standard_error":0.0006732391853330877}}