{"mean":{"confidence_interval":{"confidence_level":0.95,"lower_bound":0.19276323452569036,"upper_bound":0.20978597530138754},"point_estimate":0.20185585403326356,"standard_error":0.004379161261910106},"median":{"confidence_interval":{"confidence_level":0.95,"lower_bound":0.18626191268169734,"upper_bound":0.20761513552405098},"point_estimate":0.19684247228218354,"standard_error":0.005359030978325602}}