{"mean":{"confidence_interval":{"confidence_level":0.95,"lower_bound":-0.02888642327849004,"upper_bound":-0.023218651468245442},"point_estimate":-0.025985507641670846,"standard_error":0.0014521877029794147},"median":{"confidence_interval":{"confidence_level":0.95,"lower_bound":-0.029557047605897266,"upper_bound":-0.024290258539876985},"point_estimate":-0.026410024616632666,"standard_error":0.0013216890007586317}}