{"mean":{"confidence_interval":{"confidence_level":0.95,"lower_bound":-0.24889237100657272,"upper_bound":-0.24504338727674568},"point_estimate":-0.24693941032549438,"standard_error":0.000977552956394789},"median":{"confidence_interval":{"confidence_level":0.95,"lower_bound":-0.24611371230454004,"upper_bound":-0.2436100843398773},"point_estimate":-0.2446964754958597,"standard_error":0.0006460555026689469}}