{"mean":{"confidence_interval":{"confidence_level":0.95,"lower_bound":0.21256364408861497,"upper_bound":0.2256906270346058},"point_estimate":0.21860639074079247,"standard_error":0.0033524288931760515},"median":{"confidence_interval":{"confidence_level":0.95,"lower_bound":0.2157289021717581,"upper_bound":0.2265604570801818},"point_estimate":0.2206053694810497,"standard_error":0.0029876356413048705}}