{"mean":{"confidence_interval":{"confidence_level":0.95,"lower_bound":0.07506653612077015,"upper_bound":0.09000634960666715},"point_estimate":0.08253397905963955,"standard_error":0.00381224343488624},"median":{"confidence_interval":{"confidence_level":0.95,"lower_bound":0.09773661253292754,"upper_bound":0.11512906006460355},"point_estimate":0.10665690065700062,"standard_error":0.005204581719370132}}