{"mean":{"confidence_interval":{"confidence_level":0.95,"lower_bound":-0.1771034012786022,"upper_bound":-0.17124715630407705},"point_estimate":-0.17440449870013397,"standard_error":0.0015211903496067034},"median":{"confidence_interval":{"confidence_level":0.95,"lower_bound":-0.1788547144400141,"upper_bound":-0.17591097380156484},"point_estimate":-0.177318584687424,"standard_error":0.0007562660824531741}}