{"mean":{"confidence_interval":{"confidence_level":0.95,"lower_bound":0.39810169878557483,"upper_bound":0.4091949443710517},"point_estimate":0.4038629672985703,"standard_error":0.0029552016642162525},"median":{"confidence_interval":{"confidence_level":0.95,"lower_bound":0.39850607250216474,"upper_bound":0.4098635380908735},"point_estimate":0.4050880995799553,"standard_error":0.0030021141136656617}}