{"mean":{"confidence_interval":{"confidence_level":0.95,"lower_bound":-0.19839787143036183,"upper_bound":-0.18960907523927828},"point_estimate":-0.19383353710870554,"standard_error":0.0022508148045962367},"median":{"confidence_interval":{"confidence_level":0.95,"lower_bound":-0.1999708064615014,"upper_bound":-0.18799561561892786},"point_estimate":-0.19109410903205093,"standard_error":0.0032169038432271774}}