{"mean":{"confidence_interval":{"confidence_level":0.95,"lower_bound":0.23080697950316398,"upper_bound":0.2449762694381542},"point_estimate":0.2377921961323599,"standard_error":0.0036311355926546543},"median":{"confidence_interval":{"confidence_level":0.95,"lower_bound":0.22718326425072277,"upper_bound":0.24659071412145273},"point_estimate":0.23378008349097534,"standard_error":0.005225724482944116}}