{"mean":{"confidence_interval":{"confidence_level":0.95,"lower_bound":-0.0010564636318055598,"upper_bound":0.0032021765079573},"point_estimate":0.0011583916465984778,"standard_error":0.0010799420886960088},"median":{"confidence_interval":{"confidence_level":0.95,"lower_bound":0.0005867540941302263,"upper_bound":0.002284419099730428},"point_estimate":0.0014437354002705405,"standard_error":0.00040423462969870497}}