{"mean":{"confidence_interval":{"confidence_level":0.95,"lower_bound":-0.3771442640062752,"upper_bound":-0.3701805337457785},"point_estimate":-0.37396533634136686,"standard_error":0.0017562858393258157},"median":{"confidence_interval":{"confidence_level":0.95,"lower_bound":-0.37789968330356405,"upper_bound":-0.3693174718986316},"point_estimate":-0.3760259551674685,"standard_error":0.002380509452509363}}