{"mean":{"confidence_interval":{"confidence_level":0.95,"lower_bound":0.0036119071920585224,"upper_bound":0.007578056263253332},"point_estimate":0.005348877433464683,"standard_error":0.001023469792411348},"median":{"confidence_interval":{"confidence_level":0.95,"lower_bound":0.0008944176922101033,"upper_bound":0.004046705081931279},"point_estimate":0.0024658212176384975,"standard_error":0.0007289762100459409}}