{"mean":{"confidence_interval":{"confidence_level":0.95,"lower_bound":0.12096867767694504,"upper_bound":0.13422923870544623},"point_estimate":0.12792616311407,"standard_error":0.0033664213365649197},"median":{"confidence_interval":{"confidence_level":0.95,"lower_bound":0.11128488783601043,"upper_bound":0.13052996178291498},"point_estimate":0.11931172207967977,"standard_error":0.004213698548999678}}