{"mean":{"confidence_interval":{"confidence_level":0.95,"lower_bound":0.10616995799955115,"upper_bound":0.1123656511019358},"point_estimate":0.10933025023159892,"standard_error":0.0015836602566407958},"median":{"confidence_interval":{"confidence_level":0.95,"lower_bound":0.10937872458311793,"upper_bound":0.11527378281811562},"point_estimate":0.11321524853630227,"standard_error":0.0015673181659678177}}