{"mean":{"confidence_interval":{"confidence_level":0.95,"lower_bound":0.18057299284814018,"upper_bound":0.18274297680418228},"point_estimate":0.1816074754930066,"standard_error":0.000559576901632576},"median":{"confidence_interval":{"confidence_level":0.95,"lower_bound":0.17861664914290643,"upper_bound":0.1811883492962829},"point_estimate":0.17952066733723382,"standard_error":0.0007044246330635135}}