{"mean":{"confidence_interval":{"confidence_level":0.95,"lower_bound":0.05262371134421283,"upper_bound":0.07393687916763977},"point_estimate":0.06483350987507608,"standard_error":0.005530153667011895},"median":{"confidence_interval":{"confidence_level":0.95,"lower_bound":0.06935598082512229,"upper_bound":0.07699024690126777},"point_estimate":0.07259869010178854,"standard_error":0.0020664580058319102}}