{"mean":{"confidence_interval":{"confidence_level":0.95,"lower_bound":-0.002374789141782893,"upper_bound":-0.00039058740336282173},"point_estimate":-0.0013746637327656241,"standard_error":0.0005100798093571902},"median":{"confidence_interval":{"confidence_level":0.95,"lower_bound":-0.0010863472087967452,"upper_bound":0.0007492134897337799},"point_estimate":-0.00015092139965022788,"standard_error":0.0004655205781188169}}