{"mean":{"confidence_interval":{"confidence_level":0.95,"lower_bound":0.754970432574545,"upper_bound":0.7710809888414046},"point_estimate":0.7629929786306642,"standard_error":0.004100692312835589},"median":{"confidence_interval":{"confidence_level":0.95,"lower_bound":0.7449768544058138,"upper_bound":0.7641608693717983},"point_estimate":0.7547839947686359,"standard_error":0.004711955175227131}}