{"mean":{"confidence_interval":{"confidence_level":0.95,"lower_bound":-0.41928637626908294,"upper_bound":-0.41450961806933634},"point_estimate":-0.41737943622220086,"standard_error":0.0013694277282761632},"median":{"confidence_interval":{"confidence_level":0.95,"lower_bound":-0.41943972729032686,"upper_bound":-0.4180509425568092},"point_estimate":-0.41879910975936896,"standard_error":0.00033595444223234527}}