{"mean":{"confidence_interval":{"confidence_level":0.95,"lower_bound":0.15723863081318754,"upper_bound":0.2205160866793818},"point_estimate":0.18752752326440758,"standard_error":0.016099208894049172},"median":{"confidence_interval":{"confidence_level":0.95,"lower_bound":0.1389585757254952,"upper_bound":0.19506936481691106},"point_estimate":0.15176240658081408,"standard_error":0.012938563595638762}}