{"mean":{"confidence_interval":{"confidence_level":0.95,"lower_bound":0.0078834456291895,"upper_bound":0.0148105443517121},"point_estimate":0.011305835917537088,"standard_error":0.0017262457540439988},"median":{"confidence_interval":{"confidence_level":0.95,"lower_bound":0.005572046763544479,"upper_bound":0.013655805160705414},"point_estimate":0.009202342162003996,"standard_error":0.0020839866750320237}}