{"mean":{"confidence_interval":{"confidence_level":0.95,"lower_bound":-0.4444761678123102,"upper_bound":-0.4404226805118763},"point_estimate":-0.4423315033401878,"standard_error":0.0010348523379461127},"median":{"confidence_interval":{"confidence_level":0.95,"lower_bound":-0.4438538445301443,"upper_bound":-0.43860660708443333},"point_estimate":-0.4409261110049767,"standard_error":0.0012756346619158896}}