{"mean":{"confidence_interval":{"confidence_level":0.95,"lower_bound":0.12556534462924102,"upper_bound":0.13174039546773444},"point_estimate":0.12837460060840744,"standard_error":0.0015615983804403702},"median":{"confidence_interval":{"confidence_level":0.95,"lower_bound":0.12568332914934938,"upper_bound":0.1286061353179364},"point_estimate":0.12742230885686823,"standard_error":0.0006972977170216412}}