{"mean":{"confidence_interval":{"confidence_level":0.95,"lower_bound":0.1958221925763015,"upper_bound":0.20369214797521734},"point_estimate":0.19970420666415634,"standard_error":0.0020023255062945693},"median":{"confidence_interval":{"confidence_level":0.95,"lower_bound":0.19724638481018975,"upper_bound":0.20748002234676388},"point_estimate":0.20187794891337307,"standard_error":0.002441092309870573}}