{"mean":{"confidence_interval":{"confidence_level":0.95,"lower_bound":-0.05695258207911958,"upper_bound":-0.05046339240938421},"point_estimate":-0.0536893411209145,"standard_error":0.0016393400546173848},"median":{"confidence_interval":{"confidence_level":0.95,"lower_bound":-0.0525006262123362,"upper_bound":-0.046048432001697615},"point_estimate":-0.049284443932750444,"standard_error":0.0016191747714896564}}