{"mean":{"confidence_interval":{"confidence_level":0.95,"lower_bound":-0.2500284685510588,"upper_bound":-0.23944995807308944},"point_estimate":-0.24507495010769276,"standard_error":0.0026709241229623845},"median":{"confidence_interval":{"confidence_level":0.95,"lower_bound":-0.2514632248507467,"upper_bound":-0.24489036960242727},"point_estimate":-0.2477815278890445,"standard_error":0.0018009146409281266}}