{"mean":{"confidence_interval":{"confidence_level":0.95,"lower_bound":-0.046784717579606006,"upper_bound":-0.03523046674238049},"point_estimate":-0.0411327449000598,"standard_error":0.0029571754006859803},"median":{"confidence_interval":{"confidence_level":0.95,"lower_bound":-0.04778102577632615,"upper_bound":-0.038014509546190234},"point_estimate":-0.043020224080467795,"standard_error":0.002506818743515559}}