{"mean":{"confidence_interval":{"confidence_level":0.95,"lower_bound":0.0055912758489949374,"upper_bound":0.018872317052159835},"point_estimate":0.011402553556683293,"standard_error":0.0034082374715641668},"median":{"confidence_interval":{"confidence_level":0.95,"lower_bound":0.0038920351650044704,"upper_bound":0.008054201882768508},"point_estimate":0.0057689985149163014,"standard_error":0.0011191421023688712}}