{"mean":{"confidence_interval":{"confidence_level":0.95,"lower_bound":0.8421081283436943,"upper_bound":0.8596313879226803},"point_estimate":0.8526757982474198,"standard_error":0.004659745006312697},"median":{"confidence_interval":{"confidence_level":0.95,"lower_bound":0.8524306070532353,"upper_bound":0.8594438765895498},"point_estimate":0.8549822998576819,"standard_error":0.001694606230549252}}