{"mean":{"confidence_interval":{"confidence_level":0.95,"lower_bound":-0.31006365024217963,"upper_bound":-0.286552250216136},"point_estimate":-0.2988858658014818,"standard_error":0.0059958984647953675},"median":{"confidence_interval":{"confidence_level":0.95,"lower_bound":-0.32973165601520427,"upper_bound":-0.31791694225044687},"point_estimate":-0.32374173590554556,"standard_error":0.0028218874675837967}}