{"mean":{"confidence_interval":{"confidence_level":0.95,"lower_bound":0.12090432989734068,"upper_bound":0.12981401683238203},"point_estimate":0.12539228142406778,"standard_error":0.002273342426436576},"median":{"confidence_interval":{"confidence_level":0.95,"lower_bound":0.11932677207508346,"upper_bound":0.1296581820730649},"point_estimate":0.12508269586544474,"standard_error":0.0025039429301935206}}