{"mean":{"confidence_interval":{"confidence_level":0.95,"lower_bound":59772.02465809102,"upper_bound":61306.53567975324},"point_estimate":60355.207218782045,"standard_error":418.20147298526996},"median":{"confidence_interval":{"confidence_level":0.95,"lower_bound":59030.44501718213,"upper_bound":60710.333333333336},"point_estimate":59428.036658141515,"standard_error":415.84354543294154},"median_abs_dev":{"confidence_interval":{"confidence_level":0.95,"lower_bound":657.9321788875501,"upper_bound":1856.5826490903512},"point_estimate":1392.9677681087496,"standard_error":364.0936557317323},"slope":{"confidence_interval":{"confidence_level":0.95,"lower_bound":59089.061015705476,"upper_bound":59322.898489987136},"point_estimate":59194.81823506231,"standard_error":59.59680720994548},"std_dev":{"confidence_interval":{"confidence_level":0.95,"lower_bound":1168.924756408004,"upper_bound":7015.79005155757},"point_estimate":4203.276426846331,"standard_error":2038.4058736042568}}