{"mean":{"confidence_interval":{"confidence_level":0.95,"lower_bound":58669.86314448854,"upper_bound":58843.404126630085},"point_estimate":58753.66559007717,"standard_error":44.31876182323936},"median":{"confidence_interval":{"confidence_level":0.95,"lower_bound":58667.37666666666,"upper_bound":58885.621898759506},"point_estimate":58788.392730696796,"standard_error":63.162698114785606},"median_abs_dev":{"confidence_interval":{"confidence_level":0.95,"lower_bound":302.3067796647248,"upper_bound":520.4601485513692},"point_estimate":403.5678311685704,"standard_error":53.35207789983106},"slope":{"confidence_interval":{"confidence_level":0.95,"lower_bound":58892.79011563874,"upper_bound":59147.639215270945},"point_estimate":58997.67927639033,"standard_error":67.12764265626492},"std_dev":{"confidence_interval":{"confidence_level":0.95,"lower_bound":333.26136580140394,"upper_bound":583.6221433358754},"point_estimate":446.2143043306867,"standard_error":68.56175746170668}}