{"mean":{"confidence_interval":{"confidence_level":0.95,"lower_bound":53863.00506890252,"upper_bound":54054.05089943663},"point_estimate":53956.0852983145,"standard_error":48.76915207371031},"median":{"confidence_interval":{"confidence_level":0.95,"lower_bound":53825.245833333334,"upper_bound":54083.877493694104},"point_estimate":53949.743176538905,"standard_error":83.95117096847963},"median_abs_dev":{"confidence_interval":{"confidence_level":0.95,"lower_bound":340.94023031073715,"upper_bound":511.0551510205431},"point_estimate":420.9277146424244,"standard_error":42.3353169009092},"slope":{"confidence_interval":{"confidence_level":0.95,"lower_bound":54112.68302494012,"upper_bound":54347.341039623476},"point_estimate":54218.23641298458,"standard_error":60.239002773975336},"std_dev":{"confidence_interval":{"confidence_level":0.95,"lower_bound":380.9155900233333,"upper_bound":594.1089676899969},"point_estimate":490.5571078889686,"standard_error":54.80917865922104}}