{"mean":{"confidence_interval":{"confidence_level":0.95,"lower_bound":59747.03547898137,"upper_bound":60301.56919668566},"point_estimate":60017.24818833165,"standard_error":141.34658712194312},"median":{"confidence_interval":{"confidence_level":0.95,"lower_bound":59066.49061032864,"upper_bound":60973.5},"point_estimate":59237.414577306336,"standard_error":459.97531487528386},"median_abs_dev":{"confidence_interval":{"confidence_level":0.95,"lower_bound":567.5104488933504,"upper_bound":2049.3356608772874},"point_estimate":1180.2533207164342,"standard_error":432.66444252133306},"slope":{"confidence_interval":{"confidence_level":0.95,"lower_bound":59070.665680075384,"upper_bound":59311.41471677736},"point_estimate":59177.24049948278,"standard_error":61.21053368542459},"std_dev":{"confidence_interval":{"confidence_level":0.95,"lower_bound":1197.0978622333726,"upper_bound":1688.570354761178},"point_estimate":1421.5047726438843,"standard_error":130.98689162071636}}