{"mean":{"confidence_interval":{"confidence_level":0.95,"lower_bound":45295.875276623,"upper_bound":45666.27831975516},"point_estimate":45442.00066404026,"standard_error":97.94231908885187},"median":{"confidence_interval":{"confidence_level":0.95,"lower_bound":45304.78754578755,"upper_bound":45398.906493506496},"point_estimate":45373.65136983755,"standard_error":24.26105062895483},"median_abs_dev":{"confidence_interval":{"confidence_level":0.95,"lower_bound":138.6605751300479,"upper_bound":300.9535529328614},"point_estimate":198.42308769406478,"standard_error":43.19848803669541},"slope":{"confidence_interval":{"confidence_level":0.95,"lower_bound":45436.0051224553,"upper_bound":46328.32143667651},"point_estimate":45754.31466190969,"standard_error":252.5316969776958},"std_dev":{"confidence_interval":{"confidence_level":0.95,"lower_bound":282.7486195693535,"upper_bound":1605.4827763227788},"point_estimate":980.0449779160841,"standard_error":425.6133857011567}}