{"mean":{"confidence_interval":{"confidence_level":0.95,"lower_bound":59767.24238287878,"upper_bound":60284.6538504407},"point_estimate":60023.44033199084,"standard_error":132.0665023477609},"median":{"confidence_interval":{"confidence_level":0.95,"lower_bound":59021.99447091887,"upper_bound":60699.05952380953},"point_estimate":59135.87881014117,"standard_error":507.67237771122575},"median_abs_dev":{"confidence_interval":{"confidence_level":0.95,"lower_bound":438.5673612472164,"upper_bound":2019.0583259176726},"point_estimate":939.0428749622248,"standard_error":447.593480383141},"slope":{"confidence_interval":{"confidence_level":0.95,"lower_bound":59082.75195000687,"upper_bound":59313.841815748056},"point_estimate":59185.3687379932,"standard_error":58.93924919461376},"std_dev":{"confidence_interval":{"confidence_level":0.95,"lower_bound":1224.718821796409,"upper_bound":1413.6301436165315},"point_estimate":1325.4467120935544,"standard_error":47.95707895221741}}