{"mean":{"confidence_interval":{"confidence_level":0.95,"lower_bound":59290.32854909611,"upper_bound":59720.418247501366},"point_estimate":59482.86146764378,"standard_error":110.29470067990258},"median":{"confidence_interval":{"confidence_level":0.95,"lower_bound":59176.8,"upper_bound":59315.04391025641},"point_estimate":59238.51511815253,"standard_error":37.943812750839065},"median_abs_dev":{"confidence_interval":{"confidence_level":0.95,"lower_bound":247.31560296641354,"upper_bound":416.4887350716021},"point_estimate":338.1290052736068,"standard_error":43.00355230094693},"slope":{"confidence_interval":{"confidence_level":0.95,"lower_bound":59350.3742186542,"upper_bound":60259.21857397677},"point_estimate":59744.87911511748,"standard_error":237.14828406630986},"std_dev":{"confidence_interval":{"confidence_level":0.95,"lower_bound":568.4188407604379,"upper_bound":1545.412260077381},"point_estimate":1103.487545535535,"standard_error":252.15478601571735}}