{"mean":{"confidence_interval":{"confidence_level":0.95,"lower_bound":6883865.195142855,"upper_bound":6893126.317785716},"point_estimate":6887977.4314285675,"standard_error":2375.9440224750288},"median":{"confidence_interval":{"confidence_level":0.95,"lower_bound":6879488.571428572,"upper_bound":6883297.857142856},"point_estimate":6880761.0,"standard_error":1026.3352342547867},"median_abs_dev":{"confidence_interval":{"confidence_level":0.95,"lower_bound":4853.9264138256785,"upper_bound":9509.184431178426},"point_estimate":6365.966586981106,"standard_error":1134.7882769511036},"slope":null,"std_dev":{"confidence_interval":{"confidence_level":0.95,"lower_bound":11864.709072895637,"upper_bound":34993.94830401547},"point_estimate":23843.58323887874,"standard_error":6113.485276015972}}