{"mean":{"confidence_interval":{"confidence_level":0.95,"lower_bound":7768489.022000001,"upper_bound":7776968.900821427},"point_estimate":7772219.584285716,"standard_error":2176.063725313383},"median":{"confidence_interval":{"confidence_level":0.95,"lower_bound":7765034.428571428,"upper_bound":7768525.428571429},"point_estimate":7767019.285714285,"standard_error":859.6424102337979},"median_abs_dev":{"confidence_interval":{"confidence_level":0.95,"lower_bound":4913.3363127708435,"upper_bound":8866.167585095218},"point_estimate":6547.796883753466,"standard_error":1056.949043943478},"slope":null,"std_dev":{"confidence_interval":{"confidence_level":0.95,"lower_bound":9934.515822414753,"upper_bound":32454.119228902946},"point_estimate":21851.59026243532,"standard_error":5998.664895694459}}