{"mean":{"confidence_interval":{"confidence_level":0.95,"lower_bound":6878343.181321428,"upper_bound":6887390.987964284},"point_estimate":6882231.739999997,"standard_error":2333.673298125849},"median":{"confidence_interval":{"confidence_level":0.95,"lower_bound":6875809.428571428,"upper_bound":6879149.714285715},"point_estimate":6877065.714285715,"standard_error":936.8874127740436},"median_abs_dev":{"confidence_interval":{"confidence_level":0.95,"lower_bound":5256.02870668664,"upper_bound":8576.523147735883},"point_estimate":7074.755274398183,"standard_error":876.8592857701698},"slope":null,"std_dev":{"confidence_interval":{"confidence_level":0.95,"lower_bound":7819.786215624569,"upper_bound":35162.218794337656},"point_estimate":23401.541603776062,"standard_error":7371.332392595239}}