{"mean":{"confidence_interval":{"confidence_level":0.95,"lower_bound":7778977.315000001,"upper_bound":7787022.704357144},"point_estimate":7782538.004285719,"standard_error":2073.870958966762},"median":{"confidence_interval":{"confidence_level":0.95,"lower_bound":7776411.142857143,"upper_bound":7780195.357142857},"point_estimate":7777571.357142857,"standard_error":936.2448438616718},"median_abs_dev":{"confidence_interval":{"confidence_level":0.95,"lower_bound":5649.301587204953,"upper_bound":10282.36031745112},"point_estimate":8645.146346517873,"standard_error":1220.519768222107},"slope":null,"std_dev":{"confidence_interval":{"confidence_level":0.95,"lower_bound":10182.049601467224,"upper_bound":31126.947345669327},"point_estimate":20922.086524755472,"standard_error":5748.6737487041055}}