{"mean":{"confidence_interval":{"confidence_level":0.95,"lower_bound":7773895.611,"upper_bound":7780385.727392856},"point_estimate":7776598.605714286,"standard_error":1680.3688943279053},"median":{"confidence_interval":{"confidence_level":0.95,"lower_bound":7771970.785714285,"upper_bound":7775173.5},"point_estimate":7773691.928571429,"standard_error":1065.0099473130285},"median_abs_dev":{"confidence_interval":{"confidence_level":0.95,"lower_bound":4876.37721342621,"upper_bound":9155.054837465286},"point_estimate":6581.684883152722,"standard_error":1129.4975160053266},"slope":null,"std_dev":{"confidence_interval":{"confidence_level":0.95,"lower_bound":7260.733084229663,"upper_bound":26516.340407505722},"point_estimate":16856.636496737596,"standard_error":6156.00437455119}}