{"mean":{"confidence_interval":{"confidence_level":0.95,"lower_bound":7774919.312999997,"upper_bound":7785259.062178573},"point_estimate":7778981.542857145,"standard_error":2730.694827808643},"median":{"confidence_interval":{"confidence_level":0.95,"lower_bound":7772184.0,"upper_bound":7775210.285714285},"point_estimate":7773931.142857143,"standard_error":846.5573215262558},"median_abs_dev":{"confidence_interval":{"confidence_level":0.95,"lower_bound":4305.046723570537,"upper_bound":7587.734865290975},"point_estimate":5762.3365976978785,"standard_error":846.8723418579015},"slope":null,"std_dev":{"confidence_interval":{"confidence_level":0.95,"lower_bound":7426.850380490064,"upper_bound":44753.443470622},"point_estimate":27316.450406465803,"standard_error":11879.215410356881}}