{"mean":{"confidence_interval":{"confidence_level":0.95,"lower_bound":7775138.999892853,"upper_bound":7787474.556357139},"point_estimate":7780407.205714283,"standard_error":3171.7146467638763},"median":{"confidence_interval":{"confidence_level":0.95,"lower_bound":7772661.142857143,"upper_bound":7775323.857142857},"point_estimate":7773933.214285715,"standard_error":737.7629686803596},"median_abs_dev":{"confidence_interval":{"confidence_level":0.95,"lower_bound":4762.217015453649,"upper_bound":8483.966549379682},"point_estimate":6640.459382107688,"standard_error":920.7863974248023},"slope":null,"std_dev":{"confidence_interval":{"confidence_level":0.95,"lower_bound":9659.797894330342,"upper_bound":48029.3176934024},"point_estimate":31720.451601154895,"standard_error":10013.347484531452}}