{"mean":{"confidence_interval":{"confidence_level":0.95,"lower_bound":7786876.923107143,"upper_bound":7835664.845214285},"point_estimate":7808748.271428573,"standard_error":12571.89248727055},"median":{"confidence_interval":{"confidence_level":0.95,"lower_bound":7772732.0,"upper_bound":7776662.285714285},"point_estimate":7774353.142857143,"standard_error":844.6292627334519},"median_abs_dev":{"confidence_interval":{"confidence_level":0.95,"lower_bound":6313.122487919474,"upper_bound":10168.729619468666},"point_estimate":8593.467147435165,"standard_error":994.5621831419526},"slope":null,"std_dev":{"confidence_interval":{"confidence_level":0.95,"lower_bound":56629.12503728044,"upper_bound":179505.20008043735},"point_estimate":126353.55262942515,"standard_error":31137.448896575173}}