{"mean":{"confidence_interval":{"confidence_level":0.95,"lower_bound":14098959.181875,"upper_bound":14293219.9925},"point_estimate":14180758.325,"standard_error":50272.42230600355},"median":{"confidence_interval":{"confidence_level":0.95,"lower_bound":14035431.0,"upper_bound":14048152.0},"point_estimate":14039785.375,"standard_error":3520.864551280113},"median_abs_dev":{"confidence_interval":{"confidence_level":0.95,"lower_bound":17559.358113259077,"upper_bound":37052.448206562534},"point_estimate":24848.93153384328,"standard_error":5098.202637979234},"slope":null,"std_dev":{"confidence_interval":{"confidence_level":0.95,"lower_bound":172707.5474947227,"upper_bound":793446.876101996},"point_estimate":503808.8723898208,"standard_error":174299.25894643128}}