{"mean":{"confidence_interval":{"confidence_level":0.95,"lower_bound":7789229.195535715,"upper_bound":7829042.729464285},"point_estimate":7806975.218571425,"standard_error":10220.037770551588},"median":{"confidence_interval":{"confidence_level":0.95,"lower_bound":7775311.785714285,"upper_bound":7780619.571428572},"point_estimate":7777444.428571429,"standard_error":1305.5773832425512},"median_abs_dev":{"confidence_interval":{"confidence_level":0.95,"lower_bound":6244.764039133162,"upper_bound":11304.528279304102},"point_estimate":8907.142941866208,"standard_error":1236.616174709671},"slope":null,"std_dev":{"confidence_interval":{"confidence_level":0.95,"lower_bound":50357.96519012216,"upper_bound":149264.0073048766},"point_estimate":103044.98591171856,"standard_error":25811.844331144457}}