{"mean":{"confidence_interval":{"confidence_level":0.95,"lower_bound":6911718.350428571,"upper_bound":6942945.239642859},"point_estimate":6926524.934285716,"standard_error":7954.001057265169},"median":{"confidence_interval":{"confidence_level":0.95,"lower_bound":6881962.142857143,"upper_bound":6893452.0},"point_estimate":6884723.0,"standard_error":2942.866200320184},"median_abs_dev":{"confidence_interval":{"confidence_level":0.95,"lower_bound":9504.101231268573,"upper_bound":25417.678063745163},"point_estimate":13723.474856359815,"standard_error":4039.5478723355714},"slope":null,"std_dev":{"confidence_interval":{"confidence_level":0.95,"lower_bound":59522.15680606714,"upper_bound":97847.0293721997},"point_estimate":79855.95556711068,"standard_error":9819.912988322925}}