{"mean":{"confidence_interval":{"confidence_level":0.95,"lower_bound":14062800.422875,"upper_bound":14215560.8480625},"point_estimate":14126422.3,"standard_error":39671.95356357803},"median":{"confidence_interval":{"confidence_level":0.95,"lower_bound":14031617.0,"upper_bound":14042017.75},"point_estimate":14034781.0,"standard_error":2648.1362221411346},"median_abs_dev":{"confidence_interval":{"confidence_level":0.95,"lower_bound":15096.574231982231,"upper_bound":27863.61325532198},"point_estimate":22685.26219725609,"standard_error":3491.1616421699264},"slope":null,"std_dev":{"confidence_interval":{"confidence_level":0.95,"lower_bound":128910.1889264031,"upper_bound":632669.1893901598},"point_estimate":399999.05493250594,"standard_error":144497.5374277995}}