{"mean":{"confidence_interval":{"confidence_level":0.95,"lower_bound":7792102.371642857,"upper_bound":7849967.247035707},"point_estimate":7817654.497142854,"standard_error":14840.194185054817},"median":{"confidence_interval":{"confidence_level":0.95,"lower_bound":7772134.285714285,"upper_bound":7776394.928571429},"point_estimate":7774312.0,"standard_error":1055.7238334066276},"median_abs_dev":{"confidence_interval":{"confidence_level":0.95,"lower_bound":6231.0499893763545,"upper_bound":12760.560590954956},"point_estimate":8948.549841131877,"standard_error":1605.6642153189343},"slope":null,"std_dev":{"confidence_interval":{"confidence_level":0.95,"lower_bound":75576.17213648403,"upper_bound":217035.08045629816},"point_estimate":148835.8926519146,"standard_error":37768.29690507011}}