{"mean":{"confidence_interval":{"confidence_level":0.95,"lower_bound":6883694.995785714,"upper_bound":6936884.055321427},"point_estimate":6902372.234285713,"standard_error":16201.294335225764},"median":{"confidence_interval":{"confidence_level":0.95,"lower_bound":6879739.214285715,"upper_bound":6885778.285714285},"point_estimate":6883140.285714285,"standard_error":1547.7501380658466},"median_abs_dev":{"confidence_interval":{"confidence_level":0.95,"lower_bound":8879.503042357785,"upper_bound":14847.82043139888},"point_estimate":11478.818496209742,"standard_error":1522.9445424491835},"slope":null,"std_dev":{"confidence_interval":{"confidence_level":0.95,"lower_bound":12877.848975585768,"upper_bound":279196.62600858003},"point_estimate":163294.7832036798,"standard_error":94690.61843173033}}