{"mean":{"confidence_interval":{"confidence_level":0.95,"lower_bound":6887372.067535717,"upper_bound":6947979.3318214305},"point_estimate":6913109.442857141,"standard_error":15606.417785732023},"median":{"confidence_interval":{"confidence_level":0.95,"lower_bound":6881322.571428572,"upper_bound":6884363.642857144},"point_estimate":6882845.785714285,"standard_error":664.8598618432476},"median_abs_dev":{"confidence_interval":{"confidence_level":0.95,"lower_bound":4951.35441209569,"upper_bound":8523.996748669004},"point_estimate":7026.888475248384,"standard_error":832.0160273740644},"slope":null,"std_dev":{"confidence_interval":{"confidence_level":0.95,"lower_bound":20296.12301228827,"upper_bound":247474.71361222854},"point_estimate":157516.67433386992,"standard_error":56472.68430877491}}