{"mean":{"confidence_interval":{"confidence_level":0.95,"lower_bound":6881030.47503571,"upper_bound":6887821.644928572},"point_estimate":6884093.255714283,"standard_error":1740.3034979598228},"median":{"confidence_interval":{"confidence_level":0.95,"lower_bound":6877852.642857143,"upper_bound":6880326.571428572},"point_estimate":6879263.071428571,"standard_error":726.0304077938041},"median_abs_dev":{"confidence_interval":{"confidence_level":0.95,"lower_bound":4431.597221322633,"upper_bound":8952.468141060735},"point_estimate":6306.874388030696,"standard_error":1135.3708428575262},"slope":null,"std_dev":{"confidence_interval":{"confidence_level":0.95,"lower_bound":9193.842982809541,"upper_bound":25042.86926652728},"point_estimate":17537.672657690862,"standard_error":4201.469471279151}}