{"mean":{"confidence_interval":{"confidence_level":0.95,"lower_bound":7773163.999892852,"upper_bound":7780645.076892851},"point_estimate":7776396.019999997,"standard_error":1937.84682627522},"median":{"confidence_interval":{"confidence_level":0.95,"lower_bound":7772065.142857144,"upper_bound":7774154.428571428},"point_estimate":7772937.857142857,"standard_error":614.5076123062082},"median_abs_dev":{"confidence_interval":{"confidence_level":0.95,"lower_bound":3873.2924312353134,"upper_bound":7584.981465339661},"point_estimate":5477.042002763462,"standard_error":971.6713867904053},"slope":null,"std_dev":{"confidence_interval":{"confidence_level":0.95,"lower_bound":6842.367087383828,"upper_bound":29305.668269841753},"point_estimate":19388.675598089634,"standard_error":6032.44994625932}}