{"mean":{"confidence_interval":{"confidence_level":0.95,"lower_bound":7812873.2600714285,"upper_bound":7881236.932214284},"point_estimate":7844192.364285711,"standard_error":17538.153087473427},"median":{"confidence_interval":{"confidence_level":0.95,"lower_bound":7775853.714285715,"upper_bound":7783535.285714285},"point_estimate":7777627.857142857,"standard_error":1899.033391029326},"median_abs_dev":{"confidence_interval":{"confidence_level":0.95,"lower_bound":8912.956851763773,"upper_bound":19496.18965387206},"point_estimate":11808.90879034996,"standard_error":2499.8774057260835},"slope":null,"std_dev":{"confidence_interval":{"confidence_level":0.95,"lower_bound":107399.4976101442,"upper_bound":239339.06843800205},"point_estimate":175770.078816744,"standard_error":34267.25823923323}}