{"mean":{"confidence_interval":{"confidence_level":0.95,"lower_bound":7818925.537999999,"upper_bound":7882139.868535708},"point_estimate":7848246.535714283,"standard_error":16174.538301194869},"median":{"confidence_interval":{"confidence_level":0.95,"lower_bound":7776964.928571428,"upper_bound":7784387.571428571},"point_estimate":7781092.5,"standard_error":2113.480107688051},"median_abs_dev":{"confidence_interval":{"confidence_level":0.95,"lower_bound":9580.878729905795,"upper_bound":22385.777002573013},"point_estimate":16229.916011861491,"standard_error":3601.936318701138},"slope":null,"std_dev":{"confidence_interval":{"confidence_level":0.95,"lower_bound":103085.65148431763,"upper_bound":212972.98515499377},"point_estimate":162995.96801165043,"standard_error":28026.745827516985}}