{"mean":{"confidence_interval":{"confidence_level":0.95,"lower_bound":6880875.37192857,"upper_bound":6910888.765035712},"point_estimate":6891736.727142855,"standard_error":8430.505552640121},"median":{"confidence_interval":{"confidence_level":0.95,"lower_bound":6876696.071428572,"upper_bound":6880469.928571429},"point_estimate":6878533.071428571,"standard_error":903.3952817621393},"median_abs_dev":{"confidence_interval":{"confidence_level":0.95,"lower_bound":4925.620712552357,"upper_bound":9079.654038803721},"point_estimate":6919.9294771454115,"standard_error":1040.1806429338658},"slope":null,"std_dev":{"confidence_interval":{"confidence_level":0.95,"lower_bound":9909.998147038228,"upper_bound":143320.4014416787},"point_estimate":84620.63503335582,"standard_error":44522.33943225562}}