{"mean":{"confidence_interval":{"confidence_level":0.95,"lower_bound":6597930.72596875,"upper_bound":6643818.10271875},"point_estimate":6619422.94625,"standard_error":11735.220603632912},"median":{"confidence_interval":{"confidence_level":0.95,"lower_bound":6563461.375,"upper_bound":6572884.875},"point_estimate":6566796.25,"standard_error":2346.422701646687},"median_abs_dev":{"confidence_interval":{"confidence_level":0.95,"lower_bound":8913.391041755676,"upper_bound":20620.56104203686},"point_estimate":13450.239623710513,"standard_error":2731.471668626381},"slope":null,"std_dev":{"confidence_interval":{"confidence_level":0.95,"lower_bound":81389.8450459763,"upper_bound":153650.7580927266},"point_estimate":117903.18940123571,"standard_error":18814.2227535432}}