{"mean":{"confidence_interval":{"confidence_level":0.95,"lower_bound":-0.11505837195849138,"upper_bound":-0.11318359384935103},"point_estimate":-0.1140471214748997,"standard_error":0.0004790421746262191},"median":{"confidence_interval":{"confidence_level":0.95,"lower_bound":-0.11448566319630393,"upper_bound":-0.11378178092985014},"point_estimate":-0.11405633836852125,"standard_error":0.0001771732292581083}}