{"mean":{"confidence_interval":{"confidence_level":0.95,"lower_bound":0.12506941732120236,"upper_bound":0.13385648778908937},"point_estimate":0.128894699165514,"standard_error":0.0021793995660432755},"median":{"confidence_interval":{"confidence_level":0.95,"lower_bound":0.12519319001763107,"upper_bound":0.1263163174738029},"point_estimate":0.1257188354181793,"standard_error":0.0002776288495814852}}