{"mean":{"confidence_interval":{"confidence_level":0.95,"lower_bound":-0.00849469583522929,"upper_bound":-0.003916830398143012},"point_estimate":-0.006125969223239158,"standard_error":0.0011710692202258665},"median":{"confidence_interval":{"confidence_level":0.95,"lower_bound":-0.002059950852007719,"upper_bound":-0.00034872441399880216},"point_estimate":-0.0007930498542104703,"standard_error":0.000441026629995627}}