{"mean":{"confidence_interval":{"confidence_level":0.95,"lower_bound":-0.01724359281115864,"upper_bound":-0.007548381328885834},"point_estimate":-0.012173990712433858,"standard_error":0.002477507732661655},"median":{"confidence_interval":{"confidence_level":0.95,"lower_bound":-0.0010802123883139059,"upper_bound":0.000014184354435897717},"point_estimate":-0.0004565775510492198,"standard_error":0.0002747706891644418}}