{"mean":{"confidence_interval":{"confidence_level":0.95,"lower_bound":-0.049635059173487574,"upper_bound":-0.039225365182187166},"point_estimate":-0.04467760809064347,"standard_error":0.0027231397094307427},"median":{"confidence_interval":{"confidence_level":0.95,"lower_bound":-0.05801037283347393,"upper_bound":-0.04536835830153463},"point_estimate":-0.051716176391935154,"standard_error":0.0029133342118598275}}