{"mean":{"confidence_interval":{"confidence_level":0.95,"lower_bound":-0.11694751232592862,"upper_bound":-0.10757933564789973},"point_estimate":-0.11223531090747318,"standard_error":0.0023967752891261057},"median":{"confidence_interval":{"confidence_level":0.95,"lower_bound":-0.11515879772721893,"upper_bound":-0.11424833802875256},"point_estimate":-0.11478771098057317,"standard_error":0.00024544477528536205}}