{"mean":{"confidence_interval":{"confidence_level":0.95,"lower_bound":0.003626066900698699,"upper_bound":0.009768668728285766},"point_estimate":0.006269555407015792,"standard_error":0.001491087022312986},"median":{"confidence_interval":{"confidence_level":0.95,"lower_bound":0.0008850678463450672,"upper_bound":0.0019984440291955785},"point_estimate":0.0013566666694235785,"standard_error":0.00026636792961692255}}