{"mean":{"confidence_interval":{"confidence_level":0.95,"lower_bound":1.037342192198373,"upper_bound":1.0412913888824444},"point_estimate":1.0391972006742916,"standard_error":0.001005130758976585},"median":{"confidence_interval":{"confidence_level":0.95,"lower_bound":1.0381874770120576,"upper_bound":1.0392047907792277},"point_estimate":1.038773101825614,"standard_error":0.0002483083835389742}}