{"mean":{"confidence_interval":{"confidence_level":0.95,"lower_bound":-0.0037127004415841596,"upper_bound":0.009290801704864612},"point_estimate":0.002710218762220329,"standard_error":0.0032966541348889715},"median":{"confidence_interval":{"confidence_level":0.95,"lower_bound":0.0005430002682382806,"upper_bound":0.0013195213008982964},"point_estimate":0.0008972663648068036,"standard_error":0.000194469480518098}}