{"mean":{"confidence_interval":{"confidence_level":0.95,"lower_bound":-0.004920439706927939,"upper_bound":0.005664139505217442},"point_estimate":0.0008330435673808978,"standard_error":0.0027188918997467634},"median":{"confidence_interval":{"confidence_level":0.95,"lower_bound":0.004539046980248651,"upper_bound":0.005838446070156156},"point_estimate":0.005176064915468848,"standard_error":0.0003091984531016521}}