{"mean":{"confidence_interval":{"confidence_level":0.95,"lower_bound":-0.0015332719890760653,"upper_bound":0.001704068099095551},"point_estimate":-4.303546233264122e-6,"standard_error":0.0008223294080763095},"median":{"confidence_interval":{"confidence_level":0.95,"lower_bound":0.0005012886070443479,"upper_bound":0.0009657833908596203},"point_estimate":0.0007031989316410581,"standard_error":0.00011689666731120006}}