{"mean":{"confidence_interval":{"confidence_level":0.95,"lower_bound":0.1334163196500234,"upper_bound":0.14152144409279888},"point_estimate":0.1372016289321334,"standard_error":0.002071772611498169},"median":{"confidence_interval":{"confidence_level":0.95,"lower_bound":0.12930964383778054,"upper_bound":0.13049803546799144},"point_estimate":0.1298877686379769,"standard_error":0.0002954709812017456}}