{"mean":{"confidence_interval":{"confidence_level":0.95,"lower_bound":-0.0036110625099654305,"upper_bound":0.003933734615030149},"point_estimate":0.00017267666727383002,"standard_error":0.001920065085586516},"median":{"confidence_interval":{"confidence_level":0.95,"lower_bound":-0.0008067006613280414,"upper_bound":0.00012518734721828694},"point_estimate":-0.0003682625343681689,"standard_error":0.00023319712703798393}}