{"mean":{"confidence_interval":{"confidence_level":0.95,"lower_bound":-0.22846043799066745,"upper_bound":-0.22319016937363648},"point_estimate":-0.225452783109388,"standard_error":0.0013523211528686254},"median":{"confidence_interval":{"confidence_level":0.95,"lower_bound":-0.22496121784751155,"upper_bound":-0.22379501120009804},"point_estimate":-0.22440938300810476,"standard_error":0.00029364309331273293}}