{"mean":{"confidence_interval":{"confidence_level":0.95,"lower_bound":-0.004434637882744102,"upper_bound":-0.0014780006862537525},"point_estimate":-0.0028462992869729975,"standard_error":0.0007580733031643212},"median":{"confidence_interval":{"confidence_level":0.95,"lower_bound":-0.000865199397835692,"upper_bound":-0.00033484249905535446},"point_estimate":-0.0006279024186655047,"standard_error":0.00014001856469776847}}