{"mean":{"confidence_interval":{"confidence_level":0.95,"lower_bound":-0.006089637590198411,"upper_bound":0.006578149291310398},"point_estimate":0.0003253354917049922,"standard_error":0.0032521154903497867},"median":{"confidence_interval":{"confidence_level":0.95,"lower_bound":-0.000641666130411092,"upper_bound":0.0009799086742234842},"point_estimate":0.00031741828780473824,"standard_error":0.00041368078866556296}}