{"mean":{"confidence_interval":{"confidence_level":0.95,"lower_bound":-0.1109524619733295,"upper_bound":-0.10155339647884619},"point_estimate":-0.10689121360988718,"standard_error":0.0022366523564397098},"median":{"confidence_interval":{"confidence_level":0.95,"lower_bound":-0.11529371906194405,"upper_bound":-0.114149650791184},"point_estimate":-0.11487966562809226,"standard_error":0.0002614066209006295}}