{"mean":{"confidence_interval":{"confidence_level":0.95,"lower_bound":-0.01506831035711849,"upper_bound":-0.006035700482409351},"point_estimate":-0.010339310937948487,"standard_error":0.002314267971624284},"median":{"confidence_interval":{"confidence_level":0.95,"lower_bound":-0.0012979694971978484,"upper_bound":-0.00044792608292760626},"point_estimate":-0.0007475429871036665,"standard_error":0.00021704798891268034}}