{"mean":{"confidence_interval":{"confidence_level":0.95,"lower_bound":-0.005663561275118334,"upper_bound":0.0030347500630161337},"point_estimate":-0.0017058557094490334,"standard_error":0.0022403213690212025},"median":{"confidence_interval":{"confidence_level":0.95,"lower_bound":-0.01162268067815364,"upper_bound":-0.009736326717392956},"point_estimate":-0.01066546498125942,"standard_error":0.0004673098979002677}}