{"mean":{"confidence_interval":{"confidence_level":0.95,"lower_bound":0.12616808413859018,"upper_bound":0.12910520161555666},"point_estimate":0.12771658717493217,"standard_error":0.0007476068005221978},"median":{"confidence_interval":{"confidence_level":0.95,"lower_bound":0.12748061888851603,"upper_bound":0.12857890705391273},"point_estimate":0.12807861186306813,"standard_error":0.00027565448706061245}}