{"mean":{"confidence_interval":{"confidence_level":0.95,"lower_bound":0.13178217342354873,"upper_bound":0.13499528812089956},"point_estimate":0.13331179794267545,"standard_error":0.0008546506934300471},"median":{"confidence_interval":{"confidence_level":0.95,"lower_bound":0.13150812582900073,"upper_bound":0.13236115111436053},"point_estimate":0.13195130288609458,"standard_error":0.00021229522668689147}}