{"mean":{"confidence_interval":{"confidence_level":0.95,"lower_bound":0.12128339440548137,"upper_bound":0.1274769325379522},"point_estimate":0.1246186542834633,"standard_error":0.0015858041764773242},"median":{"confidence_interval":{"confidence_level":0.95,"lower_bound":0.1279526472197836,"upper_bound":0.12951749636608678},"point_estimate":0.12891060433975676,"standard_error":0.0003948295056700435}}