{"mean":{"confidence_interval":{"confidence_level":0.95,"lower_bound":0.0025424927792368833,"upper_bound":0.0191638009507961},"point_estimate":0.00949190382422116,"standard_error":0.004347981353772982},"median":{"confidence_interval":{"confidence_level":0.95,"lower_bound":-0.0016677308609815977,"upper_bound":-0.00013806952572115172},"point_estimate":-0.0009772597990794774,"standard_error":0.00040948501418896875}}