{"mean":{"confidence_interval":{"confidence_level":0.95,"lower_bound":0.11877199881153552,"upper_bound":0.12673893164500344},"point_estimate":0.12304863843727376,"standard_error":0.0020321423501234847},"median":{"confidence_interval":{"confidence_level":0.95,"lower_bound":0.13006200807341806,"upper_bound":0.13092301008633833},"point_estimate":0.13045737486313103,"standard_error":0.00021844759890229622}}