{"mean":{"confidence_interval":{"confidence_level":0.95,"lower_bound":0.12324118172265063,"upper_bound":0.12898843470350232},"point_estimate":0.12637190452273228,"standard_error":0.001473851518042123},"median":{"confidence_interval":{"confidence_level":0.95,"lower_bound":0.1291697816624584,"upper_bound":0.1298511512135161},"point_estimate":0.12958228768391855,"standard_error":0.0001744039479027468}}