{"mean":{"confidence_interval":{"confidence_level":0.95,"lower_bound":0.02996097663009471,"upper_bound":0.03925957722697535},"point_estimate":0.034559246626350015,"standard_error":0.0023651470746239582},"median":{"confidence_interval":{"confidence_level":0.95,"lower_bound":0.04332864294191663,"upper_bound":0.04489383480922382},"point_estimate":0.044239847879055993,"standard_error":0.0004068338228108714}}