{"mean":{"confidence_interval":{"confidence_level":0.95,"lower_bound":0.006142900394705298,"upper_bound":0.01478056451558631},"point_estimate":0.010856085368607715,"standard_error":0.0022134912152222477},"median":{"confidence_interval":{"confidence_level":0.95,"lower_bound":0.0029982864102364726,"upper_bound":0.004594669301355814},"point_estimate":0.0036180041860769396,"standard_error":0.0004451100350951371}}