{"mean":{"confidence_interval":{"confidence_level":0.95,"lower_bound":0.0032060854185618215,"upper_bound":0.00986344477417786},"point_estimate":0.0063367713385216184,"standard_error":0.0016783506882044517},"median":{"confidence_interval":{"confidence_level":0.95,"lower_bound":0.00018426177754271578,"upper_bound":0.00102495151136206},"point_estimate":0.0004719828561541295,"standard_error":0.00021313170942588303}}