{"mean":{"confidence_interval":{"confidence_level":0.95,"lower_bound":0.004163553437503227,"upper_bound":0.012770296331139247},"point_estimate":0.008164785130963859,"standard_error":0.0022651226976003187},"median":{"confidence_interval":{"confidence_level":0.95,"lower_bound":0.000016100388796941356,"upper_bound":0.0011336666462777867},"point_estimate":0.000343878919856655,"standard_error":0.00028149430444761027}}