{"mean":{"confidence_interval":{"confidence_level":0.95,"lower_bound":0.0001038631639447285,"upper_bound":0.0017697974276722867},"point_estimate":0.0008425981636444035,"standard_error":0.00041511301792069465},"median":{"confidence_interval":{"confidence_level":0.95,"lower_bound":0.0003759240579748191,"upper_bound":0.0010869994123172688},"point_estimate":0.0006780688532126433,"standard_error":0.00018470224362117813}}