{"mean":{"confidence_interval":{"confidence_level":0.95,"lower_bound":-0.11523382184445186,"upper_bound":-0.11294292974804115},"point_estimate":-0.11428440269966311,"standard_error":0.0005981935028349234},"median":{"confidence_interval":{"confidence_level":0.95,"lower_bound":-0.11547458908384689,"upper_bound":-0.11509064133210634},"point_estimate":-0.11531676585472728,"standard_error":0.00009639933998457376}}