{"mean":{"confidence_interval":{"confidence_level":0.95,"lower_bound":-0.11731571490973645,"upper_bound":-0.11100581430348827},"point_estimate":-0.11405204141666003,"standard_error":0.0016220175096866064},"median":{"confidence_interval":{"confidence_level":0.95,"lower_bound":-0.1144578550637746,"upper_bound":-0.11314939095925802},"point_estimate":-0.11393737430380979,"standard_error":0.00033399655543981017}}