{"mean":{"confidence_interval":{"confidence_level":0.95,"lower_bound":-0.12666000713060424,"upper_bound":-0.11895799416915492},"point_estimate":-0.12253351210204821,"standard_error":0.001971903006173738},"median":{"confidence_interval":{"confidence_level":0.95,"lower_bound":-0.11620497200803737,"upper_bound":-0.1151926697204233},"point_estimate":-0.11552247063211263,"standard_error":0.00024031537233995935}}