{"mean":{"confidence_interval":{"confidence_level":0.95,"lower_bound":0.7839475255673916,"upper_bound":0.7982933269035588},"point_estimate":0.7919641764279843,"standard_error":0.003702162974397946},"median":{"confidence_interval":{"confidence_level":0.95,"lower_bound":0.8020488019777727,"upper_bound":0.8037237255066774},"point_estimate":0.8028952337234472,"standard_error":0.00041437957034294164}}