{"mean":{"confidence_interval":{"confidence_level":0.95,"lower_bound":-0.014394913289127991,"upper_bound":-0.003566163699527164},"point_estimate":-0.008677217214360211,"standard_error":0.0027625885459824956},"median":{"confidence_interval":{"confidence_level":0.95,"lower_bound":-0.0010118675621055302,"upper_bound":0.00019759336036724668},"point_estimate":-0.00044527218129819524,"standard_error":0.00032279986425076527}}