{"mean":{"confidence_interval":{"confidence_level":0.95,"lower_bound":-0.11298883780217471,"upper_bound":-0.11127623353695928},"point_estimate":-0.11209213323151235,"standard_error":0.00043909834473569205},"median":{"confidence_interval":{"confidence_level":0.95,"lower_bound":-0.1125707385484912,"upper_bound":-0.11092731200138406},"point_estimate":-0.11189372033289668,"standard_error":0.0004222613475578483}}