{"mean":{"confidence_interval":{"confidence_level":0.95,"lower_bound":-0.00723684174460518,"upper_bound":0.0034667909895516763},"point_estimate":-0.0013729520757287395,"standard_error":0.0027605398959325957},"median":{"confidence_interval":{"confidence_level":0.95,"lower_bound":-0.0019452623020287385,"upper_bound":-0.0011040235705744952},"point_estimate":-0.0015246562927186957,"standard_error":0.0002098237352639653}}