{"mean":{"confidence_interval":{"confidence_level":0.95,"lower_bound":-0.0002079559552401854,"upper_bound":0.005498462696976249},"point_estimate":0.0024436376001921722,"standard_error":0.0014738971582330398},"median":{"confidence_interval":{"confidence_level":0.95,"lower_bound":-0.0005503157817088843,"upper_bound":3.2711459092560347e-6},"point_estimate":-0.0002320883865053469,"standard_error":0.00013280342561028554}}