{"mean":{"confidence_interval":{"confidence_level":0.95,"lower_bound":0.13704020583923895,"upper_bound":0.13971442458065358},"point_estimate":0.1384454537062787,"standard_error":0.0006827741965949715},"median":{"confidence_interval":{"confidence_level":0.95,"lower_bound":0.1400728824890507,"upper_bound":0.1413353930644703},"point_estimate":0.1408966471140336,"standard_error":0.0003114514714903988}}