{"mean":{"confidence_interval":{"confidence_level":0.95,"lower_bound":-0.1210837721759951,"upper_bound":-0.11107388214266936},"point_estimate":-0.11618925677406622,"standard_error":0.0025427275107011956},"median":{"confidence_interval":{"confidence_level":0.95,"lower_bound":-0.11587290596716325,"upper_bound":-0.11476400550364618},"point_estimate":-0.1153460776876769,"standard_error":0.00029513210511198274}}