{"mean":{"confidence_interval":{"confidence_level":0.95,"lower_bound":0.00002023443337652666,"upper_bound":0.008709256512562083},"point_estimate":0.0040174987351493385,"standard_error":0.0022314175664213806},"median":{"confidence_interval":{"confidence_level":0.95,"lower_bound":0.00029056581127963647,"upper_bound":0.000821422802234073},"point_estimate":0.0005313365170716011,"standard_error":0.00013593404416923556}}