{"mean":{"confidence_interval":{"confidence_level":0.95,"lower_bound":0.006955967584716567,"upper_bound":0.016920951152900245},"point_estimate":0.01172133311264445,"standard_error":0.002497587322442762},"median":{"confidence_interval":{"confidence_level":0.95,"lower_bound":-0.00031886546330262,"upper_bound":0.0009412136503581341},"point_estimate":0.00011763620266713737,"standard_error":0.00029292715460109013}}