{"mean":{"confidence_interval":{"confidence_level":0.95,"lower_bound":0.004541235815507092,"upper_bound":0.013673639387287504},"point_estimate":0.009011696717357243,"standard_error":0.002418245502150354},"median":{"confidence_interval":{"confidence_level":0.95,"lower_bound":0.0008533407199404763,"upper_bound":0.0020107622117135904},"point_estimate":0.0014709908480243783,"standard_error":0.0002716875144933188}}