{"mean":{"confidence_interval":{"confidence_level":0.95,"lower_bound":-0.013050089982722904,"upper_bound":-0.004819538180654676},"point_estimate":-0.008653982573566754,"standard_error":0.002103496769743945},"median":{"confidence_interval":{"confidence_level":0.95,"lower_bound":-0.00009631510555840883,"upper_bound":0.0008444094608019981},"point_estimate":0.0004209301792426068,"standard_error":0.00023939240205776786}}