{"mean":{"confidence_interval":{"confidence_level":0.95,"lower_bound":0.003126594776084064,"upper_bound":0.007749946854030493},"point_estimate":0.005790579363267989,"standard_error":0.00119575591739413},"median":{"confidence_interval":{"confidence_level":0.95,"lower_bound":0.006323247967060075,"upper_bound":0.00832433276920086},"point_estimate":0.007322193068828309,"standard_error":0.0004985964875168176}}