{"mean":{"confidence_interval":{"confidence_level":0.95,"lower_bound":0.791000814846459,"upper_bound":0.8155546087597628},"point_estimate":0.8027709836308039,"standard_error":0.006376733025382753},"median":{"confidence_interval":{"confidence_level":0.95,"lower_bound":0.8038358638586882,"upper_bound":0.8052828316825489},"point_estimate":0.8044733250993785,"standard_error":0.0003660782795333355}}