{"mean":{"confidence_interval":{"confidence_level":0.95,"lower_bound":1837762.066744396,"upper_bound":1843920.422633687},"point_estimate":1840459.7990958702,"standard_error":1585.3920575128327},"median":{"confidence_interval":{"confidence_level":0.95,"lower_bound":1836774.3055555555,"upper_bound":1838284.86458616},"point_estimate":1837910.587179487,"standard_error":428.6998965766849},"median_abs_dev":{"confidence_interval":{"confidence_level":0.95,"lower_bound":2982.50164732178,"upper_bound":5784.549122303724},"point_estimate":4106.201827100386,"standard_error":742.2409352615008},"slope":{"confidence_interval":{"confidence_level":0.95,"lower_bound":1837859.1707538262,"upper_bound":1841539.8459938914},"point_estimate":1839576.4623585045,"standard_error":942.0577437664907},"std_dev":{"confidence_interval":{"confidence_level":0.95,"lower_bound":6342.51536441908,"upper_bound":23652.885848603393},"point_estimate":15918.085927270327,"standard_error":4441.134885684474}}