{"mean":{"confidence_interval":{"confidence_level":0.95,"lower_bound":1871523.3525878943,"upper_bound":1884553.4921757746},"point_estimate":1877713.8352279947,"standard_error":3320.09408314166},"median":{"confidence_interval":{"confidence_level":0.95,"lower_bound":1864416.1705128206,"upper_bound":1876244.7875},"point_estimate":1870465.3663838813,"standard_error":3213.4485124270605},"median_abs_dev":{"confidence_interval":{"confidence_level":0.95,"lower_bound":16734.363847419616,"upper_bound":30044.476420412862},"point_estimate":22976.04857354809,"standard_error":3610.1228935316026},"slope":{"confidence_interval":{"confidence_level":0.95,"lower_bound":1872021.8841315068,"upper_bound":1885851.2628425758},"point_estimate":1878651.5231624057,"standard_error":3535.9487871352926},"std_dev":{"confidence_interval":{"confidence_level":0.95,"lower_bound":24176.959280160296,"upper_bound":42937.85640647578},"point_estimate":33248.91235081045,"standard_error":4957.556611344238}}