{"mean":{"confidence_interval":{"confidence_level":0.95,"lower_bound":1786194.2548479135,"upper_bound":1820122.522797989},"point_estimate":1800325.289539334,"standard_error":8973.058766912958},"median":{"confidence_interval":{"confidence_level":0.95,"lower_bound":1783988.4838709678,"upper_bound":1785751.1208584337},"point_estimate":1784884.2592592593,"standard_error":368.0071466831894},"median_abs_dev":{"confidence_interval":{"confidence_level":0.95,"lower_bound":2799.350041341742,"upper_bound":4469.300780500686},"point_estimate":3697.8901849119547,"standard_error":420.073266571807},"slope":{"confidence_interval":{"confidence_level":0.95,"lower_bound":1785883.8283965134,"upper_bound":1803908.5839276612},"point_estimate":1793371.669655682,"standard_error":4683.889161338329},"std_dev":{"confidence_interval":{"confidence_level":0.95,"lower_bound":8375.797893646528,"upper_bound":140266.14321006837},"point_estimate":90279.48706732453,"standard_error":34650.19708208099}}