{"mean":{"confidence_interval":{"confidence_level":0.95,"lower_bound":1790714.3883085097,"upper_bound":1794252.4401699307},"point_estimate":1792255.6886806188,"standard_error":909.7502780726567},"median":{"confidence_interval":{"confidence_level":0.95,"lower_bound":1790118.3226905065,"upper_bound":1791424.018507638},"point_estimate":1790674.4907586505,"standard_error":355.2318820927294},"median_abs_dev":{"confidence_interval":{"confidence_level":0.95,"lower_bound":2672.7656488644225,"upper_bound":5444.380697224532},"point_estimate":3887.8091529028147,"standard_error":678.9905476557914},"slope":{"confidence_interval":{"confidence_level":0.95,"lower_bound":1790682.6398848419,"upper_bound":1792122.7631942825},"point_estimate":1791367.1255977538,"standard_error":367.19741397872315},"std_dev":{"confidence_interval":{"confidence_level":0.95,"lower_bound":4629.500234350882,"upper_bound":13929.173497375448},"point_estimate":9178.757242591972,"standard_error":2853.1277627699887}}