{"mean":{"confidence_interval":{"confidence_level":0.95,"lower_bound":0.5063612025728614,"upper_bound":0.5339631464192285},"point_estimate":0.5198935489823173,"standard_error":0.007061107761092299},"median":{"confidence_interval":{"confidence_level":0.95,"lower_bound":0.4956039958170675,"upper_bound":0.5223496520652653},"point_estimate":0.5050976798138525,"standard_error":0.006363676683698176}}