{"mean":{"confidence_interval":{"confidence_level":0.95,"lower_bound":-0.36040096898065915,"upper_bound":-0.348483980066401},"point_estimate":-0.35433955445871346,"standard_error":0.003064983965491938},"median":{"confidence_interval":{"confidence_level":0.95,"lower_bound":-0.3637530776174711,"upper_bound":-0.34088572888449414},"point_estimate":-0.35195531114054823,"standard_error":0.005763913749784054}}