{"mean":{"confidence_interval":{"confidence_level":0.95,"lower_bound":-0.011567521041022258,"upper_bound":-0.00856612116712075},"point_estimate":-0.009988792175443906,"standard_error":0.0007644719014834305},"median":{"confidence_interval":{"confidence_level":0.95,"lower_bound":-0.010582818886541001,"upper_bound":-0.007981437870406727},"point_estimate":-0.009203167174108517,"standard_error":0.0007246753343836602}}