{"mean":{"confidence_interval":{"confidence_level":0.95,"lower_bound":-0.008909686054648388,"upper_bound":-0.004397298971349784},"point_estimate":-0.0066586476087009405,"standard_error":0.0011490203710642392},"median":{"confidence_interval":{"confidence_level":0.95,"lower_bound":-0.009019749745748373,"upper_bound":-0.004275322147267446},"point_estimate":-0.0072608419105892885,"standard_error":0.0012434788005762877}}