{"mean":{"confidence_interval":{"confidence_level":0.95,"lower_bound":0.0013980104058793801,"upper_bound":0.004849658882211726},"point_estimate":0.0031179893381005908,"standard_error":0.0008749112462186556},"median":{"confidence_interval":{"confidence_level":0.95,"lower_bound":0.0028407768037577164,"upper_bound":0.00379688839310395},"point_estimate":0.0034759641926900287,"standard_error":0.0002499384809909004}}