{"mean":{"confidence_interval":{"confidence_level":0.95,"lower_bound":-0.0013348569144814608,"upper_bound":0.00030267630038023884},"point_estimate":-0.00048305962175998474,"standard_error":0.0004148735422048931},"median":{"confidence_interval":{"confidence_level":0.95,"lower_bound":-0.00125395106692483,"upper_bound":0.00030132107981484246},"point_estimate":-0.0003816415520324634,"standard_error":0.0004156343991356035}}