{"mean":{"confidence_interval":{"confidence_level":0.95,"lower_bound":0.003173737542174044,"upper_bound":0.011266086359137244},"point_estimate":0.0069532236692668725,"standard_error":0.0020294270417466837},"median":{"confidence_interval":{"confidence_level":0.95,"lower_bound":0.003421768041441897,"upper_bound":0.0056261483774415755},"point_estimate":0.0046976213149090285,"standard_error":0.0005586208968744907}}