{"mean":{"confidence_interval":{"confidence_level":0.95,"lower_bound":0.003817482294914734,"upper_bound":0.012661292206020695},"point_estimate":0.008028192151069424,"standard_error":0.002249456047041866},"median":{"confidence_interval":{"confidence_level":0.95,"lower_bound":-0.004732003392134532,"upper_bound":0.01283135969318594},"point_estimate":0.0027661957558642314,"standard_error":0.004426067291281244}}