{"mean":{"confidence_interval":{"confidence_level":0.95,"lower_bound":-0.040016600662089376,"upper_bound":-0.034086744203694196},"point_estimate":-0.037002799698442224,"standard_error":0.001513038346721671},"median":{"confidence_interval":{"confidence_level":0.95,"lower_bound":-0.03657899713903068,"upper_bound":-0.03046022369378732},"point_estimate":-0.03363947268417211,"standard_error":0.001532938715618435}}