{"mean":{"confidence_interval":{"confidence_level":0.95,"lower_bound":-0.07511070439364508,"upper_bound":-0.06292714903094743},"point_estimate":-0.06895186193957725,"standard_error":0.003117964734752464},"median":{"confidence_interval":{"confidence_level":0.95,"lower_bound":-0.07738359205335787,"upper_bound":-0.060063234938387625},"point_estimate":-0.07094173959965933,"standard_error":0.004275680039678283}}