{"mean":{"confidence_interval":{"confidence_level":0.95,"lower_bound":-0.18996188694204608,"upper_bound":-0.17948706690123087},"point_estimate":-0.1846976440515401,"standard_error":0.0027080274136787345},"median":{"confidence_interval":{"confidence_level":0.95,"lower_bound":-0.18939159999449884,"upper_bound":-0.17723572475946459},"point_estimate":-0.18264617467077016,"standard_error":0.0031802704128663342}}