{"mean":{"confidence_interval":{"confidence_level":0.95,"lower_bound":-0.0034914581530613273,"upper_bound":0.002535077529773476},"point_estimate":-0.00038391906724988267,"standard_error":0.0015412027774885692},"median":{"confidence_interval":{"confidence_level":0.95,"lower_bound":-0.005796895884816133,"upper_bound":-0.0016611296033652856},"point_estimate":-0.003801289883513026,"standard_error":0.001042037802268653}}