{"mean":{"confidence_interval":{"confidence_level":0.95,"lower_bound":0.06949866569907778,"upper_bound":0.07624854955926154},"point_estimate":0.0726770346719614,"standard_error":0.0017190967037687317},"median":{"confidence_interval":{"confidence_level":0.95,"lower_bound":0.06995815874829248,"upper_bound":0.07716137832510861},"point_estimate":0.07378452300074323,"standard_error":0.0019614006692245255}}