{"mean":{"confidence_interval":{"confidence_level":0.95,"lower_bound":-0.065523202893719,"upper_bound":-0.05193780087409152},"point_estimate":-0.058356283748306925,"standard_error":0.003479307485602086},"median":{"confidence_interval":{"confidence_level":0.95,"lower_bound":-0.06113678871446704,"upper_bound":-0.04716033155291288},"point_estimate":-0.0526741460532828,"standard_error":0.0035409110015947962}}