{"mean":{"confidence_interval":{"confidence_level":0.95,"lower_bound":-0.001971600969575767,"upper_bound":0.0009196150936984223},"point_estimate":-0.0005778731330722264,"standard_error":0.0007362530681682856},"median":{"confidence_interval":{"confidence_level":0.95,"lower_bound":-0.000712903577299695,"upper_bound":0.000039906853917637264},"point_estimate":-0.0003178275148654208,"standard_error":0.00019860360124479234}}