{"mean":{"confidence_interval":{"confidence_level":0.95,"lower_bound":0.00006888758685677041,"upper_bound":0.004046601618402732},"point_estimate":0.0017649162613357916,"standard_error":0.0010085891920314717},"median":{"confidence_interval":{"confidence_level":0.95,"lower_bound":-4.973699930466147e-6,"upper_bound":0.0010469782228412772},"point_estimate":0.0004704191112565592,"standard_error":0.0002727521847927045}}