{"mean":{"confidence_interval":{"confidence_level":0.95,"lower_bound":-0.0012620666721263494,"upper_bound":0.004954103310768196},"point_estimate":0.0016350688926465295,"standard_error":0.0015833836153329628},"median":{"confidence_interval":{"confidence_level":0.95,"lower_bound":-0.0003935004879709325,"upper_bound":0.0016253639440086953},"point_estimate":0.00033858455671698096,"standard_error":0.0004920034846964118}}