{"mean":{"confidence_interval":{"confidence_level":0.95,"lower_bound":-0.018689223240942243,"upper_bound":0.006864324458925264},"point_estimate":-0.005335023670164585,"standard_error":0.00651331083948212},"median":{"confidence_interval":{"confidence_level":0.95,"lower_bound":-0.009910476941709212,"upper_bound":0.008425047343051665},"point_estimate":-0.0018786762728811857,"standard_error":0.004836428385837612}}