{"mean":{"confidence_interval":{"confidence_level":0.95,"lower_bound":-0.029854029774423283,"upper_bound":-0.020395533413959832},"point_estimate":-0.0245531314276366,"standard_error":0.002437250694786753},"median":{"confidence_interval":{"confidence_level":0.95,"lower_bound":-0.0234279778584916,"upper_bound":-0.01947369958844114},"point_estimate":-0.020622940219982455,"standard_error":0.001060018274816053}}