{"mean":{"confidence_interval":{"confidence_level":0.95,"lower_bound":0.044500195747994874,"upper_bound":0.05269220469636327},"point_estimate":0.04801688640271928,"standard_error":0.0020861389409771638},"median":{"confidence_interval":{"confidence_level":0.95,"lower_bound":0.03915828744595329,"upper_bound":0.05000226268196184},"point_estimate":0.045253890878420355,"standard_error":0.0022527278260606274}}