{"mean":{"confidence_interval":{"confidence_level":0.95,"lower_bound":-0.0053361638757419005,"upper_bound":-0.0035858370632037406},"point_estimate":-0.0044474378412148186,"standard_error":0.0004459922188280923},"median":{"confidence_interval":{"confidence_level":0.95,"lower_bound":-0.004606855763075004,"upper_bound":-0.0038331148917568614},"point_estimate":-0.004188619815295502,"standard_error":0.0001905994539031309}}