{"mean":{"confidence_interval":{"confidence_level":0.95,"lower_bound":-0.024706927821473535,"upper_bound":-0.016257256282718475},"point_estimate":-0.020127963839066898,"standard_error":0.002164347722885576},"median":{"confidence_interval":{"confidence_level":0.95,"lower_bound":-0.016156514927258003,"upper_bound":-0.011744457267060637},"point_estimate":-0.013453648132599971,"standard_error":0.001062779053469151}}