{"mean":{"confidence_interval":{"confidence_level":0.95,"lower_bound":0.047561171057688055,"upper_bound":0.058943000738198865},"point_estimate":0.05359650318562448,"standard_error":0.002944233701712952},"median":{"confidence_interval":{"confidence_level":0.95,"lower_bound":0.0415074451666988,"upper_bound":0.05015870144091439},"point_estimate":0.04547747056774032,"standard_error":0.0023460690957735225}}