{"mean":{"confidence_interval":{"confidence_level":0.95,"lower_bound":-0.06584956501032153,"upper_bound":-0.051831645913042},"point_estimate":-0.058942246650805497,"standard_error":0.003584763368850189},"median":{"confidence_interval":{"confidence_level":0.95,"lower_bound":-0.06711854144262275,"upper_bound":-0.05841576802132242},"point_estimate":-0.06395010393261502,"standard_error":0.0022920243645554524}}