{"mean":{"confidence_interval":{"confidence_level":0.95,"lower_bound":0.0017890227379358582,"upper_bound":0.004669234462514564},"point_estimate":0.003248714813294473,"standard_error":0.0007361222815141505},"median":{"confidence_interval":{"confidence_level":0.95,"lower_bound":0.0002532686380027904,"upper_bound":0.003583517062190067},"point_estimate":0.0017397442018654008,"standard_error":0.0008068266092717243}}