{"mean":{"confidence_interval":{"confidence_level":0.95,"lower_bound":-0.0031420237276598316,"upper_bound":0.008689429377998341},"point_estimate":0.001695749640363342,"standard_error":0.0032253026618848895},"median":{"confidence_interval":{"confidence_level":0.95,"lower_bound":-0.005373197827491238,"upper_bound":-0.000461477425089174},"point_estimate":-0.002454631512842087,"standard_error":0.00138476009296976}}