{"mean":{"confidence_interval":{"confidence_level":0.95,"lower_bound":0.04002529410185055,"upper_bound":0.05060688706519745},"point_estimate":0.045256039037944396,"standard_error":0.002688459432450054},"median":{"confidence_interval":{"confidence_level":0.95,"lower_bound":0.032147511828998,"upper_bound":0.04698380193097096},"point_estimate":0.03791161225725315,"standard_error":0.0038284064287915265}}