{"mean":{"confidence_interval":{"confidence_level":0.95,"lower_bound":0.006869784985220828,"upper_bound":0.011468606620255893},"point_estimate":0.009081949911545983,"standard_error":0.0011964407724758602},"median":{"confidence_interval":{"confidence_level":0.95,"lower_bound":0.0046193519472876865,"upper_bound":0.010277933158131747},"point_estimate":0.007996399354460948,"standard_error":0.0014675147127051205}}