{"mean":{"confidence_interval":{"confidence_level":0.95,"lower_bound":0.036976437590690726,"upper_bound":0.04472830750976619},"point_estimate":0.04118076932214443,"standard_error":0.001979022253024176},"median":{"confidence_interval":{"confidence_level":0.95,"lower_bound":0.04379828868736224,"upper_bound":0.04794614830480404},"point_estimate":0.04587330633270437,"standard_error":0.0010951214379887845}}