{"mean":{"confidence_interval":{"confidence_level":0.95,"lower_bound":-0.030490010819240257,"upper_bound":-0.02423619417683739},"point_estimate":-0.027250261451338242,"standard_error":0.0015952165820790913},"median":{"confidence_interval":{"confidence_level":0.95,"lower_bound":-0.027542693383414307,"upper_bound":-0.019014617044368576},"point_estimate":-0.02264669980679801,"standard_error":0.0021794486090018672}}