{"mean":{"confidence_interval":{"confidence_level":0.95,"lower_bound":0.04883028671952979,"upper_bound":0.06637009704632552},"point_estimate":0.05750379108330517,"standard_error":0.004486499256971922},"median":{"confidence_interval":{"confidence_level":0.95,"lower_bound":0.0486986511290798,"upper_bound":0.077769641414694},"point_estimate":0.06688072347719953,"standard_error":0.007451874938309231}}