{"mean":{"confidence_interval":{"confidence_level":0.95,"lower_bound":-0.010495889467040534,"upper_bound":0.007641183614291936},"point_estimate":-0.0014667378789254837,"standard_error":0.004602824442798355},"median":{"confidence_interval":{"confidence_level":0.95,"lower_bound":-0.01521629824624139,"upper_bound":0.014641887358143535},"point_estimate":-0.0017848026665796546,"standard_error":0.007519782473972201}}