{"mean":{"confidence_interval":{"confidence_level":0.95,"lower_bound":0.041775446531623794,"upper_bound":0.056694169361753984},"point_estimate":0.048645822513936565,"standard_error":0.0038771058899277695},"median":{"confidence_interval":{"confidence_level":0.95,"lower_bound":0.03584001208002596,"upper_bound":0.04978676523582104},"point_estimate":0.04143097921170891,"standard_error":0.003613639853582241}}