{"mean":{"confidence_interval":{"confidence_level":0.95,"lower_bound":0.04779273728942286,"upper_bound":0.052663846024789546},"point_estimate":0.04985800735395318,"standard_error":0.001241808222971979},"median":{"confidence_interval":{"confidence_level":0.95,"lower_bound":0.04786520095845326,"upper_bound":0.05085369823690433},"point_estimate":0.0494131050004083,"standard_error":0.000695761455770384}}