{"mean":{"confidence_interval":{"confidence_level":0.95,"lower_bound":-0.04793553811554439,"upper_bound":-0.0433552598472269},"point_estimate":-0.04551146582273746,"standard_error":0.0011749456372534776},"median":{"confidence_interval":{"confidence_level":0.95,"lower_bound":-0.045325832250795006,"upper_bound":-0.04162888769373563},"point_estimate":-0.043507918802576206,"standard_error":0.0008996479426995069}}