{"mean":{"confidence_interval":{"confidence_level":0.95,"lower_bound":-0.03469025746175403,"upper_bound":-0.02330697593467192},"point_estimate":-0.029094390151490845,"standard_error":0.0029084336262775257},"median":{"confidence_interval":{"confidence_level":0.95,"lower_bound":-0.03114431575968213,"upper_bound":-0.01331207403123913},"point_estimate":-0.023748644621666815,"standard_error":0.004414590168622995}}