{"mean":{"confidence_interval":{"confidence_level":0.95,"lower_bound":-0.007925177997771619,"upper_bound":0.005548766321930087},"point_estimate":-0.0015514614084243261,"standard_error":0.0034583199776005488},"median":{"confidence_interval":{"confidence_level":0.95,"lower_bound":-0.007855787183813412,"upper_bound":0.006937591120492225},"point_estimate":0.00037091534169619855,"standard_error":0.0036003656270718856}}