{"mean":{"confidence_interval":{"confidence_level":0.95,"lower_bound":-0.0040109883088626334,"upper_bound":0.00009370297702969153},"point_estimate":-0.001934227411545364,"standard_error":0.001042411866683322},"median":{"confidence_interval":{"confidence_level":0.95,"lower_bound":-0.0014285857195790118,"upper_bound":-0.0004652517477335557},"point_estimate":-0.0008954743128137821,"standard_error":0.00024441900401724694}}