{"mean":{"confidence_interval":{"confidence_level":0.95,"lower_bound":-0.0727207258881909,"upper_bound":-0.06773971460443455},"point_estimate":-0.06996804394387723,"standard_error":0.0012753179827078875},"median":{"confidence_interval":{"confidence_level":0.95,"lower_bound":-0.07197050954400963,"upper_bound":-0.06905834904886277},"point_estimate":-0.07058717053421604,"standard_error":0.0007214474515937211}}