{"mean":{"confidence_interval":{"confidence_level":0.95,"lower_bound":0.0022207523862897262,"upper_bound":0.0064943294612908875},"point_estimate":0.003894747376923746,"standard_error":0.001094306288217901},"median":{"confidence_interval":{"confidence_level":0.95,"lower_bound":0.0012291751162245568,"upper_bound":0.004062152411822722},"point_estimate":0.002406903447341069,"standard_error":0.0007542424981506468}}