{"mean":{"confidence_interval":{"confidence_level":0.95,"lower_bound":0.038220067729465186,"upper_bound":0.04292645477967209},"point_estimate":0.040749290754378276,"standard_error":0.0012044853353630912},"median":{"confidence_interval":{"confidence_level":0.95,"lower_bound":0.040272953656882854,"upper_bound":0.04422846687979239},"point_estimate":0.04225255407796613,"standard_error":0.0010380320392081276}}