{"mean":{"confidence_interval":{"confidence_level":0.95,"lower_bound":0.031124641211519883,"upper_bound":0.039935801740527056},"point_estimate":0.03499528328206147,"standard_error":0.002199240127610051},"median":{"confidence_interval":{"confidence_level":0.95,"lower_bound":0.028288505543070608,"upper_bound":0.03736403520992493},"point_estimate":0.0325945560770482,"standard_error":0.0022397094279437615}}