{"mean":{"confidence_interval":{"confidence_level":0.95,"lower_bound":0.01855347336375129,"upper_bound":0.026325469574885938},"point_estimate":0.022579526716616005,"standard_error":0.0019530888139273382},"median":{"confidence_interval":{"confidence_level":0.95,"lower_bound":0.022363677578943086,"upper_bound":0.026897342513221734},"point_estimate":0.024413738791636774,"standard_error":0.0011748339657030337}}