{"mean":{"confidence_interval":{"confidence_level":0.95,"lower_bound":1537444.3615285687,"upper_bound":1542156.8974006234},"point_estimate":1539708.48660532,"standard_error":1201.765038784944},"median":{"confidence_interval":{"confidence_level":0.95,"lower_bound":1537303.4621875,"upper_bound":1543700.4},"point_estimate":1540818.8404761904,"standard_error":1598.4929978391556},"median_abs_dev":{"confidence_interval":{"confidence_level":0.95,"lower_bound":7133.282673359147,"upper_bound":14037.544738604385},"point_estimate":11594.067699164163,"standard_error":1810.7618677473044},"slope":{"confidence_interval":{"confidence_level":0.95,"lower_bound":1532316.5817736546,"upper_bound":1538081.4550214594},"point_estimate":1534925.887232156,"standard_error":1477.8189411788737},"std_dev":{"confidence_interval":{"confidence_level":0.95,"lower_bound":9037.307826352391,"upper_bound":15010.261115280142},"point_estimate":12049.571718127274,"standard_error":1540.3543781543754}}