{"mean":{"confidence_interval":{"confidence_level":0.95,"lower_bound":1375236.5713754762,"upper_bound":1381816.1821733841},"point_estimate":1377672.598782561,"standard_error":1839.4354212030596},"median":{"confidence_interval":{"confidence_level":0.95,"lower_bound":1374188.2508710802,"upper_bound":1375976.6666666665},"point_estimate":1375431.9777472527,"standard_error":517.9532622067458},"median_abs_dev":{"confidence_interval":{"confidence_level":0.95,"lower_bound":2554.683458395383,"upper_bound":3941.9767261697034},"point_estimate":3279.2099086504,"standard_error":352.4585580777504},"slope":{"confidence_interval":{"confidence_level":0.95,"lower_bound":1374686.4364371623,"upper_bound":1376603.6113729796},"point_estimate":1375569.8196157825,"standard_error":489.68163059036135},"std_dev":{"confidence_interval":{"confidence_level":0.95,"lower_bound":3590.3436263806266,"upper_bound":31292.402138219855},"point_estimate":18554.874739754196,"standard_error":9572.699347313162}}