{"mean":{"confidence_interval":{"confidence_level":0.95,"lower_bound":1540978.0272272436,"upper_bound":1544580.2559983036},"point_estimate":1542652.330369528,"standard_error":923.3844331660704},"median":{"confidence_interval":{"confidence_level":0.95,"lower_bound":1539327.9215686275,"upper_bound":1541203.3157894737},"point_estimate":1540623.9029900334,"standard_error":486.21878826356476},"median_abs_dev":{"confidence_interval":{"confidence_level":0.95,"lower_bound":2750.235752272433,"upper_bound":4856.453269018114},"point_estimate":3742.1522917453385,"standard_error":541.591309236221},"slope":{"confidence_interval":{"confidence_level":0.95,"lower_bound":1540804.9606627326,"upper_bound":1544936.960171611},"point_estimate":1542681.0684084527,"standard_error":1060.0024055278805},"std_dev":{"confidence_interval":{"confidence_level":0.95,"lower_bound":6124.436349645566,"upper_bound":11926.238894372345},"point_estimate":9282.68773988534,"standard_error":1482.4489806852205}}