{"mean":{"confidence_interval":{"confidence_level":0.95,"lower_bound":593351.6037589444,"upper_bound":599232.8606991565},"point_estimate":595920.892478115,"standard_error":1516.322629150373},"median":{"confidence_interval":{"confidence_level":0.95,"lower_bound":592315.0078125,"upper_bound":592846.0555555555},"point_estimate":592534.705487805,"standard_error":120.99830340605232},"median_abs_dev":{"confidence_interval":{"confidence_level":0.95,"lower_bound":805.5736067333219,"upper_bound":1454.9495185451947},"point_estimate":1183.036430216488,"standard_error":168.53599040241548},"slope":{"confidence_interval":{"confidence_level":0.95,"lower_bound":593225.618435397,"upper_bound":600131.4881340071},"point_estimate":595901.245209103,"standard_error":1842.5016817277562},"std_dev":{"confidence_interval":{"confidence_level":0.95,"lower_bound":6237.19819609657,"upper_bound":22767.64598500457},"point_estimate":15323.600363868825,"standard_error":4388.779098577237}}