{"mean":{"confidence_interval":{"confidence_level":0.95,"lower_bound":521369.7177638585,"upper_bound":522090.4954963924},"point_estimate":521726.6724318417,"standard_error":182.3423932334042},"median":{"confidence_interval":{"confidence_level":0.95,"lower_bound":521329.43998410174,"upper_bound":521708.715460115},"point_estimate":521493.49621754244,"standard_error":117.55636073545631},"median_abs_dev":{"confidence_interval":{"confidence_level":0.95,"lower_bound":714.5965300796199,"upper_bound":1157.1834098077807},"point_estimate":917.1232719560791,"standard_error":117.03862461440852},"slope":{"confidence_interval":{"confidence_level":0.95,"lower_bound":521604.8063817098,"upper_bound":522568.05575200357},"point_estimate":521998.25417910446,"standard_error":252.92198267625102},"std_dev":{"confidence_interval":{"confidence_level":0.95,"lower_bound":1044.652277652137,"upper_bound":2518.8062097283528},"point_estimate":1829.4676703373032,"standard_error":379.33982023131387}}