{"mean":{"confidence_interval":{"confidence_level":0.95,"lower_bound":493412.67043415393,"upper_bound":494462.71074697596},"point_estimate":493913.11213880504,"standard_error":268.33337868986257},"median":{"confidence_interval":{"confidence_level":0.95,"lower_bound":492707.3786848072,"upper_bound":493219.33},"point_estimate":492922.84266462905,"standard_error":129.47295475914544},"median_abs_dev":{"confidence_interval":{"confidence_level":0.95,"lower_bound":679.5000002960313,"upper_bound":1395.8260096317915},"point_estimate":941.7273616100214,"standard_error":183.05455368539862},"slope":{"confidence_interval":{"confidence_level":0.95,"lower_bound":493574.460863867,"upper_bound":495054.3241793681},"point_estimate":494275.5012871287,"standard_error":378.4603868360036},"std_dev":{"confidence_interval":{"confidence_level":0.95,"lower_bound":2028.2347914751,"upper_bound":3281.963883002408},"point_estimate":2693.6362912541417,"standard_error":320.8044646952137}}