{"mean":{"confidence_interval":{"confidence_level":0.95,"lower_bound":-0.019429874532946468,"upper_bound":-0.012699721544440776},"point_estimate":-0.016211657258117684,"standard_error":0.0017085565614015888},"median":{"confidence_interval":{"confidence_level":0.95,"lower_bound":-0.017161067854505996,"upper_bound":-0.012160630752535373},"point_estimate":-0.014504719671912691,"standard_error":0.0012909254931370872}}