{"mean":{"confidence_interval":{"confidence_level":0.95,"lower_bound":-0.000019627364039484467,"upper_bound":0.004970265920768062},"point_estimate":0.002378500009259099,"standard_error":0.0012738994017938354},"median":{"confidence_interval":{"confidence_level":0.95,"lower_bound":-0.00029662331936397557,"upper_bound":0.005021934066252953},"point_estimate":0.0022315712739233717,"standard_error":0.0013295132865736672}}