{"mean":{"confidence_interval":{"confidence_level":0.95,"lower_bound":0.03083117086573405,"upper_bound":0.036848610818842},"point_estimate":0.03391200108641668,"standard_error":0.0015315768164144421},"median":{"confidence_interval":{"confidence_level":0.95,"lower_bound":0.03213184454206708,"upper_bound":0.03979153298924376},"point_estimate":0.03596641489791286,"standard_error":0.0019317331826784459}}