{"mean":{"confidence_interval":{"confidence_level":0.95,"lower_bound":-0.03645908560877081,"upper_bound":-0.031597769098800105},"point_estimate":-0.0340659480292701,"standard_error":0.001238510065521743},"median":{"confidence_interval":{"confidence_level":0.95,"lower_bound":-0.036967047782389795,"upper_bound":-0.031739058438255176},"point_estimate":-0.034415685718497846,"standard_error":0.001226427174916719}}