{"mean":{"confidence_interval":{"confidence_level":0.95,"lower_bound":0.012877274709905805,"upper_bound":0.019669369621572636},"point_estimate":0.015732865424153974,"standard_error":0.0017076211130092388},"median":{"confidence_interval":{"confidence_level":0.95,"lower_bound":0.012076989283998186,"upper_bound":0.015533765672574917},"point_estimate":0.014069610944286604,"standard_error":0.0008862297387911325}}