{"mean":{"confidence_interval":{"confidence_level":0.95,"lower_bound":0.007650593608659656,"upper_bound":0.013452747047137297},"point_estimate":0.010525343740627857,"standard_error":0.0014900949755388571},"median":{"confidence_interval":{"confidence_level":0.95,"lower_bound":0.003298885598734591,"upper_bound":0.011114639143936067},"point_estimate":0.007489849515259994,"standard_error":0.0020523865517965484}}