{"mean":{"confidence_interval":{"confidence_level":0.95,"lower_bound":-0.0063056609920478755,"upper_bound":0.0038393100260880257},"point_estimate":-0.000769982195112151,"standard_error":0.002575585604502769},"median":{"confidence_interval":{"confidence_level":0.95,"lower_bound":-0.001552811086175443,"upper_bound":0.003292535463455426},"point_estimate":0.0004899538090461508,"standard_error":0.0012361127727718642}}