{"mean":{"confidence_interval":{"confidence_level":0.95,"lower_bound":0.032626131271816794,"upper_bound":0.041010375587587966},"point_estimate":0.036501439533075164,"standard_error":0.0021392924743751534},"median":{"confidence_interval":{"confidence_level":0.95,"lower_bound":0.03370542662754066,"upper_bound":0.03935640247223193},"point_estimate":0.03609147585112482,"standard_error":0.0014604411757651121}}