{"mean":{"confidence_interval":{"confidence_level":0.95,"lower_bound":-0.006744551709734875,"upper_bound":0.0022238914798306834},"point_estimate":-0.0023595028566997245,"standard_error":0.0022726940511480494},"median":{"confidence_interval":{"confidence_level":0.95,"lower_bound":-0.00370398493948243,"upper_bound":-0.00015890267976004235},"point_estimate":-0.0019355619110207334,"standard_error":0.0008497963851066525}}