{"mean":{"confidence_interval":{"confidence_level":0.95,"lower_bound":0.03224124458682562,"upper_bound":0.03672897108247586},"point_estimate":0.03444963820211511,"standard_error":0.0011467136247148909},"median":{"confidence_interval":{"confidence_level":0.95,"lower_bound":0.03222229255446729,"upper_bound":0.03622206826588181},"point_estimate":0.034122275511375255,"standard_error":0.0010038453474807579}}