{"mean":{"confidence_interval":{"confidence_level":0.95,"lower_bound":-0.009744531768035974,"upper_bound":0.002392397566064418},"point_estimate":-0.003152065802420445,"standard_error":0.0031073415964635643},"median":{"confidence_interval":{"confidence_level":0.95,"lower_bound":-0.001781905239161774,"upper_bound":0.005761312625474746},"point_estimate":0.0026308187700483376,"standard_error":0.0019097529045748727}}