{"mean":{"confidence_interval":{"confidence_level":0.95,"lower_bound":-0.008436561797863569,"upper_bound":0.002901952614431367},"point_estimate":-0.0036114238643238927,"standard_error":0.0029716063718952684},"median":{"confidence_interval":{"confidence_level":0.95,"lower_bound":-0.008013675324068936,"upper_bound":-0.0012413076866511434},"point_estimate":-0.004516786736705858,"standard_error":0.0018424450289631327}}