{"mean":{"confidence_interval":{"confidence_level":0.95,"lower_bound":0.006463658695186609,"upper_bound":0.012874920659040529},"point_estimate":0.009685221197575977,"standard_error":0.0016323925844541004},"median":{"confidence_interval":{"confidence_level":0.95,"lower_bound":0.0037693704321941635,"upper_bound":0.011016956879631001},"point_estimate":0.007522098176932168,"standard_error":0.0019140546695099207}}