{"mean":{"confidence_interval":{"confidence_level":0.95,"lower_bound":0.01832993347147543,"upper_bound":0.026685030994061935},"point_estimate":0.02274523917802518,"standard_error":0.0021280566247109706},"median":{"confidence_interval":{"confidence_level":0.95,"lower_bound":0.021686592073696387,"upper_bound":0.027523312106211634},"point_estimate":0.024544569461912857,"standard_error":0.0014511643499387516}}