{"mean":{"confidence_interval":{"confidence_level":0.95,"lower_bound":-0.005731541096405288,"upper_bound":0.0009385553338026306},"point_estimate":-0.0023905790813176786,"standard_error":0.0016924576097346034},"median":{"confidence_interval":{"confidence_level":0.95,"lower_bound":-0.0038726311156698583,"upper_bound":0.0014858649310638405},"point_estimate":-0.001094242742012086,"standard_error":0.0013955889648558006}}