{"mean":{"confidence_interval":{"confidence_level":0.95,"lower_bound":-0.020543095021036212,"upper_bound":-0.01478572574306734},"point_estimate":-0.017645265482464034,"standard_error":0.0014674403923598293},"median":{"confidence_interval":{"confidence_level":0.95,"lower_bound":-0.02202438976283727,"upper_bound":-0.017111625183142853},"point_estimate":-0.019891318623236343,"standard_error":0.0013131657252275228}}