{"mean":{"confidence_interval":{"confidence_level":0.95,"lower_bound":-0.0018487232699626397,"upper_bound":0.003032923708122731},"point_estimate":0.0005151632022113439,"standard_error":0.0012436131473695245},"median":{"confidence_interval":{"confidence_level":0.95,"lower_bound":-0.002435643018571145,"upper_bound":0.002722978088618655},"point_estimate":0.00011199436788422723,"standard_error":0.0012650920516027394}}