{"mean":{"confidence_interval":{"confidence_level":0.95,"lower_bound":-0.003974286177206723,"upper_bound":0.0019366184962192597},"point_estimate":-0.0007254175812649866,"standard_error":0.0015082996013888535},"median":{"confidence_interval":{"confidence_level":0.95,"lower_bound":-0.001490258103039821,"upper_bound":0.0010719782599073469},"point_estimate":-0.00034743756797550596,"standard_error":0.0006604963565906747}}