{"mean":{"confidence_interval":{"confidence_level":0.95,"lower_bound":0.031458419379888976,"upper_bound":0.03645780631509711},"point_estimate":0.03401585745409341,"standard_error":0.0012744269990033596},"median":{"confidence_interval":{"confidence_level":0.95,"lower_bound":0.030651797945789427,"upper_bound":0.03611113159535795},"point_estimate":0.0333518956103005,"standard_error":0.0013969169019887866}}