{"mean":{"confidence_interval":{"confidence_level":0.95,"lower_bound":-0.003578249966507685,"upper_bound":0.004043170860352883},"point_estimate":0.0006587351262814511,"standard_error":0.0019545604340721187},"median":{"confidence_interval":{"confidence_level":0.95,"lower_bound":0.0009611929557731269,"upper_bound":0.005455405733765906},"point_estimate":0.002859604504722224,"standard_error":0.0010910782398228054}}