{"mean":{"confidence_interval":{"confidence_level":0.95,"lower_bound":-0.011791734095440516,"upper_bound":-0.007916908760754002},"point_estimate":-0.009920723917943297,"standard_error":0.0010033299139837212},"median":{"confidence_interval":{"confidence_level":0.95,"lower_bound":-0.011585393649719,"upper_bound":-0.007155838815794624},"point_estimate":-0.009483018037031554,"standard_error":0.0011383643151265032}}