{"mean":{"confidence_interval":{"confidence_level":0.95,"lower_bound":-0.012101517328626368,"upper_bound":-0.008731309369143401},"point_estimate":-0.010365181379190402,"standard_error":0.0008533213197563796},"median":{"confidence_interval":{"confidence_level":0.95,"lower_bound":-0.01209128183468322,"upper_bound":-0.009038856533104211},"point_estimate":-0.010343048035037272,"standard_error":0.0007701202591704845}}