{"mean":{"confidence_interval":{"confidence_level":0.95,"lower_bound":0.029331268790840935,"upper_bound":0.03481494804271723},"point_estimate":0.03210708149116637,"standard_error":0.0013974917000477804},"median":{"confidence_interval":{"confidence_level":0.95,"lower_bound":0.03076132091411865,"upper_bound":0.03571109511866877},"point_estimate":0.03297396675088571,"standard_error":0.0012574569301972204}}