{"mean":{"confidence_interval":{"confidence_level":0.95,"lower_bound":-0.0469239792558679,"upper_bound":-0.04270369758943267},"point_estimate":-0.04495692994195266,"standard_error":0.0010851016402303303},"median":{"confidence_interval":{"confidence_level":0.95,"lower_bound":-0.048222242487442224,"upper_bound":-0.04470216250034442},"point_estimate":-0.046460868244748266,"standard_error":0.0009415838582997106}}