{"mean":{"confidence_interval":{"confidence_level":0.95,"lower_bound":-0.01731713942860459,"upper_bound":-0.010283775230181346},"point_estimate":-0.013611326041874428,"standard_error":0.001790404691069582},"median":{"confidence_interval":{"confidence_level":0.95,"lower_bound":-0.015239406913024167,"upper_bound":-0.008156556299057439},"point_estimate":-0.01170446146033266,"standard_error":0.0018370013362776054}}