{"mean":{"confidence_interval":{"confidence_level":0.95,"lower_bound":0.0009055687023598162,"upper_bound":0.011637510349073475},"point_estimate":0.005996195376607227,"standard_error":0.0026914722749246177},"median":{"confidence_interval":{"confidence_level":0.95,"lower_bound":-0.0005814254717606656,"upper_bound":0.004951557994925862},"point_estimate":0.001686984270374614,"standard_error":0.001433729994399333}}