{"mean":{"confidence_interval":{"confidence_level":0.95,"lower_bound":-0.04910563595140558,"upper_bound":-0.03916677425241589},"point_estimate":-0.04373322876919217,"standard_error":0.0025366857345946866},"median":{"confidence_interval":{"confidence_level":0.95,"lower_bound":-0.042935012132728545,"upper_bound":-0.03566539565532434},"point_estimate":-0.038585485356366855,"standard_error":0.0020111663918429994}}