{"mean":{"confidence_interval":{"confidence_level":0.95,"lower_bound":0.013064143776794247,"upper_bound":0.023845641565030825},"point_estimate":0.01857649602806921,"standard_error":0.00273332608474611},"median":{"confidence_interval":{"confidence_level":0.95,"lower_bound":0.016165280277274263,"upper_bound":0.02017943033598968},"point_estimate":0.018059506002044756,"standard_error":0.0009906216696283522}}