{"mean":{"confidence_interval":{"confidence_level":0.95,"lower_bound":0.036962577832852256,"upper_bound":0.06682519191004292},"point_estimate":0.048617879539408104,"standard_error":0.007548357629945993},"median":{"confidence_interval":{"confidence_level":0.95,"lower_bound":0.03190817845157756,"upper_bound":0.03636926388021666},"point_estimate":0.03376818962718797,"standard_error":0.0011300856432218045}}