{"mean":{"confidence_interval":{"confidence_level":0.95,"lower_bound":-0.001157480181712306,"upper_bound":0.006704931537589364},"point_estimate":0.003067330624126008,"standard_error":0.002015118488985687},"median":{"confidence_interval":{"confidence_level":0.95,"lower_bound":0.002113143329992795,"upper_bound":0.006575592084451909},"point_estimate":0.00445807072467419,"standard_error":0.0011883810431018273}}