{"mean":{"confidence_interval":{"confidence_level":0.95,"lower_bound":0.02012308361928206,"upper_bound":0.030216297233415436},"point_estimate":0.024870117026374094,"standard_error":0.002598917196074876},"median":{"confidence_interval":{"confidence_level":0.95,"lower_bound":0.020129390896321896,"upper_bound":0.025975885467209636},"point_estimate":0.023305036308395977,"standard_error":0.001457679128053417}}