{"mean":{"confidence_interval":{"confidence_level":0.95,"lower_bound":0.03534991525167073,"upper_bound":0.04625247938304092},"point_estimate":0.040175797160838966,"standard_error":0.002778339786389485},"median":{"confidence_interval":{"confidence_level":0.95,"lower_bound":0.0332442293984232,"upper_bound":0.03915284858599693},"point_estimate":0.03577429226842477,"standard_error":0.0014994284573044809}}