{"mean":{"confidence_interval":{"confidence_level":0.95,"lower_bound":-0.011830531273276932,"upper_bound":-0.0059606965156757605},"point_estimate":-0.008821569758926007,"standard_error":0.0014978568775415608},"median":{"confidence_interval":{"confidence_level":0.95,"lower_bound":-0.01237369950237921,"upper_bound":-0.0066710731480122964},"point_estimate":-0.009581790791540201,"standard_error":0.0015884127352064153}}