{"mean":{"confidence_interval":{"confidence_level":0.95,"lower_bound":-0.028097276666030697,"upper_bound":-0.0010872970062699113},"point_estimate":-0.01278302822616928,"standard_error":0.0070020299426331615},"median":{"confidence_interval":{"confidence_level":0.95,"lower_bound":-0.0017605114503307373,"upper_bound":0.0013085293868217995},"point_estimate":-0.00007678925948417792,"standard_error":0.000812156861351455}}