{"mean":{"confidence_interval":{"confidence_level":0.95,"lower_bound":-0.03627809742739208,"upper_bound":-0.030495325705366283},"point_estimate":-0.03336568961091302,"standard_error":0.0014852950806466124},"median":{"confidence_interval":{"confidence_level":0.95,"lower_bound":-0.03713742813343468,"upper_bound":-0.031996106461395724},"point_estimate":-0.034856922762582676,"standard_error":0.001307450570301334}}