{"mean":{"confidence_interval":{"confidence_level":0.95,"lower_bound":0.04614379682693209,"upper_bound":0.05723684419258969},"point_estimate":0.05173667051868214,"standard_error":0.00283960218670467},"median":{"confidence_interval":{"confidence_level":0.95,"lower_bound":0.050702722627584906,"upper_bound":0.06057475875591822},"point_estimate":0.0548133615922326,"standard_error":0.0025163335622104795}}