{"mean":{"confidence_interval":{"confidence_level":0.95,"lower_bound":0.034424539589307586,"upper_bound":0.04035519330473005},"point_estimate":0.03745846672736186,"standard_error":0.0015161933484656605},"median":{"confidence_interval":{"confidence_level":0.95,"lower_bound":0.035066568898016515,"upper_bound":0.04094576019670715},"point_estimate":0.03857245659773989,"standard_error":0.0014748984884921906}}