{"mean":{"confidence_interval":{"confidence_level":0.95,"lower_bound":-0.035871438953430396,"upper_bound":-0.03055662605229733},"point_estimate":-0.03321008631419542,"standard_error":0.00136071318141914},"median":{"confidence_interval":{"confidence_level":0.95,"lower_bound":-0.03642129670753802,"upper_bound":-0.0313214977277364},"point_estimate":-0.03435479065979541,"standard_error":0.001313569182819022}}