{"mean":{"confidence_interval":{"confidence_level":0.95,"lower_bound":-0.01542418980447139,"upper_bound":0.012153568909335834},"point_estimate":0.0002932801449537781,"standard_error":0.007070116868037649},"median":{"confidence_interval":{"confidence_level":0.95,"lower_bound":0.00025930426969766884,"upper_bound":0.006679725067129771},"point_estimate":0.0029232390765192573,"standard_error":0.0016214736563651398}}