{"mean":{"confidence_interval":{"confidence_level":0.95,"lower_bound":-0.006151831984770728,"upper_bound":0.00023295986564037883},"point_estimate":-0.002972340850990185,"standard_error":0.0016250759940712612},"median":{"confidence_interval":{"confidence_level":0.95,"lower_bound":-0.004639626989348722,"upper_bound":-0.0003502531892662919},"point_estimate":-0.0022835080394144613,"standard_error":0.0010928723170428914}}