{"mean":{"confidence_interval":{"confidence_level":0.95,"lower_bound":-0.004636171727565172,"upper_bound":0.004082195249745584},"point_estimate":-0.0005986688043471133,"standard_error":0.002216105927315447},"median":{"confidence_interval":{"confidence_level":0.95,"lower_bound":-0.00763134830726897,"upper_bound":0.0007388290130778685},"point_estimate":-0.0033395854115851886,"standard_error":0.0021336844695213123}}