{"mean":{"confidence_interval":{"confidence_level":0.95,"lower_bound":0.0052688451255194285,"upper_bound":0.01259889660632118},"point_estimate":0.008842089515792795,"standard_error":0.0018637063667856927},"median":{"confidence_interval":{"confidence_level":0.95,"lower_bound":0.005243951950514969,"upper_bound":0.011093817428938885},"point_estimate":0.0075107253685389175,"standard_error":0.0015831114772681767}}