{"mean":{"confidence_interval":{"confidence_level":0.95,"lower_bound":0.02663764837234822,"upper_bound":0.03394011159946964},"point_estimate":0.03032946576194906,"standard_error":0.0018566994168133443},"median":{"confidence_interval":{"confidence_level":0.95,"lower_bound":0.02617998287915535,"upper_bound":0.031407892813036575},"point_estimate":0.029702502336636183,"standard_error":0.0013260627541877388}}