{"mean":{"confidence_interval":{"confidence_level":0.95,"lower_bound":-0.04081737399680408,"upper_bound":-0.030338933297107414},"point_estimate":-0.03624156867707695,"standard_error":0.0027417994847100786},"median":{"confidence_interval":{"confidence_level":0.95,"lower_bound":-0.04078967654046639,"upper_bound":-0.034861292354302464},"point_estimate":-0.03770741825018198,"standard_error":0.0014004841565312869}}