{"mean":{"confidence_interval":{"confidence_level":0.95,"lower_bound":0.041049375537326925,"upper_bound":0.054661964719404994},"point_estimate":0.04750691792955619,"standard_error":0.00352519038153235},"median":{"confidence_interval":{"confidence_level":0.95,"lower_bound":0.037131593163216126,"upper_bound":0.043901667423047165},"point_estimate":0.0403698369456551,"standard_error":0.0017671244259963358}}