{"mean":{"confidence_interval":{"confidence_level":0.95,"lower_bound":60858.569090842495,"upper_bound":61006.043545267414},"point_estimate":60929.21647038647,"standard_error":37.49784464495504},"median":{"confidence_interval":{"confidence_level":0.95,"lower_bound":60916.469696969696,"upper_bound":61012.72575504024},"point_estimate":60980.97367703219,"standard_error":25.47320291007826},"median_abs_dev":{"confidence_interval":{"confidence_level":0.95,"lower_bound":195.30440226146925,"upper_bound":337.52734778974633},"point_estimate":260.0651423059996,"standard_error":32.99202031967946},"slope":{"confidence_interval":{"confidence_level":0.95,"lower_bound":61022.0392008052,"upper_bound":61095.661703710095},"point_estimate":61060.249889660605,"standard_error":18.77590657520161},"std_dev":{"confidence_interval":{"confidence_level":0.95,"lower_bound":256.0047045507574,"upper_bound":514.4121314346994},"point_estimate":376.4328390777134,"standard_error":70.1727362608297}}