{"mean":{"confidence_interval":{"confidence_level":0.95,"lower_bound":62489.42853354254,"upper_bound":62763.14308185689},"point_estimate":62618.60260793032,"standard_error":69.76339298158588},"median":{"confidence_interval":{"confidence_level":0.95,"lower_bound":62578.032354925774,"upper_bound":62712.45052083333},"point_estimate":62653.34525975339,"standard_error":37.820547295135306},"median_abs_dev":{"confidence_interval":{"confidence_level":0.95,"lower_bound":222.58541569750423,"upper_bound":421.2979815337808},"point_estimate":312.67223180417324,"standard_error":50.42679132336612},"slope":{"confidence_interval":{"confidence_level":0.95,"lower_bound":62715.7102547004,"upper_bound":63185.319887070225},"point_estimate":62909.39225161322,"standard_error":123.53914699710232},"std_dev":{"confidence_interval":{"confidence_level":0.95,"lower_bound":423.36407854095177,"upper_bound":977.7089091384037},"point_estimate":700.5317280144726,"standard_error":146.64276456576516}}