{"mean":{"confidence_interval":{"confidence_level":0.95,"lower_bound":55393.39462041708,"upper_bound":55574.6296888741},"point_estimate":55482.339779388996,"standard_error":46.30613500017821},"median":{"confidence_interval":{"confidence_level":0.95,"lower_bound":55403.51573498965,"upper_bound":55564.853107344636},"point_estimate":55481.47097069597,"standard_error":42.519517439097754},"median_abs_dev":{"confidence_interval":{"confidence_level":0.95,"lower_bound":264.9570886294002,"upper_bound":480.4935500613341},"point_estimate":363.9965680095178,"standard_error":55.97783497434071},"slope":{"confidence_interval":{"confidence_level":0.95,"lower_bound":55557.01446292191,"upper_bound":55753.131983476545},"point_estimate":55647.7729565046,"standard_error":50.33848322689472},"std_dev":{"confidence_interval":{"confidence_level":0.95,"lower_bound":371.63990693336274,"upper_bound":550.0943013259737},"point_estimate":464.90806780860936,"standard_error":45.65364457166273}}