{"mean":{"confidence_interval":{"confidence_level":0.95,"lower_bound":80593.51533671987,"upper_bound":80784.93059603205},"point_estimate":80688.74380476732,"standard_error":48.8712058146091},"median":{"confidence_interval":{"confidence_level":0.95,"lower_bound":80660.305,"upper_bound":80741.15214285714},"point_estimate":80699.64779554264,"standard_error":22.479504871439463},"median_abs_dev":{"confidence_interval":{"confidence_level":0.95,"lower_bound":245.67170421142592,"upper_bound":426.8669465595287},"point_estimate":334.40247082522114,"standard_error":46.04646982065047},"slope":{"confidence_interval":{"confidence_level":0.95,"lower_bound":80748.8199463285,"upper_bound":80869.93987588065},"point_estimate":80807.91585281513,"standard_error":30.910565980066526},"std_dev":{"confidence_interval":{"confidence_level":0.95,"lower_bound":390.73312475553956,"upper_bound":581.9949326801116},"point_estimate":491.43620410682416,"standard_error":48.93942253966823}}