{"mean":{"confidence_interval":{"confidence_level":0.95,"lower_bound":311839.52587413107,"upper_bound":314367.39398773754},"point_estimate":312920.58139341814,"standard_error":656.1024295476457},"median":{"confidence_interval":{"confidence_level":0.95,"lower_bound":311194.0306122449,"upper_bound":311322.20238095237},"point_estimate":311238.96367694804,"standard_error":41.35157181477907},"median_abs_dev":{"confidence_interval":{"confidence_level":0.95,"lower_bound":207.80881358681359,"upper_bound":486.88804088780796},"point_estimate":340.4904585306363,"standard_error":72.773446840389},"slope":{"confidence_interval":{"confidence_level":0.95,"lower_bound":311999.72196404537,"upper_bound":314361.888279971},"point_estimate":313021.3515294813,"standard_error":606.1506055480784},"std_dev":{"confidence_interval":{"confidence_level":0.95,"lower_bound":2095.653542516578,"upper_bound":10294.459313170953},"point_estimate":6625.503563184047,"standard_error":2180.324270151855}}