{"mean":{"confidence_interval":{"confidence_level":0.95,"lower_bound":351649.3295186325,"upper_bound":351876.5013079167},"point_estimate":351748.293862888,"standard_error":57.98779687451206},"median":{"confidence_interval":{"confidence_level":0.95,"lower_bound":351603.89361702127,"upper_bound":351713.0885370205},"point_estimate":351649.06603899575,"standard_error":30.44031104129737},"median_abs_dev":{"confidence_interval":{"confidence_level":0.95,"lower_bound":170.46288899115075,"upper_bound":304.89137375362367},"point_estimate":226.85411139137926,"standard_error":35.74864789046472},"slope":{"confidence_interval":{"confidence_level":0.95,"lower_bound":351667.09364029433,"upper_bound":351792.5833990458},"point_estimate":351727.78104625386,"standard_error":32.05269298233414},"std_dev":{"confidence_interval":{"confidence_level":0.95,"lower_bound":299.0064609742205,"upper_bound":870.0184200695654},"point_estimate":579.8622348789125,"standard_error":167.86635408022232}}