{"mean":{"confidence_interval":{"confidence_level":0.95,"lower_bound":352366.6715919498,"upper_bound":357695.83862590115},"point_estimate":354668.60736666486,"standard_error":1372.7875626007624},"median":{"confidence_interval":{"confidence_level":0.95,"lower_bound":351522.627628259,"upper_bound":351643.21924019605},"point_estimate":351572.7160906726,"standard_error":32.21091592167681},"median_abs_dev":{"confidence_interval":{"confidence_level":0.95,"lower_bound":217.38344915002483,"upper_bound":399.99832146841226},"point_estimate":289.5038952179772,"standard_error":46.0891419784806},"slope":{"confidence_interval":{"confidence_level":0.95,"lower_bound":352045.64760519186,"upper_bound":354306.54602637235},"point_estimate":352992.9156425792,"standard_error":580.1810977991648},"std_dev":{"confidence_interval":{"confidence_level":0.95,"lower_bound":3861.072411857886,"upper_bound":20430.730383387177},"point_estimate":13785.046517808009,"standard_error":4118.630235624859}}