{"mean":{"confidence_interval":{"confidence_level":0.95,"lower_bound":311367.7857653703,"upper_bound":313097.52684129425},"point_estimate":312004.7646107693,"standard_error":484.618099644753},"median":{"confidence_interval":{"confidence_level":0.95,"lower_bound":311173.9139939693,"upper_bound":311319.05804771505},"point_estimate":311257.23856707313,"standard_error":33.29112492363989},"median_abs_dev":{"confidence_interval":{"confidence_level":0.95,"lower_bound":211.11095977838454,"upper_bound":386.5659542605764},"point_estimate":282.8626897407578,"standard_error":41.787824039702365},"slope":{"confidence_interval":{"confidence_level":0.95,"lower_bound":311303.60721880087,"upper_bound":311768.79786856775},"point_estimate":311494.0651507315,"standard_error":119.9613036726676},"std_dev":{"confidence_interval":{"confidence_level":0.95,"lower_bound":487.5156877999064,"upper_bound":8212.60921846265},"point_estimate":4867.317425437546,"standard_error":2516.5472163745744}}