{"mean":{"confidence_interval":{"confidence_level":0.95,"lower_bound":216157.6095758798,"upper_bound":218139.7535557364},"point_estimate":216901.55764677274,"standard_error":536.8799531385816},"median":{"confidence_interval":{"confidence_level":0.95,"lower_bound":216021.6857142857,"upper_bound":216112.97792307692},"point_estimate":216071.227372549,"standard_error":21.78300763044686},"median_abs_dev":{"confidence_interval":{"confidence_level":0.95,"lower_bound":131.979454985593,"upper_bound":249.07540538498515},"point_estimate":170.68159086452806,"standard_error":31.187516201005693},"slope":{"confidence_interval":{"confidence_level":0.95,"lower_bound":216177.9904330785,"upper_bound":219365.64293954714},"point_estimate":217410.67218737994,"standard_error":854.0108209131931},"std_dev":{"confidence_interval":{"confidence_level":0.95,"lower_bound":484.3761194108702,"upper_bound":8985.316222093683},"point_estimate":5383.0120650405215,"standard_error":2606.9278546845176}}