{"mean":{"confidence_interval":{"confidence_level":0.95,"lower_bound":351569.34314658475,"upper_bound":352328.0584676574},"point_estimate":351861.77233483666,"standard_error":203.39781702787462},"median":{"confidence_interval":{"confidence_level":0.95,"lower_bound":351452.9972527473,"upper_bound":351572.6260162602},"point_estimate":351485.0571808511,"standard_error":30.606353688768444},"median_abs_dev":{"confidence_interval":{"confidence_level":0.95,"lower_bound":237.8096472922281,"upper_bound":418.440676946193},"point_estimate":292.2207964249381,"standard_error":45.4783008619553},"slope":{"confidence_interval":{"confidence_level":0.95,"lower_bound":351598.2026295017,"upper_bound":353330.63994358754},"point_estimate":352219.8334692872,"standard_error":482.4047473375142},"std_dev":{"confidence_interval":{"confidence_level":0.95,"lower_bound":454.4173701234242,"upper_bound":3383.223399586675},"point_estimate":2044.3385807208572,"standard_error":930.2455692086724}}