{"mean":{"confidence_interval":{"confidence_level":0.95,"lower_bound":311265.03966556845,"upper_bound":311415.6867472159},"point_estimate":311335.0923256026,"standard_error":38.43080607792788},"median":{"confidence_interval":{"confidence_level":0.95,"lower_bound":311187.1478873239,"upper_bound":311303.088362069},"point_estimate":311248.77426160336,"standard_error":33.48171254524634},"median_abs_dev":{"confidence_interval":{"confidence_level":0.95,"lower_bound":151.73116397290346,"upper_bound":290.89204877827774},"point_estimate":221.0151230060391,"standard_error":36.03351592096285},"slope":{"confidence_interval":{"confidence_level":0.95,"lower_bound":311273.4104705422,"upper_bound":311383.8598856013},"point_estimate":311326.73318900546,"standard_error":28.232133526017538},"std_dev":{"confidence_interval":{"confidence_level":0.95,"lower_bound":242.68588590104193,"upper_bound":526.6596534684859},"point_estimate":386.7725912141822,"standard_error":73.87930155837655}}