{"mean":{"confidence_interval":{"confidence_level":0.95,"lower_bound":-0.0024210552709373386,"upper_bound":0.019548269513984813},"point_estimate":0.00665247184896911,"standard_error":0.005529635125778982},"median":{"confidence_interval":{"confidence_level":0.95,"lower_bound":-0.004703463331277802,"upper_bound":0.0029926107020989967},"point_estimate":-0.0008410859817734595,"standard_error":0.0019011299420150713}}