{"mean":{"confidence_interval":{"confidence_level":0.95,"lower_bound":-0.040389855256165896,"upper_bound":-0.03413462489852584},"point_estimate":-0.03734953022761767,"standard_error":0.001596966656813782},"median":{"confidence_interval":{"confidence_level":0.95,"lower_bound":-0.04103465303842402,"upper_bound":-0.035306132541447544},"point_estimate":-0.03811912100669812,"standard_error":0.001473997203274951}}