{"mean":{"confidence_interval":{"confidence_level":0.95,"lower_bound":0.06112718020109042,"upper_bound":0.07637392718550046},"point_estimate":0.06675217423251434,"standard_error":0.003975551101242366},"median":{"confidence_interval":{"confidence_level":0.95,"lower_bound":0.06123621936331869,"upper_bound":0.06619396786549234},"point_estimate":0.06399869807751002,"standard_error":0.0012755731547157945}}