{"mean":{"confidence_interval":{"confidence_level":0.95,"lower_bound":0.042330265399175976,"upper_bound":0.049361373218983554},"point_estimate":0.04585405546899435,"standard_error":0.001799878445357904},"median":{"confidence_interval":{"confidence_level":0.95,"lower_bound":0.04134859851851283,"upper_bound":0.0470533700879292},"point_estimate":0.04462254386915121,"standard_error":0.0014959566679434721}}