{"mean":{"confidence_interval":{"confidence_level":0.95,"lower_bound":-0.032235818293229704,"upper_bound":-0.02228876132815355},"point_estimate":-0.02755777313602259,"standard_error":0.0025085435766210072},"median":{"confidence_interval":{"confidence_level":0.95,"lower_bound":-0.03181067514063762,"upper_bound":-0.026925908452935205},"point_estimate":-0.029849238217930285,"standard_error":0.0012081883758718217}}