{"mean":{"confidence_interval":{"confidence_level":0.95,"lower_bound":-0.01051409185076757,"upper_bound":0.004106799012058861},"point_estimate":-0.0021900720847021216,"standard_error":0.0037754021977444785},"median":{"confidence_interval":{"confidence_level":0.95,"lower_bound":-0.0020289210381578826,"upper_bound":0.0015730397777000693},"point_estimate":-0.0004379513014500791,"standard_error":0.0009093322217608115}}