{"mean":{"confidence_interval":{"confidence_level":0.95,"lower_bound":0.006012593707902986,"upper_bound":0.015053934068569672},"point_estimate":0.01039165042877821,"standard_error":0.0023139205037142167},"median":{"confidence_interval":{"confidence_level":0.95,"lower_bound":0.006460933459131013,"upper_bound":0.015883541714435942},"point_estimate":0.012548880695687492,"standard_error":0.0025833849310656367}}