{"mean":{"confidence_interval":{"confidence_level":0.95,"lower_bound":-0.025955673004135607,"upper_bound":-0.013424405360900678},"point_estimate":-0.019390647321549048,"standard_error":0.003199879647415092},"median":{"confidence_interval":{"confidence_level":0.95,"lower_bound":-0.0285241988255589,"upper_bound":-0.020383974313339603},"point_estimate":-0.023572723263993622,"standard_error":0.002112178479263255}}