{"mean":{"confidence_interval":{"confidence_level":0.95,"lower_bound":-0.007027700595111535,"upper_bound":0.0009591262258911137},"point_estimate":-0.0032911284455642287,"standard_error":0.0020692885374426783},"median":{"confidence_interval":{"confidence_level":0.95,"lower_bound":-0.006244045479414928,"upper_bound":0.0011446310187668285},"point_estimate":-0.0018152819558135969,"standard_error":0.001929219869380995}}