{"mean":{"confidence_interval":{"confidence_level":0.95,"lower_bound":0.013738745509341321,"upper_bound":0.022207127701452955},"point_estimate":0.017924185878206877,"standard_error":0.002152531569230904},"median":{"confidence_interval":{"confidence_level":0.95,"lower_bound":0.013548800835618756,"upper_bound":0.022842292979961876},"point_estimate":0.017017575004250274,"standard_error":0.0025312580867225417}}