{"mean":{"confidence_interval":{"confidence_level":0.95,"lower_bound":0.007713676715076257,"upper_bound":0.016378945688497737},"point_estimate":0.011939325690735636,"standard_error":0.0021988192836179736},"median":{"confidence_interval":{"confidence_level":0.95,"lower_bound":0.006361020115099869,"upper_bound":0.017773805977559398},"point_estimate":0.014055419984685846,"standard_error":0.002967831877487238}}