{"mean":{"confidence_interval":{"confidence_level":0.95,"lower_bound":-0.022261641666358516,"upper_bound":-0.00213690490605732},"point_estimate":-0.012738651686894698,"standard_error":0.005081277919605287},"median":{"confidence_interval":{"confidence_level":0.95,"lower_bound":-0.035241428117530615,"upper_bound":-0.013720623843341495},"point_estimate":-0.02443942936516219,"standard_error":0.005592039991547557}}