{"mean":{"confidence_interval":{"confidence_level":0.95,"lower_bound":0.025985405996494883,"upper_bound":0.039904544948909035},"point_estimate":0.0329650894953355,"standard_error":0.003543444761883106},"median":{"confidence_interval":{"confidence_level":0.95,"lower_bound":0.028948574721100462,"upper_bound":0.036912305898292086},"point_estimate":0.03410679999927013,"standard_error":0.002139534628426093}}