{"mean":{"confidence_interval":{"confidence_level":0.95,"lower_bound":0.040268655094133514,"upper_bound":0.04582617361518865},"point_estimate":0.04308382200672645,"standard_error":0.0014143233665473893},"median":{"confidence_interval":{"confidence_level":0.95,"lower_bound":0.039516696371769244,"upper_bound":0.04566499428564463},"point_estimate":0.04362663702870084,"standard_error":0.0015487382020192297}}