{"mean":{"confidence_interval":{"confidence_level":0.95,"lower_bound":0.08456787750539636,"upper_bound":0.09699815954768587},"point_estimate":0.09119225864154701,"standard_error":0.003173768953734675},"median":{"confidence_interval":{"confidence_level":0.95,"lower_bound":0.09321310328721422,"upper_bound":0.10518974615245597},"point_estimate":0.09913466218236788,"standard_error":0.0030118253473371045}}