{"mean":{"confidence_interval":{"confidence_level":0.95,"lower_bound":0.04900702192452711,"upper_bound":0.05900339312480593},"point_estimate":0.05469989973135059,"standard_error":0.002576976265176133},"median":{"confidence_interval":{"confidence_level":0.95,"lower_bound":0.05287649115161708,"upper_bound":0.059319153841335126},"point_estimate":0.055887154499824065,"standard_error":0.0017071455893323594}}