{"mean":{"confidence_interval":{"confidence_level":0.95,"lower_bound":0.0009482027302919197,"upper_bound":0.006624330804670019},"point_estimate":0.0037838299838308664,"standard_error":0.001474967665565469},"median":{"confidence_interval":{"confidence_level":0.95,"lower_bound":0.0007501516751011739,"upper_bound":0.004405892981118824},"point_estimate":0.002239595614872636,"standard_error":0.0009231825929174822}}