{"mean":{"confidence_interval":{"confidence_level":0.95,"lower_bound":-0.029700519522829705,"upper_bound":-0.01426391832389833},"point_estimate":-0.020973824256294793,"standard_error":0.003952686123779111},"median":{"confidence_interval":{"confidence_level":0.95,"lower_bound":-0.02169114982636,"upper_bound":-0.0145902103267469},"point_estimate":-0.017884309054791103,"standard_error":0.0019410482926643566}}