{"mean":{"confidence_interval":{"confidence_level":0.95,"lower_bound":-0.020990995132339218,"upper_bound":-0.007151662492359623},"point_estimate":-0.013560359495057517,"standard_error":0.0035229826577331323},"median":{"confidence_interval":{"confidence_level":0.95,"lower_bound":-0.021840366300078257,"upper_bound":-0.008529699966396721},"point_estimate":-0.01212837350857443,"standard_error":0.00359862512367522}}