{"mean":{"confidence_interval":{"confidence_level":0.95,"lower_bound":0.23534840185452885,"upper_bound":0.26601694319658076},"point_estimate":0.2469360089111139,"standard_error":0.008783563185214992},"median":{"confidence_interval":{"confidence_level":0.95,"lower_bound":0.23454172194863654,"upper_bound":0.24108695194979912},"point_estimate":0.23802005056330922,"standard_error":0.001700304584784828}}