{"mean":{"confidence_interval":{"confidence_level":0.95,"lower_bound":-0.03450970925335805,"upper_bound":-0.02184966763897544},"point_estimate":-0.027695491651858806,"standard_error":0.0032167419861091366},"median":{"confidence_interval":{"confidence_level":0.95,"lower_bound":-0.028148669714608276,"upper_bound":-0.019369445291711807},"point_estimate":-0.02398853882846308,"standard_error":0.002180923149400034}}