{"mean":{"confidence_interval":{"confidence_level":0.95,"lower_bound":-0.005211552061045868,"upper_bound":0.004715494981666911},"point_estimate":-0.0005729189380599964,"standard_error":0.0024044557075066694},"median":{"confidence_interval":{"confidence_level":0.95,"lower_bound":-0.005820717459946387,"upper_bound":0.003680296698403085},"point_estimate":-0.001499634569142816,"standard_error":0.0021698417525183237}}