{"mean":{"confidence_interval":{"confidence_level":0.95,"lower_bound":-0.03078824870847201,"upper_bound":-0.022145788412419914},"point_estimate":-0.026365747141726237,"standard_error":0.0021827931683809066},"median":{"confidence_interval":{"confidence_level":0.95,"lower_bound":-0.03224631449401069,"upper_bound":-0.02718905012951267},"point_estimate":-0.029561641035909192,"standard_error":0.001461337883905556}}