{"mean":{"confidence_interval":{"confidence_level":0.95,"lower_bound":-0.01029304809904428,"upper_bound":-0.00377780772133167},"point_estimate":-0.00714482297029817,"standard_error":0.001668013999141883},"median":{"confidence_interval":{"confidence_level":0.95,"lower_bound":-0.010995176388738925,"upper_bound":-0.003322473298748463},"point_estimate":-0.006409045484135123,"standard_error":0.0019983619396962637}}