{"mean":{"confidence_interval":{"confidence_level":0.95,"lower_bound":0.009620221965118284,"upper_bound":0.02142300334692792},"point_estimate":0.014806252835446454,"standard_error":0.0030865657763371555},"median":{"confidence_interval":{"confidence_level":0.95,"lower_bound":0.007471397067422503,"upper_bound":0.01565038109432404},"point_estimate":0.011868471942081182,"standard_error":0.00205710268311227}}