{"mean":{"confidence_interval":{"confidence_level":0.95,"lower_bound":-0.0021665446944411242,"upper_bound":0.01247898779671355},"point_estimate":0.0035663548433830794,"standard_error":0.0038464792885369034},"median":{"confidence_interval":{"confidence_level":0.95,"lower_bound":-0.0019968698836646537,"upper_bound":0.002858476794441067},"point_estimate":0.00007129873685340904,"standard_error":0.0012533251803743752}}