{"mean":{"confidence_interval":{"confidence_level":0.95,"lower_bound":-0.042678737930275566,"upper_bound":-0.03196879037866504},"point_estimate":-0.036900401738637956,"standard_error":0.002739153311319168},"median":{"confidence_interval":{"confidence_level":0.95,"lower_bound":-0.0366796695910962,"upper_bound":-0.030106004720027446},"point_estimate":-0.033836151561521755,"standard_error":0.001644174824336032}}