{"mean":{"confidence_interval":{"confidence_level":0.95,"lower_bound":-0.006195210671485856,"upper_bound":-0.0012318391453981909},"point_estimate":-0.0037510458442281402,"standard_error":0.0012718000685719062},"median":{"confidence_interval":{"confidence_level":0.95,"lower_bound":-0.008240684198886017,"upper_bound":-0.002057506396415776},"point_estimate":-0.003948413875118906,"standard_error":0.0016185194564258562}}