{"mean":{"confidence_interval":{"confidence_level":0.95,"lower_bound":0.007032376839029353,"upper_bound":0.014955107209642278},"point_estimate":0.011114932565698066,"standard_error":0.0020323701306709132},"median":{"confidence_interval":{"confidence_level":0.95,"lower_bound":0.0065331040785789884,"upper_bound":0.015920071934198976},"point_estimate":0.009592588868028384,"standard_error":0.002478293546375582}}