{"mean":{"confidence_interval":{"confidence_level":0.95,"lower_bound":-0.0184648116035244,"upper_bound":-0.010969900334738387},"point_estimate":-0.01458270976141518,"standard_error":0.001926594962869059},"median":{"confidence_interval":{"confidence_level":0.95,"lower_bound":-0.01944032460840439,"upper_bound":-0.009079725314055431},"point_estimate":-0.01500208147343085,"standard_error":0.002529046650244944}}