{"mean":{"confidence_interval":{"confidence_level":0.95,"lower_bound":-0.017198197826812017,"upper_bound":-0.00881668981603763},"point_estimate":-0.013042735894365443,"standard_error":0.0021473833604234746},"median":{"confidence_interval":{"confidence_level":0.95,"lower_bound":-0.019373563706150065,"upper_bound":-0.010536305515098765},"point_estimate":-0.014349194293499679,"standard_error":0.0022620494787858225}}