{"mean":{"confidence_interval":{"confidence_level":0.95,"lower_bound":0.021022472192415338,"upper_bound":0.0324999945876008},"point_estimate":0.02754130274685318,"standard_error":0.0029631276696329947},"median":{"confidence_interval":{"confidence_level":0.95,"lower_bound":0.02794558756651444,"upper_bound":0.033183351530660765},"point_estimate":0.029951296234787872,"standard_error":0.0013579163196864427}}