{"mean":{"confidence_interval":{"confidence_level":0.95,"lower_bound":0.024492781065131378,"upper_bound":0.038459196876586735},"point_estimate":0.031231657534182666,"standard_error":0.003467963161069519},"median":{"confidence_interval":{"confidence_level":0.95,"lower_bound":0.028090723085629543,"upper_bound":0.03351784012934791},"point_estimate":0.031638014858969,"standard_error":0.0014040711913010195}}