{"mean":{"confidence_interval":{"confidence_level":0.95,"lower_bound":-0.059604244316116495,"upper_bound":-0.05007575221873421},"point_estimate":-0.05465655906438782,"standard_error":0.0024270998314092646},"median":{"confidence_interval":{"confidence_level":0.95,"lower_bound":-0.059083990074981,"upper_bound":-0.04855791259518871},"point_estimate":-0.052364751205503546,"standard_error":0.0027181919711298853}}