{"mean":{"confidence_interval":{"confidence_level":0.95,"lower_bound":0.007138489352452243,"upper_bound":0.013347569640059875},"point_estimate":0.01030577838133806,"standard_error":0.0015930028294390232},"median":{"confidence_interval":{"confidence_level":0.95,"lower_bound":0.0073866978370285,"upper_bound":0.013740651403086224},"point_estimate":0.010013649089074983,"standard_error":0.0016275575035629606}}