{"mean":{"confidence_interval":{"confidence_level":0.95,"lower_bound":-0.06632744803580974,"upper_bound":-0.058603923399793666},"point_estimate":-0.06222406286787274,"standard_error":0.0019699769132748525},"median":{"confidence_interval":{"confidence_level":0.95,"lower_bound":-0.06585206677130317,"upper_bound":-0.05744765110752178},"point_estimate":-0.0603358655407813,"standard_error":0.0021426234699586343}}