{"mean":{"confidence_interval":{"confidence_level":0.95,"lower_bound":-0.0039033160769832735,"upper_bound":0.004049278196826797},"point_estimate":-0.00009150677185199019,"standard_error":0.0020146922084337865},"median":{"confidence_interval":{"confidence_level":0.95,"lower_bound":-0.0033079438148782003,"upper_bound":0.0009598021034380455},"point_estimate":-0.0005058814910472442,"standard_error":0.001135364613582691}}