{"mean":{"confidence_interval":{"confidence_level":0.95,"lower_bound":0.0011182152832232123,"upper_bound":0.007502062569972473},"point_estimate":0.004205555868538546,"standard_error":0.0016433639140800444},"median":{"confidence_interval":{"confidence_level":0.95,"lower_bound":-0.0005812247191048225,"upper_bound":0.005641968314661794},"point_estimate":0.002209909502101093,"standard_error":0.001539484897083541}}