{"mean":{"confidence_interval":{"confidence_level":0.95,"lower_bound":0.0018876269611008863,"upper_bound":0.009386674816712924},"point_estimate":0.005693742417600678,"standard_error":0.0019176034351128211},"median":{"confidence_interval":{"confidence_level":0.95,"lower_bound":-0.0005042617578475683,"upper_bound":0.009363824107823326},"point_estimate":0.003891588310214411,"standard_error":0.002584699562479015}}