{"mean":{"confidence_interval":{"confidence_level":0.95,"lower_bound":-0.0033410015740651475,"upper_bound":0.002337454322519732},"point_estimate":-0.00047060058932413273,"standard_error":0.0014538789975919093},"median":{"confidence_interval":{"confidence_level":0.95,"lower_bound":-0.0036541283782258738,"upper_bound":0.002760975269463728},"point_estimate":-0.0002805539450435601,"standard_error":0.0016232607422889634}}