{"mean":{"confidence_interval":{"confidence_level":0.95,"lower_bound":-0.015147807920100327,"upper_bound":-0.002273004714312636},"point_estimate":-0.008264889961986932,"standard_error":0.0032713792167016163},"median":{"confidence_interval":{"confidence_level":0.95,"lower_bound":-0.0075523837506424885,"upper_bound":-0.0027417291969685786},"point_estimate":-0.005493132870831974,"standard_error":0.0012226709386686547}}