{"mean":{"confidence_interval":{"confidence_level":0.95,"lower_bound":-0.03126137566395803,"upper_bound":-0.024158692240203773},"point_estimate":-0.027724924832756126,"standard_error":0.0018258969182127157},"median":{"confidence_interval":{"confidence_level":0.95,"lower_bound":-0.03172271094310408,"upper_bound":-0.02580427733542212},"point_estimate":-0.0293051543528684,"standard_error":0.0015000325754311308}}