{"mean":{"confidence_interval":{"confidence_level":0.95,"lower_bound":-0.21130685331014704,"upper_bound":-0.19890843533965233},"point_estimate":-0.20420035718569363,"standard_error":0.003202890996017515},"median":{"confidence_interval":{"confidence_level":0.95,"lower_bound":-0.20276681777204986,"upper_bound":-0.1979519537925477},"point_estimate":-0.20044275659133826,"standard_error":0.0012579744308668732}}