{"mean":{"confidence_interval":{"confidence_level":0.95,"lower_bound":-0.040288071905999846,"upper_bound":-0.029838704423511643},"point_estimate":-0.034157954961810955,"standard_error":0.0026995205963301215},"median":{"confidence_interval":{"confidence_level":0.95,"lower_bound":-0.03482529746698271,"upper_bound":-0.02898387436369871},"point_estimate":-0.0319930538770673,"standard_error":0.0014244005024630438}}