{"mean":{"confidence_interval":{"confidence_level":0.95,"lower_bound":-0.04408896721622045,"upper_bound":-0.03615930213515679},"point_estimate":-0.039963275720889424,"standard_error":0.0020245612226953962},"median":{"confidence_interval":{"confidence_level":0.95,"lower_bound":-0.04107720731647413,"upper_bound":-0.035602737333243706},"point_estimate":-0.03795149013304944,"standard_error":0.0013505651735522346}}