{"mean":{"confidence_interval":{"confidence_level":0.95,"lower_bound":-0.005600031764532883,"upper_bound":0.004698322485187317},"point_estimate":0.00018331037129049044,"standard_error":0.0026412186999883107},"median":{"confidence_interval":{"confidence_level":0.95,"lower_bound":-0.002116978702298433,"upper_bound":0.004306399357628746},"point_estimate":0.00043973884640391425,"standard_error":0.001690470463816665}}