{"mean":{"confidence_interval":{"confidence_level":0.95,"lower_bound":0.009001089877830177,"upper_bound":0.018244978725138406},"point_estimate":0.013637168426965607,"standard_error":0.0023677234504499603},"median":{"confidence_interval":{"confidence_level":0.95,"lower_bound":0.011314035581005966,"upper_bound":0.019174376167034435},"point_estimate":0.016801440559914838,"standard_error":0.0019776932444452353}}