{"mean":{"confidence_interval":{"confidence_level":0.95,"lower_bound":-0.0006075284058068199,"upper_bound":0.01616251086993376},"point_estimate":0.008418726304428192,"standard_error":0.004286539643713666},"median":{"confidence_interval":{"confidence_level":0.95,"lower_bound":0.009916028937247967,"upper_bound":0.017952053251442324},"point_estimate":0.01274622995280894,"standard_error":0.002213125129962811}}