{"mean":{"confidence_interval":{"confidence_level":0.95,"lower_bound":0.9987802424927272,"upper_bound":1.0143441841631609},"point_estimate":1.0049480902289112,"standard_error":0.004104267671929708},"median":{"confidence_interval":{"confidence_level":0.95,"lower_bound":0.9978713406286701,"upper_bound":0.998919528257189},"point_estimate":0.9983908553057144,"standard_error":0.00027552280534042764}}