{"mean":{"confidence_interval":{"confidence_level":0.95,"lower_bound":-0.0025428097221554557,"upper_bound":0.011680286348567808},"point_estimate":0.0029283971641831386,"standard_error":0.003912328887351858},"median":{"confidence_interval":{"confidence_level":0.95,"lower_bound":-0.00032450735974721425,"upper_bound":0.000012855536161149317},"point_estimate":-0.0001627752410585659,"standard_error":0.00008290967533534169}}