{"mean":{"confidence_interval":{"confidence_level":0.95,"lower_bound":-0.002859823750828361,"upper_bound":0.00028938955590049857},"point_estimate":-0.0010863417122087826,"standard_error":0.0008137721432570418},"median":{"confidence_interval":{"confidence_level":0.95,"lower_bound":-0.00034208573939187303,"upper_bound":0.00018134777390010903},"point_estimate":-0.00003269271619488201,"standard_error":0.0001277268827350308}}