{"mean":{"confidence_interval":{"confidence_level":0.95,"lower_bound":-0.0003772579690270033,"upper_bound":0.0005102804125427458},"point_estimate":-0.000015175775698983429,"standard_error":0.00023583438314829435},"median":{"confidence_interval":{"confidence_level":0.95,"lower_bound":-0.0003562840426767355,"upper_bound":-0.00001668410014821209},"point_estimate":-0.00019724528373255001,"standard_error":0.00008238037561296892}}