{"mean":{"confidence_interval":{"confidence_level":0.95,"lower_bound":0.12853334555666612,"upper_bound":0.13459061806810046},"point_estimate":0.1308228677434704,"standard_error":0.001513280295901013},"median":{"confidence_interval":{"confidence_level":0.95,"lower_bound":0.12877142394031812,"upper_bound":0.12934920497177127},"point_estimate":0.12899763807748843,"standard_error":0.0001519665993848033}}