{"mean":{"confidence_interval":{"confidence_level":0.95,"lower_bound":0.12980914657377093,"upper_bound":0.13342007235495223},"point_estimate":0.13127961316906922,"standard_error":0.0009197762806220518},"median":{"confidence_interval":{"confidence_level":0.95,"lower_bound":0.12939415286260192,"upper_bound":0.13016252430864417},"point_estimate":0.1296712267856419,"standard_error":0.00019369077886580816}}