{"mean":{"confidence_interval":{"confidence_level":0.95,"lower_bound":-0.11939872449341815,"upper_bound":-0.11176070720617777},"point_estimate":-0.115685206737837,"standard_error":0.0018857627209049248},"median":{"confidence_interval":{"confidence_level":0.95,"lower_bound":-0.11513795444892816,"upper_bound":-0.11448323849605314},"point_estimate":-0.11476650363268359,"standard_error":0.00017793705351245236}}