{"mean":{"confidence_interval":{"confidence_level":0.95,"lower_bound":-0.05004362638645213,"upper_bound":-0.04078827042131335},"point_estimate":-0.045374437537178625,"standard_error":0.002389820705526743},"median":{"confidence_interval":{"confidence_level":0.95,"lower_bound":-0.05898005628967962,"upper_bound":-0.05217029526702843},"point_estimate":-0.05457444231006203,"standard_error":0.001920545103198102}}