{"mean":{"confidence_interval":{"confidence_level":0.95,"lower_bound":0.00046515651907670934,"upper_bound":0.0022519127318806507},"point_estimate":0.0014304292827753695,"standard_error":0.00045674450756074786},"median":{"confidence_interval":{"confidence_level":0.95,"lower_bound":0.0014693323085481769,"upper_bound":0.0022380248452991136},"point_estimate":0.0017904071325036686,"standard_error":0.00019907470939637594}}