{"mean":{"confidence_interval":{"confidence_level":0.95,"lower_bound":-0.0022589681502858034,"upper_bound":0.00018267293876738578},"point_estimate":-0.0008879119044142847,"standard_error":0.000622126090158928},"median":{"confidence_interval":{"confidence_level":0.95,"lower_bound":-0.0005807916153954817,"upper_bound":-0.00008809380388929977},"point_estimate":-0.0002991928526085985,"standard_error":0.00013894564184393476}}