{"mean":{"confidence_interval":{"confidence_level":0.95,"lower_bound":-0.22855624643937966,"upper_bound":-0.22437788722741112},"point_estimate":-0.22619089589866748,"standard_error":0.0010694027937858275},"median":{"confidence_interval":{"confidence_level":0.95,"lower_bound":-0.22432905244174184,"upper_bound":-0.22394856958509968},"point_estimate":-0.2240940282427072,"standard_error":0.00009985939739321048}}