{"mean":{"confidence_interval":{"confidence_level":0.95,"lower_bound":-0.0004910056075541819,"upper_bound":0.0010753595714161565},"point_estimate":0.00019916410703668674,"standard_error":0.0003920636407360619},"median":{"confidence_interval":{"confidence_level":0.95,"lower_bound":4.4565494272674755e-6,"upper_bound":0.000495192818352308},"point_estimate":0.0003188849325572729,"standard_error":0.0001253082467533498}}