{"mean":{"confidence_interval":{"confidence_level":0.95,"lower_bound":-0.5027120321643226,"upper_bound":-0.4997941814994046},"point_estimate":-0.5008086075524047,"standard_error":0.0009032549740058413},"median":{"confidence_interval":{"confidence_level":0.95,"lower_bound":-0.5000516693272878,"upper_bound":-0.49976184960307457},"point_estimate":-0.4998931914194332,"standard_error":0.0000764102419518243}}