{"mean":{"confidence_interval":{"confidence_level":0.95,"lower_bound":-0.11431887920345263,"upper_bound":-0.11320870114530024},"point_estimate":-0.11380328290201625,"standard_error":0.0002996712672670457},"median":{"confidence_interval":{"confidence_level":0.95,"lower_bound":-0.1144887191424816,"upper_bound":-0.1140326565551183},"point_estimate":-0.11425684185006679,"standard_error":0.00010812748141326619}}