{"mean":{"confidence_interval":{"confidence_level":0.95,"lower_bound":-0.5000180438368288,"upper_bound":-0.49951024924473403},"point_estimate":-0.49977186641168514,"standard_error":0.00012977176544155138},"median":{"confidence_interval":{"confidence_level":0.95,"lower_bound":-0.5000862087616138,"upper_bound":-0.4998361994865905},"point_estimate":-0.49993753636892635,"standard_error":0.00006186353840808897}}