{"mean":{"confidence_interval":{"confidence_level":0.95,"lower_bound":-0.0013013041486147651,"upper_bound":0.0005139854529265682},"point_estimate":-0.0003232359592020284,"standard_error":0.00046295330149258784},"median":{"confidence_interval":{"confidence_level":0.95,"lower_bound":-0.00005016225323783985,"upper_bound":0.0003191838459859486},"point_estimate":0.00011171811606880411,"standard_error":0.00010257242620887884}}