{"mean":{"confidence_interval":{"confidence_level":0.95,"lower_bound":-0.000591878672394297,"upper_bound":0.001095421119772316},"point_estimate":0.00019695659965868195,"standard_error":0.0004331340776157624},"median":{"confidence_interval":{"confidence_level":0.95,"lower_bound":-0.00004787814992668338,"upper_bound":0.00028161675951395243},"point_estimate":0.00012762289932144455,"standard_error":0.00008562136807886318}}