{"mean":{"confidence_interval":{"confidence_level":0.95,"lower_bound":-0.1161698002494127,"upper_bound":-0.11499999283213302},"point_estimate":-0.11553052142843678,"standard_error":0.00029839985256977425},"median":{"confidence_interval":{"confidence_level":0.95,"lower_bound":-0.11540019547746128,"upper_bound":-0.11500485811440264},"point_estimate":-0.11520355582073694,"standard_error":0.00009987179361332221}}