{"mean":{"confidence_interval":{"confidence_level":0.95,"lower_bound":0.12582031534805083,"upper_bound":0.13383324913425482},"point_estimate":0.12982134580133287,"standard_error":0.0019962638265860564},"median":{"confidence_interval":{"confidence_level":0.95,"lower_bound":0.1288936364786537,"upper_bound":0.12963424388085776},"point_estimate":0.12920428229322045,"standard_error":0.0002149458891114175}}