{"mean":{"confidence_interval":{"confidence_level":0.95,"lower_bound":-0.0012788612782706655,"upper_bound":0.0009850863450719222},"point_estimate":-0.00018348332587114768,"standard_error":0.0005762119350731869},"median":{"confidence_interval":{"confidence_level":0.95,"lower_bound":-0.00020472347473110553,"upper_bound":0.00010445830158478664},"point_estimate":-0.00007849354024891397,"standard_error":0.00007911044872432752}}