{"mean":{"confidence_interval":{"confidence_level":0.95,"lower_bound":-0.0014176829834819352,"upper_bound":0.0016462300655284514},"point_estimate":0.00016888963310313088,"standard_error":0.0007753547894724552},"median":{"confidence_interval":{"confidence_level":0.95,"lower_bound":0.0003939356557582929,"upper_bound":0.0007466724175149153},"point_estimate":0.0005395919109216774,"standard_error":0.00009332635004338041}}