{"mean":{"confidence_interval":{"confidence_level":0.95,"lower_bound":-0.0005579407337881537,"upper_bound":-0.00002819219451447335},"point_estimate":-0.0002825670666208868,"standard_error":0.0001349763093318149},"median":{"confidence_interval":{"confidence_level":0.95,"lower_bound":-0.0004279589874724987,"upper_bound":-0.00008002029810196603},"point_estimate":-0.00022666875606058845,"standard_error":0.00009400595936166161}}