{"mean":{"confidence_interval":{"confidence_level":0.95,"lower_bound":-0.001293254745269372,"upper_bound":0.0017884325524177116},"point_estimate":0.0003662196689098174,"standard_error":0.0007847388657945777},"median":{"confidence_interval":{"confidence_level":0.95,"lower_bound":0.0011331010444369074,"upper_bound":0.0016811254170263634},"point_estimate":0.0013688852614752722,"standard_error":0.00014000104173908444}}