{"mean":{"confidence_interval":{"confidence_level":0.95,"lower_bound":-0.0014772023130658785,"upper_bound":0.00020494661317371765},"point_estimate":-0.0005578307715498054,"standard_error":0.00043137035395696295},"median":{"confidence_interval":{"confidence_level":0.95,"lower_bound":-6.448323622398888e-6,"upper_bound":0.00037172151536535303},"point_estimate":0.00017576191186163825,"standard_error":0.00009746181215056934}}