{"mean":{"confidence_interval":{"confidence_level":0.95,"lower_bound":0.9983652412883668,"upper_bound":1.0002229856816305},"point_estimate":0.9993933798541401,"standard_error":0.0004743002039587542},"median":{"confidence_interval":{"confidence_level":0.95,"lower_bound":0.9991582523233238,"upper_bound":1.0001921419584057},"point_estimate":0.9995343756135529,"standard_error":0.0002470692437548277}}