{"mean":{"confidence_interval":{"confidence_level":0.95,"lower_bound":-0.0012826695241183984,"upper_bound":0.00212057434542166},"point_estimate":0.00023353970353912068,"standard_error":0.0008538392470927319},"median":{"confidence_interval":{"confidence_level":0.95,"lower_bound":-0.00028280566282590236,"upper_bound":0.00008168727319914353},"point_estimate":-0.000054629774202230585,"standard_error":0.00009095798141990073}}