{"mean":{"confidence_interval":{"confidence_level":0.95,"lower_bound":-0.00045382659062904134,"upper_bound":0.0008525352797006832},"point_estimate":0.00016742603091102204,"standard_error":0.0003318196905847138},"median":{"confidence_interval":{"confidence_level":0.95,"lower_bound":-0.00026651138037636635,"upper_bound":0.0002583818370729407},"point_estimate":0.000057077837375851814,"standard_error":0.00013439793858372015}}