{"mean":{"confidence_interval":{"confidence_level":0.95,"lower_bound":-0.0007700294670577145,"upper_bound":0.0010353573649301171},"point_estimate":0.0001665014192222536,"standard_error":0.0004613565009074615},"median":{"confidence_interval":{"confidence_level":0.95,"lower_bound":0.00010868965088572935,"upper_bound":0.0004377868267729234},"point_estimate":0.00028126625059954335,"standard_error":0.0000821655500955663}}