{"mean":{"confidence_interval":{"confidence_level":0.95,"lower_bound":-0.002402254789821259,"upper_bound":0.0008015111679697817},"point_estimate":-0.0006943005109039113,"standard_error":0.0008118174534120015},"median":{"confidence_interval":{"confidence_level":0.95,"lower_bound":-0.0002495836661461606,"upper_bound":0.00016759930143650514},"point_estimate":-0.0000692645280527815,"standard_error":0.00010876026321284773}}