{"mean":{"confidence_interval":{"confidence_level":0.95,"lower_bound":-0.002186913721084543,"upper_bound":0.005761662187896199},"point_estimate":0.0018136494022953364,"standard_error":0.002028204574174424},"median":{"confidence_interval":{"confidence_level":0.95,"lower_bound":0.00029946922262791276,"upper_bound":0.0006955732498015177},"point_estimate":0.00046868794887244825,"standard_error":0.00009632432969578061}}