{"mean":{"confidence_interval":{"confidence_level":0.95,"lower_bound":0.14130028730401567,"upper_bound":0.14486374492507456},"point_estimate":0.1426104171790168,"standard_error":0.0010000200445511333},"median":{"confidence_interval":{"confidence_level":0.95,"lower_bound":0.14114872941881185,"upper_bound":0.14155393061937577},"point_estimate":0.14135077305238952,"standard_error":0.00010357718903222691}}