{"mean":{"confidence_interval":{"confidence_level":0.95,"lower_bound":5.314353653934644e-6,"upper_bound":0.001191442371965578},"point_estimate":0.0005507367001005292,"standard_error":0.0003059824225143965},"median":{"confidence_interval":{"confidence_level":0.95,"lower_bound":-0.00010368394321202955,"upper_bound":0.00030110959720386354},"point_estimate":0.000126952565287608,"standard_error":0.00010496405366316248}}