{"mean":{"confidence_interval":{"confidence_level":0.95,"lower_bound":-0.0020139240365436573,"upper_bound":0.0008380491444155969},"point_estimate":-0.0002520098350927702,"standard_error":0.0007753839187426382},"median":{"confidence_interval":{"confidence_level":0.95,"lower_bound":-0.00004505895117112857,"upper_bound":0.000340317990949357},"point_estimate":0.00012266574769093097,"standard_error":0.00009387362556927894}}