{"mean":{"confidence_interval":{"confidence_level":0.95,"lower_bound":-0.1178743741801316,"upper_bound":-0.11154745760154618},"point_estimate":-0.11497718149844771,"standard_error":0.0015673970845503649},"median":{"confidence_interval":{"confidence_level":0.95,"lower_bound":-0.11541733752834482,"upper_bound":-0.11493430785063241},"point_estimate":-0.11517958353586999,"standard_error":0.00011897049058799936}}