{"mean":{"confidence_interval":{"confidence_level":0.95,"lower_bound":-0.000989960046591969,"upper_bound":0.002073004949442181},"point_estimate":0.00040666412982615086,"standard_error":0.0007823816471071549},"median":{"confidence_interval":{"confidence_level":0.95,"lower_bound":-0.0006028827608468568,"upper_bound":-0.00008915219621732367},"point_estimate":-0.0002946490341115826,"standard_error":0.0001351995123578981}}