{"mean":{"confidence_interval":{"confidence_level":0.95,"lower_bound":-0.0004075473225727544,"upper_bound":0.00009749066442220621},"point_estimate":-0.0001450864816572306,"standard_error":0.00012836089804274046},"median":{"confidence_interval":{"confidence_level":0.95,"lower_bound":-0.0002897951135389931,"upper_bound":0.0000468162084874546},"point_estimate":-0.00012227092642080883,"standard_error":0.00008543017807656866}}