{"mean":{"confidence_interval":{"confidence_level":0.95,"lower_bound":-0.4355046921552406,"upper_bound":-0.4351365007363188},"point_estimate":-0.43532016191437084,"standard_error":0.00009385693002211703},"median":{"confidence_interval":{"confidence_level":0.95,"lower_bound":-0.43547553270944106,"upper_bound":-0.43512575990765323},"point_estimate":-0.43536511165932723,"standard_error":0.00008613523435904683}}