{"mean":{"confidence_interval":{"confidence_level":0.95,"lower_bound":0.14153734306536805,"upper_bound":0.14349288065639176},"point_estimate":0.14234457802858458,"standard_error":0.0004870041139020193},"median":{"confidence_interval":{"confidence_level":0.95,"lower_bound":0.14154867631461387,"upper_bound":0.14204544858954682},"point_estimate":0.14183672333054775,"standard_error":0.00012525607462531346}}