{"mean":{"confidence_interval":{"confidence_level":0.95,"lower_bound":6828959.975,"upper_bound":6841449.579843749},"point_estimate":6833919.0725,"standard_error":3312.9263652212126},"median":{"confidence_interval":{"confidence_level":0.95,"lower_bound":6826981.1875,"upper_bound":6831283.4375},"point_estimate":6828570.3125,"standard_error":1372.9773183447205},"median_abs_dev":{"confidence_interval":{"confidence_level":0.95,"lower_bound":6706.448318436742,"upper_bound":12159.636346623302},"point_estimate":9879.397587105632,"standard_error":1422.8152707513864},"slope":null,"std_dev":{"confidence_interval":{"confidence_level":0.95,"lower_bound":10376.258480459903,"upper_bound":54784.11110719778},"point_estimate":33453.81008282175,"standard_error":14642.748812412283}}