{"mean":{"confidence_interval":{"confidence_level":0.95,"lower_bound":6823501.40221875,"upper_bound":6829814.7290625},"point_estimate":6826442.88625,"standard_error":1619.6656595378352},"median":{"confidence_interval":{"confidence_level":0.95,"lower_bound":6819744.625,"upper_bound":6825466.5},"point_estimate":6821545.625,"standard_error":1350.2703383755004},"median_abs_dev":{"confidence_interval":{"confidence_level":0.95,"lower_bound":7009.918000549078,"upper_bound":12579.212139174342},"point_estimate":9541.179468110204,"standard_error":1345.7516343998764},"slope":null,"std_dev":{"confidence_interval":{"confidence_level":0.95,"lower_bound":10557.386186734539,"upper_bound":21477.452470247463},"point_estimate":16254.481345171707,"standard_error":2812.2210591270646}}