{"mean":{"confidence_interval":{"confidence_level":0.95,"lower_bound":7675629.354285716,"upper_bound":7694861.188571428},"point_estimate":7682799.067142857,"standard_error":5367.1043660198975},"median":{"confidence_interval":{"confidence_level":0.95,"lower_bound":7672442.428571428,"upper_bound":7676709.571428571},"point_estimate":7675148.714285715,"standard_error":1164.3193407577983},"median_abs_dev":{"confidence_interval":{"confidence_level":0.95,"lower_bound":5010.234811050748,"upper_bound":9301.408634866692},"point_estimate":6809.0521791156525,"standard_error":1063.4029807735628},"slope":null,"std_dev":{"confidence_interval":{"confidence_level":0.95,"lower_bound":9072.769286187988,"upper_bound":90541.65108311936},"point_estimate":53829.1874021653,"standard_error":27235.39893731665}}