{"mean":{"confidence_interval":{"confidence_level":0.95,"lower_bound":7674948.103964284,"upper_bound":7679669.525642855},"point_estimate":7677164.544285715,"standard_error":1203.0406276654292},"median":{"confidence_interval":{"confidence_level":0.95,"lower_bound":7673111.0,"upper_bound":7675990.285714285},"point_estimate":7674572.142857143,"standard_error":638.047901312213},"median_abs_dev":{"confidence_interval":{"confidence_level":0.95,"lower_bound":4596.165818401647,"upper_bound":7780.684661865234},"point_estimate":6274.045388613724,"standard_error":806.310457700118},"slope":null,"std_dev":{"confidence_interval":{"confidence_level":0.95,"lower_bound":8211.221025115887,"upper_bound":15409.04722243082},"point_estimate":12092.1012284817,"standard_error":1842.5749436862923}}