{"mean":{"confidence_interval":{"confidence_level":0.95,"lower_bound":6863957.26115625,"upper_bound":6872302.04421875},"point_estimate":6868010.9825,"standard_error":2134.89816413231},"median":{"confidence_interval":{"confidence_level":0.95,"lower_bound":6859822.8125,"upper_bound":6868978.625},"point_estimate":6863485.25,"standard_error":2611.4557368273017},"median_abs_dev":{"confidence_interval":{"confidence_level":0.95,"lower_bound":13057.257968187332,"upper_bound":22618.54519844055},"point_estimate":16302.947298064828,"standard_error":2593.8843441965937},"slope":null,"std_dev":{"confidence_interval":{"confidence_level":0.95,"lower_bound":16361.02367059591,"upper_bound":26557.791602729718},"point_estimate":21444.977569840587,"standard_error":2647.0684478194503}}