{"mean":{"confidence_interval":{"confidence_level":0.95,"lower_bound":6818818.9675,"upper_bound":6830112.41440625},"point_estimate":6823256.47,"standard_error":3014.396706355901},"median":{"confidence_interval":{"confidence_level":0.95,"lower_bound":6816111.0,"upper_bound":6820884.5},"point_estimate":6819065.1875,"standard_error":1188.7494577594732},"median_abs_dev":{"confidence_interval":{"confidence_level":0.95,"lower_bound":6818.47727894783,"upper_bound":11468.00345890224},"point_estimate":9240.39699845016,"standard_error":1173.7286412486765},"slope":null,"std_dev":{"confidence_interval":{"confidence_level":0.95,"lower_bound":9196.358171791755,"upper_bound":49946.5022011158},"point_estimate":30413.745343052047,"standard_error":13562.634066228127}}