{"mean":{"confidence_interval":{"confidence_level":0.95,"lower_bound":6824573.581375,"upper_bound":6828070.45840625},"point_estimate":6826244.675,"standard_error":892.9911033286962},"median":{"confidence_interval":{"confidence_level":0.95,"lower_bound":6822517.5,"upper_bound":6826535.625},"point_estimate":6824403.5,"standard_error":821.6060284429484},"median_abs_dev":{"confidence_interval":{"confidence_level":0.95,"lower_bound":5111.634059250355,"upper_bound":8759.107981994748},"point_estimate":6772.331354767084,"standard_error":976.1615948654949},"slope":null,"std_dev":{"confidence_interval":{"confidence_level":0.95,"lower_bound":6753.410884014662,"upper_bound":11022.080566514385},"point_estimate":8926.472639501859,"standard_error":1104.2580529739519}}