{"mean":{"confidence_interval":{"confidence_level":0.95,"lower_bound":7676984.122857142,"upper_bound":7702446.3806785755},"point_estimate":7686248.3714285735,"standard_error":7191.842762414081},"median":{"confidence_interval":{"confidence_level":0.95,"lower_bound":7674481.857142857,"upper_bound":7678247.571428572},"point_estimate":7676438.428571429,"standard_error":925.9987484334727},"median_abs_dev":{"confidence_interval":{"confidence_level":0.95,"lower_bound":6361.942387052156,"upper_bound":11296.246899450542},"point_estimate":8613.376347082494,"standard_error":1235.260241287234},"slope":null,"std_dev":{"confidence_interval":{"confidence_level":0.95,"lower_bound":10752.4728060679,"upper_bound":122289.7926961972},"point_estimate":72292.25761886143,"standard_error":37991.727773588544}}