{"mean":{"confidence_interval":{"confidence_level":0.95,"lower_bound":5964563.043388889,"upper_bound":5969619.837944442},"point_estimate":5966734.737777778,"standard_error":1309.6980742454177},"median":{"confidence_interval":{"confidence_level":0.95,"lower_bound":5963959.5,"upper_bound":5966803.777777778},"point_estimate":5965484.0,"standard_error":763.6998366942698},"median_abs_dev":{"confidence_interval":{"confidence_level":0.95,"lower_bound":4760.546148816131,"upper_bound":8337.236218650598},"point_estimate":6720.543314019916,"standard_error":914.5448110826364},"slope":null,"std_dev":{"confidence_interval":{"confidence_level":0.95,"lower_bound":6316.172271513107,"upper_bound":20352.341640763698},"point_estimate":13149.662572730187,"standard_error":4410.001729634985}}