{"mean":{"confidence_interval":{"confidence_level":0.95,"lower_bound":6229142.54490625,"upper_bound":6281114.208125},"point_estimate":6254662.6,"standard_error":13270.991756160602},"median":{"confidence_interval":{"confidence_level":0.95,"lower_bound":6206040.9375,"upper_bound":6269582.25},"point_estimate":6216081.0,"standard_error":17583.03597280412},"median_abs_dev":{"confidence_interval":{"confidence_level":0.95,"lower_bound":98573.7171124667,"upper_bound":156975.1833256334},"point_estimate":138083.61647352576,"standard_error":15594.984837413815},"slope":null,"std_dev":{"confidence_interval":{"confidence_level":0.95,"lower_bound":112603.48045775633,"upper_bound":152576.6388365174},"point_estimate":133714.5155470714,"standard_error":10245.601524625266}}