{"mean":{"confidence_interval":{"confidence_level":0.95,"lower_bound":6824665.98859375,"upper_bound":7137910.91625},"point_estimate":6932210.9575,"standard_error":98072.82778413824},"median":{"confidence_interval":{"confidence_level":0.95,"lower_bound":6820920.3125,"upper_bound":6824574.0},"point_estimate":6822646.0625,"standard_error":898.9636669854042},"median_abs_dev":{"confidence_interval":{"confidence_level":0.95,"lower_bound":8008.912395313382,"upper_bound":12158.709721639752},"point_estimate":10461.688726767898,"standard_error":1051.6912474052024},"slope":null,"std_dev":{"confidence_interval":{"confidence_level":0.95,"lower_bound":14512.944479727421,"upper_bound":1679489.5217151616},"point_estimate":981407.3521929448,"standard_error":586322.531200243}}