{"mean":{"confidence_interval":{"confidence_level":0.95,"lower_bound":6831208.1675,"upper_bound":6839503.6769062495},"point_estimate":6834996.56,"standard_error":2121.920794076734},"median":{"confidence_interval":{"confidence_level":0.95,"lower_bound":6827723.8125,"upper_bound":6833219.0},"point_estimate":6830036.9375,"standard_error":1448.1317965296375},"median_abs_dev":{"confidence_interval":{"confidence_level":0.95,"lower_bound":9859.104499965906,"upper_bound":16320.460510253906},"point_estimate":12958.109094947577,"standard_error":1651.2541463695147},"slope":null,"std_dev":{"confidence_interval":{"confidence_level":0.95,"lower_bound":12615.876853522193,"upper_bound":30621.260798975534},"point_estimate":21327.811532228414,"standard_error":5186.532605018551}}