{"mean":{"confidence_interval":{"confidence_level":0.95,"lower_bound":6815528.0375,"upper_bound":6835618.496531251},"point_estimate":6823217.41875,"standard_error":5363.191016482287},"median":{"confidence_interval":{"confidence_level":0.95,"lower_bound":6812155.375,"upper_bound":6817259.875},"point_estimate":6815154.75,"standard_error":1583.5542168127458},"median_abs_dev":{"confidence_interval":{"confidence_level":0.95,"lower_bound":6144.7282534092665,"upper_bound":9699.447015300393},"point_estimate":7826.089286059141,"standard_error":921.3737041706428},"slope":null,"std_dev":{"confidence_interval":{"confidence_level":0.95,"lower_bound":8237.39837362167,"upper_bound":90108.5414728654},"point_estimate":54262.10936523131,"standard_error":24829.45159062222}}