{"mean":{"confidence_interval":{"confidence_level":0.95,"lower_bound":3752946.0664285705,"upper_bound":3757080.7273035697},"point_estimate":3754789.92,"standard_error":1062.4281210197955},"median":{"confidence_interval":{"confidence_level":0.95,"lower_bound":3751556.214285714,"upper_bound":3754986.285714286},"point_estimate":3752995.75,"standard_error":808.3748209797477},"median_abs_dev":{"confidence_interval":{"confidence_level":0.95,"lower_bound":5594.379200680104,"upper_bound":8233.989603817463},"point_estimate":6700.928281034791,"standard_error":670.1252479860585},"slope":null,"std_dev":{"confidence_interval":{"confidence_level":0.95,"lower_bound":5974.901704657251,"upper_bound":15812.73807501881},"point_estimate":10707.592650518463,"standard_error":2922.0543201501073}}