{"mean":{"confidence_interval":{"confidence_level":0.95,"lower_bound":6516735.765812499,"upper_bound":6524909.5925},"point_estimate":6520285.4525,"standard_error":2103.095429761923},"median":{"confidence_interval":{"confidence_level":0.95,"lower_bound":6513271.4375,"upper_bound":6518781.125},"point_estimate":6515335.9375,"standard_error":1468.2812607910814},"median_abs_dev":{"confidence_interval":{"confidence_level":0.95,"lower_bound":7064.959524571896,"upper_bound":11432.794026089832},"point_estimate":9384.950495883822,"standard_error":1176.5794434495317},"slope":null,"std_dev":{"confidence_interval":{"confidence_level":0.95,"lower_bound":10118.00753905308,"upper_bound":32021.012740455928},"point_estimate":21126.012966948245,"standard_error":6328.7761325957645}}