{"mean":{"confidence_interval":{"confidence_level":0.95,"lower_bound":7685351.820000001,"upper_bound":7717812.552857145},"point_estimate":7699067.941428569,"standard_error":8452.300849670177},"median":{"confidence_interval":{"confidence_level":0.95,"lower_bound":7677104.428571428,"upper_bound":7683741.571428572},"point_estimate":7679774.142857143,"standard_error":1707.47212574965},"median_abs_dev":{"confidence_interval":{"confidence_level":0.95,"lower_bound":9860.166147446871,"upper_bound":17173.167295115138},"point_estimate":13761.175255689908,"standard_error":1940.4004972375044},"slope":null,"std_dev":{"confidence_interval":{"confidence_level":0.95,"lower_bound":30159.712928810146,"upper_bound":133299.28902220525},"point_estimate":85174.7417219361,"standard_error":29254.821282858393}}