{"mean":{"confidence_interval":{"confidence_level":0.95,"lower_bound":7661415.9747857135,"upper_bound":7670806.086178576},"point_estimate":7665534.390000002,"standard_error":2414.417308345759},"median":{"confidence_interval":{"confidence_level":0.95,"lower_bound":7657218.857142857,"upper_bound":7664436.142857143},"point_estimate":7660401.142857143,"standard_error":1569.6298811687718},"median_abs_dev":{"confidence_interval":{"confidence_level":0.95,"lower_bound":7175.360272612976,"upper_bound":11997.447852003206},"point_estimate":9612.966429335927,"standard_error":1119.492682496657},"slope":null,"std_dev":{"confidence_interval":{"confidence_level":0.95,"lower_bound":9626.369229922142,"upper_bound":36304.925577512586},"point_estimate":24257.97565515198,"standard_error":6901.322627442584}}