{"mean":{"confidence_interval":{"confidence_level":0.95,"lower_bound":7677734.880142861,"upper_bound":7692483.092857143},"point_estimate":7683509.084285715,"standard_error":3956.257799009934},"median":{"confidence_interval":{"confidence_level":0.95,"lower_bound":7674698.928571428,"upper_bound":7679496.0},"point_estimate":7676757.714285715,"standard_error":1126.3304106743997},"median_abs_dev":{"confidence_interval":{"confidence_level":0.95,"lower_bound":6859.8841782135,"upper_bound":12690.843974692678},"point_estimate":9837.792125344276,"standard_error":1486.8084880849462},"slope":null,"std_dev":{"confidence_interval":{"confidence_level":0.95,"lower_bound":10914.33315122428,"upper_bound":65793.95366964448},"point_estimate":39854.064300456645,"standard_error":18178.06854170759}}