{"mean":{"confidence_interval":{"confidence_level":0.95,"lower_bound":7671260.138571424,"upper_bound":7679039.09142857},"point_estimate":7674741.7514285715,"standard_error":2008.420017254554},"median":{"confidence_interval":{"confidence_level":0.95,"lower_bound":7668440.0,"upper_bound":7671366.571428572},"point_estimate":7669550.214285715,"standard_error":804.0738329008752},"median_abs_dev":{"confidence_interval":{"confidence_level":0.95,"lower_bound":4839.418114082957,"upper_bound":9569.653330104495},"point_estimate":7119.97457359469,"standard_error":1207.6188741092765},"slope":null,"std_dev":{"confidence_interval":{"confidence_level":0.95,"lower_bound":9807.22595339108,"upper_bound":29798.751551009143},"point_estimate":20254.812643668283,"standard_error":5340.522165693345}}