{"mean":{"confidence_interval":{"confidence_level":0.95,"lower_bound":3753839.122125001,"upper_bound":3760263.680714285},"point_estimate":3756821.7057142872,"standard_error":1640.8569450933883},"median":{"confidence_interval":{"confidence_level":0.95,"lower_bound":3750252.178571428,"upper_bound":3753005.1428571427},"point_estimate":3751419.3214285714,"standard_error":751.3638289442575},"median_abs_dev":{"confidence_interval":{"confidence_level":0.95,"lower_bound":4670.430839583366,"upper_bound":8917.838841676712},"point_estimate":6349.975687265396,"standard_error":1122.1469029087643},"slope":null,"std_dev":{"confidence_interval":{"confidence_level":0.95,"lower_bound":10313.485929524859,"upper_bound":21887.04245891049},"point_estimate":16442.81846282348,"standard_error":3014.3274461378687}}