{"mean":{"confidence_interval":{"confidence_level":0.95,"lower_bound":6822432.9825,"upper_bound":6849347.04},"point_estimate":6833252.1525,"standard_error":7041.696701655559},"median":{"confidence_interval":{"confidence_level":0.95,"lower_bound":6817700.75,"upper_bound":6822063.3125},"point_estimate":6819487.9375,"standard_error":1120.841536568499},"median_abs_dev":{"confidence_interval":{"confidence_level":0.95,"lower_bound":7064.959524571896,"upper_bound":11856.91259762272},"point_estimate":9411.822620406747,"standard_error":1287.0960680691237},"slope":null,"std_dev":{"confidence_interval":{"confidence_level":0.95,"lower_bound":16774.86411660974,"upper_bound":114876.27790653429},"point_estimate":70484.42525679334,"standard_error":28096.97638681373}}