{"mean":{"confidence_interval":{"confidence_level":0.95,"lower_bound":6870150.145,"upper_bound":6904767.2945625},"point_estimate":6883670.005,"standard_error":9159.18314132065},"median":{"confidence_interval":{"confidence_level":0.95,"lower_bound":6865736.25,"upper_bound":6874111.25},"point_estimate":6870533.3125,"standard_error":2026.9748891726383},"median_abs_dev":{"confidence_interval":{"confidence_level":0.95,"lower_bound":12440.218391641974,"upper_bound":20360.91608852148},"point_estimate":15484.922762587667,"standard_error":1976.9199964674935},"slope":null,"std_dev":{"confidence_interval":{"confidence_level":0.95,"lower_bound":21118.17231362187,"upper_bound":150698.91144002683},"point_estimate":91602.6011328066,"standard_error":40268.43413153241}}