{"mean":{"confidence_interval":{"confidence_level":0.95,"lower_bound":4193.223246919858,"upper_bound":4207.862234423747},"point_estimate":4200.259119806264,"standard_error":3.7391907716059216},"median":{"confidence_interval":{"confidence_level":0.95,"lower_bound":4189.4484126984125,"upper_bound":4206.386243386243},"point_estimate":4197.015306122449,"standard_error":3.644961983964412},"median_abs_dev":{"confidence_interval":{"confidence_level":0.95,"lower_bound":25.21709556602138,"upper_bound":39.986452822478945},"point_estimate":33.69154512981203,"standard_error":4.026633354450122},"slope":{"confidence_interval":{"confidence_level":0.95,"lower_bound":4198.680077693862,"upper_bound":4217.740308506434},"point_estimate":4207.578401486204,"standard_error":4.890247057075915},"std_dev":{"confidence_interval":{"confidence_level":0.95,"lower_bound":29.404848413305753,"upper_bound":45.06475879823293},"point_estimate":37.553220710867016,"standard_error":4.025111591876269}}