{"mean":{"confidence_interval":{"confidence_level":0.95,"lower_bound":6148.581226901161,"upper_bound":6198.782269389825},"point_estimate":6173.370724541949,"standard_error":12.827724427458602},"median":{"confidence_interval":{"confidence_level":0.95,"lower_bound":6128.440979301822,"upper_bound":6192.108045977012},"point_estimate":6166.187096774194,"standard_error":16.465049804482927},"median_abs_dev":{"confidence_interval":{"confidence_level":0.95,"lower_bound":92.2739696763107,"upper_bound":144.52403790900547},"point_estimate":119.78123054897883,"standard_error":13.47944860943576},"slope":{"confidence_interval":{"confidence_level":0.95,"lower_bound":6133.626005792647,"upper_bound":6196.9563986184785},"point_estimate":6164.801338850303,"standard_error":16.2308045692781},"std_dev":{"confidence_interval":{"confidence_level":0.95,"lower_bound":109.34763021467906,"upper_bound":145.8566786051348},"point_estimate":129.10856277477563,"standard_error":9.304038913200236}}