{"mean":{"confidence_interval":{"confidence_level":0.95,"lower_bound":4375.083762923643,"upper_bound":4389.441886150807},"point_estimate":4382.065349988884,"standard_error":3.682813668275111},"median":{"confidence_interval":{"confidence_level":0.95,"lower_bound":4373.388888888889,"upper_bound":4382.850274725275},"point_estimate":4378.3431085043985,"standard_error":2.351822388578174},"median_abs_dev":{"confidence_interval":{"confidence_level":0.95,"lower_bound":26.292106715352517,"upper_bound":43.511284342651265},"point_estimate":36.6099812603692,"standard_error":4.335602531357581},"slope":{"confidence_interval":{"confidence_level":0.95,"lower_bound":4380.474667983235,"upper_bound":4395.526634371276},"point_estimate":4387.8751409149445,"standard_error":3.819740741143243},"std_dev":{"confidence_interval":{"confidence_level":0.95,"lower_bound":28.863605005963457,"upper_bound":44.47622126402536},"point_estimate":36.94996351235881,"standard_error":4.006273624158442}}