{"mean":{"confidence_interval":{"confidence_level":0.95,"lower_bound":4362.846679141529,"upper_bound":4391.674422895527},"point_estimate":4376.111169944785,"standard_error":7.396944426290924},"median":{"confidence_interval":{"confidence_level":0.95,"lower_bound":4354.370535714285,"upper_bound":4369.879049521907},"point_estimate":4364.6190283467695,"standard_error":4.081997306914488},"median_abs_dev":{"confidence_interval":{"confidence_level":0.95,"lower_bound":24.893090810559613,"upper_bound":40.950448277544545},"point_estimate":30.719388935141236,"standard_error":4.269117018022029},"slope":{"confidence_interval":{"confidence_level":0.95,"lower_bound":4363.607899973995,"upper_bound":4376.963301221594},"point_estimate":4370.1980647680975,"standard_error":3.4099339366132058},"std_dev":{"confidence_interval":{"confidence_level":0.95,"lower_bound":40.98366819828025,"upper_bound":101.0125993389355},"point_estimate":74.78143818518066,"standard_error":15.023243044363964}}