{"mean":{"confidence_interval":{"confidence_level":0.95,"lower_bound":37872.75680625339,"upper_bound":37979.2613531061},"point_estimate":37922.11885689469,"standard_error":27.24670713975565},"median":{"confidence_interval":{"confidence_level":0.95,"lower_bound":37859.64090909091,"upper_bound":37933.287912087915},"point_estimate":37907.17592948718,"standard_error":16.016643999802618},"median_abs_dev":{"confidence_interval":{"confidence_level":0.95,"lower_bound":101.65644740748009,"upper_bound":169.62231548900357},"point_estimate":127.51844086887762,"standard_error":17.178168369460725},"slope":{"confidence_interval":{"confidence_level":0.95,"lower_bound":37964.6447761732,"upper_bound":38074.772230962706},"point_estimate":38013.962919462094,"standard_error":28.190815845468162},"std_dev":{"confidence_interval":{"confidence_level":0.95,"lower_bound":165.18943178382077,"upper_bound":370.47714208119953},"point_estimate":273.91057246505,"standard_error":52.895435116747656}}