{"mean":{"confidence_interval":{"confidence_level":0.95,"lower_bound":35453.398134041745,"upper_bound":35566.54929288479},"point_estimate":35507.73638160639,"standard_error":28.961036066002993},"median":{"confidence_interval":{"confidence_level":0.95,"lower_bound":35460.392857142855,"upper_bound":35527.97},"point_estimate":35493.17315789474,"standard_error":17.151147363320295},"median_abs_dev":{"confidence_interval":{"confidence_level":0.95,"lower_bound":151.80130637906007,"upper_bound":285.74838478348073},"point_estimate":210.6919142381927,"standard_error":34.00236025311941},"slope":{"confidence_interval":{"confidence_level":0.95,"lower_bound":35487.42529562936,"upper_bound":35558.92137679324},"point_estimate":35521.604288163144,"standard_error":18.30292402244037},"std_dev":{"confidence_interval":{"confidence_level":0.95,"lower_bound":207.84812717167114,"upper_bound":371.0695716056037},"point_estimate":290.6412741322124,"standard_error":42.3398280021907}}