{"mean":{"confidence_interval":{"confidence_level":0.95,"lower_bound":24867.55824636915,"upper_bound":25177.445517882217},"point_estimate":24999.581622709167,"standard_error":80.19897170993093},"median":{"confidence_interval":{"confidence_level":0.95,"lower_bound":24816.573438466294,"upper_bound":24874.735399807854},"point_estimate":24854.39279513889,"standard_error":16.245768594468018},"median_abs_dev":{"confidence_interval":{"confidence_level":0.95,"lower_bound":85.77211953068095,"upper_bound":133.40912349259432},"point_estimate":117.96240432838778,"standard_error":12.52601037512783},"slope":{"confidence_interval":{"confidence_level":0.95,"lower_bound":24860.89685328873,"upper_bound":24974.336388377582},"point_estimate":24910.05163464854,"standard_error":29.007558861508087},"std_dev":{"confidence_interval":{"confidence_level":0.95,"lower_bound":256.72219406349967,"upper_bound":1250.1485038103112},"point_estimate":803.7903320935868,"standard_error":266.4408510084192}}