{"mean":{"confidence_interval":{"confidence_level":0.95,"lower_bound":24403.143593817866,"upper_bound":24605.525134761287},"point_estimate":24490.92919508818,"standard_error":52.090511850418366},"median":{"confidence_interval":{"confidence_level":0.95,"lower_bound":24367.666666666668,"upper_bound":24399.401515151516},"point_estimate":24381.013044174135,"standard_error":7.867286678807379},"median_abs_dev":{"confidence_interval":{"confidence_level":0.95,"lower_bound":62.5338626792607,"upper_bound":106.95891478816401},"point_estimate":76.47707609392367,"standard_error":11.266126818878412},"slope":{"confidence_interval":{"confidence_level":0.95,"lower_bound":24394.14497165859,"upper_bound":24501.75924034063},"point_estimate":24440.76770047154,"standard_error":27.714819480952478},"std_dev":{"confidence_interval":{"confidence_level":0.95,"lower_bound":176.6659208435091,"upper_bound":763.9947439725158},"point_estimate":521.9689207581199,"standard_error":145.959045969831}}