{"mean":{"confidence_interval":{"confidence_level":0.95,"lower_bound":24811.6569119737,"upper_bound":24872.28745114078},"point_estimate":24839.15635686617,"standard_error":15.488629402791133},"median":{"confidence_interval":{"confidence_level":0.95,"lower_bound":24792.493957431456,"upper_bound":24847.683367026053},"point_estimate":24826.863644894896,"standard_error":15.22572940429265},"median_abs_dev":{"confidence_interval":{"confidence_level":0.95,"lower_bound":81.0529759688092,"upper_bound":130.74620966446832},"point_estimate":112.4147498755592,"standard_error":13.165312463881692},"slope":{"confidence_interval":{"confidence_level":0.95,"lower_bound":24821.334640275323,"upper_bound":24894.99986292197},"point_estimate":24853.271918870993,"standard_error":18.891639846022787},"std_dev":{"confidence_interval":{"confidence_level":0.95,"lower_bound":95.30403465379666,"upper_bound":225.5672815418278},"point_estimate":156.2776343101282,"standard_error":38.806543976492286}}