{"mean":{"confidence_interval":{"confidence_level":0.95,"lower_bound":34160.17339811676,"upper_bound":34255.48522813825},"point_estimate":34200.82031909163,"standard_error":24.589537146808258},"median":{"confidence_interval":{"confidence_level":0.95,"lower_bound":34164.15932539683,"upper_bound":34224.6846925859},"point_estimate":34184.87207114919,"standard_error":15.563033864942414},"median_abs_dev":{"confidence_interval":{"confidence_level":0.95,"lower_bound":78.86370928148915,"upper_bound":144.07584161040012},"point_estimate":102.51059144709542,"standard_error":16.248384058503223},"slope":{"confidence_interval":{"confidence_level":0.95,"lower_bound":34201.352271529286,"upper_bound":34278.5273545047},"point_estimate":34235.51000650214,"standard_error":19.74580903743035},"std_dev":{"confidence_interval":{"confidence_level":0.95,"lower_bound":114.86302956677376,"upper_bound":388.3496357190666},"point_estimate":247.34770558075857,"standard_error":87.17350644957673}}