{"mean":{"confidence_interval":{"confidence_level":0.95,"lower_bound":34883.02704232414,"upper_bound":35016.68813146224},"point_estimate":34948.37287657105,"standard_error":34.11169195718168},"median":{"confidence_interval":{"confidence_level":0.95,"lower_bound":34848.77628865979,"upper_bound":34996.37056547619},"point_estimate":34908.44739786625,"standard_error":32.23737109797644},"median_abs_dev":{"confidence_interval":{"confidence_level":0.95,"lower_bound":172.7357377245024,"upper_bound":319.95294117684284},"point_estimate":248.23267264655792,"standard_error":35.846755777325924},"slope":{"confidence_interval":{"confidence_level":0.95,"lower_bound":34961.669498696254,"upper_bound":35106.73570574936},"point_estimate":35029.67020422639,"standard_error":37.015253294362196},"std_dev":{"confidence_interval":{"confidence_level":0.95,"lower_bound":271.2440693752645,"upper_bound":411.33895982136704},"point_estimate":343.1298935015407,"standard_error":36.018996134503986}}