{"mean":{"confidence_interval":{"confidence_level":0.95,"lower_bound":23782347.786666684,"upper_bound":24006584.951416668},"point_estimate":23893333.726666678,"standard_error":57105.4154112395},"median":{"confidence_interval":{"confidence_level":0.95,"lower_bound":23749513.0,"upper_bound":23980244.666666668},"point_estimate":23902463.0,"standard_error":69484.5401400838},"median_abs_dev":{"confidence_interval":{"confidence_level":0.95,"lower_bound":438727.5248110313,"upper_bound":758852.4879276752},"point_estimate":588466.6627526293,"standard_error":88047.00269841826},"slope":null,"std_dev":{"confidence_interval":{"confidence_level":0.95,"lower_bound":493385.687637282,"upper_bound":641396.67157992},"point_estimate":571757.6763070633,"standard_error":37725.92881133085}}