{"mean":{"confidence_interval":{"confidence_level":0.95,"lower_bound":25969000.635375,"upper_bound":26207495.89825},"point_estimate":26089292.23,"standard_error":60910.22179157372},"median":{"confidence_interval":{"confidence_level":0.95,"lower_bound":26017392.5,"upper_bound":26329758.25},"point_estimate":26225483.5,"standard_error":81221.35371950515},"median_abs_dev":{"confidence_interval":{"confidence_level":0.95,"lower_bound":445581.33738934994,"upper_bound":775345.3006848693},"point_estimate":589736.7567300797,"standard_error":84489.7553487177},"slope":null,"std_dev":{"confidence_interval":{"confidence_level":0.95,"lower_bound":533652.7297317681,"upper_bound":681798.7530823516},"point_estimate":612814.0973073138,"standard_error":37749.22676201096}}