{"mean":{"confidence_interval":{"confidence_level":0.95,"lower_bound":24429843.929333344,"upper_bound":24648013.9925},"point_estimate":24524265.289999995,"standard_error":56257.39378587254},"median":{"confidence_interval":{"confidence_level":0.95,"lower_bound":24369820.5,"upper_bound":24503127.833333336},"point_estimate":24451052.333333332,"standard_error":32158.484946722987},"median_abs_dev":{"confidence_interval":{"confidence_level":0.95,"lower_bound":187194.06107664292,"upper_bound":353254.64792847633},"point_estimate":295196.0329592228,"standard_error":41988.13943489644},"slope":null,"std_dev":{"confidence_interval":{"confidence_level":0.95,"lower_bound":282291.06359272334,"upper_bound":869329.3493436751},"point_estimate":567189.0090800936,"standard_error":182946.88114429434}}