{"mean":{"confidence_interval":{"confidence_level":0.95,"lower_bound":23667504.509333353,"upper_bound":23778996.064416673},"point_estimate":23723274.773333333,"standard_error":28512.934574781502},"median":{"confidence_interval":{"confidence_level":0.95,"lower_bound":23627231.166666668,"upper_bound":23763577.333333332},"point_estimate":23687844.333333332,"standard_error":31389.58680705597},"median_abs_dev":{"confidence_interval":{"confidence_level":0.95,"lower_bound":225377.4349987507,"upper_bound":369525.0027371175},"point_estimate":278345.04875838663,"standard_error":36358.853225263134},"slope":null,"std_dev":{"confidence_interval":{"confidence_level":0.95,"lower_bound":248810.27014958326,"upper_bound":320207.8962802559},"point_estimate":286314.7574366088,"standard_error":18160.07737829184}}