{"mean":{"confidence_interval":{"confidence_level":0.95,"lower_bound":25085094.176124997,"upper_bound":25221565.61575},"point_estimate":25153556.08,"standard_error":34830.24335104358},"median":{"confidence_interval":{"confidence_level":0.95,"lower_bound":25085261.0,"upper_bound":25218269.5},"point_estimate":25123227.25,"standard_error":36466.09161893556},"median_abs_dev":{"confidence_interval":{"confidence_level":0.95,"lower_bound":251414.85573649406,"upper_bound":435954.44511026144},"point_estimate":333072.75578677654,"standard_error":48857.86561260065},"slope":null,"std_dev":{"confidence_interval":{"confidence_level":0.95,"lower_bound":302283.22480606136,"upper_bound":391153.57781648706},"point_estimate":349438.3583777993,"standard_error":22701.14658436062}}