{"mean":{"confidence_interval":{"confidence_level":0.95,"lower_bound":23761308.987333335,"upper_bound":23935587.287666667},"point_estimate":23846711.089999996,"standard_error":44390.94998432141},"median":{"confidence_interval":{"confidence_level":0.95,"lower_bound":23646881.0,"upper_bound":23851806.333333336},"point_estimate":23736633.333333332,"standard_error":57937.22419241856},"median_abs_dev":{"confidence_interval":{"confidence_level":0.95,"lower_bound":311621.24533511524,"upper_bound":516391.5476322211},"point_estimate":379434.892463685,"standard_error":53429.57753436492},"slope":null,"std_dev":{"confidence_interval":{"confidence_level":0.95,"lower_bound":383429.60153450584,"upper_bound":499045.3039205251},"point_estimate":446451.4984386128,"standard_error":29423.18612286922}}