{"mean":{"confidence_interval":{"confidence_level":0.95,"lower_bound":20095779.888166662,"upper_bound":20361659.092999995},"point_estimate":20229018.703333333,"standard_error":67886.63230233132},"median":{"confidence_interval":{"confidence_level":0.95,"lower_bound":19954617.166666668,"upper_bound":20432068.666666668},"point_estimate":20250943.0,"standard_error":107854.50305016067},"median_abs_dev":{"confidence_interval":{"confidence_level":0.95,"lower_bound":665140.8029913884,"upper_bound":990564.288071469},"point_estimate":852371.9290673733,"standard_error":82589.08305772928},"slope":null,"std_dev":{"confidence_interval":{"confidence_level":0.95,"lower_bound":611038.0638473224,"upper_bound":741091.6906104923},"point_estimate":681355.3675294073,"standard_error":33121.58319507473}}