{"mean":{"confidence_interval":{"confidence_level":0.95,"lower_bound":26356760.819624998,"upper_bound":27781872.921125},"point_estimate":26996789.275,"standard_error":365650.2956089071},"median":{"confidence_interval":{"confidence_level":0.95,"lower_bound":25948045.5,"upper_bound":26234587.0},"point_estimate":26089991.5,"standard_error":84088.97339646897},"median_abs_dev":{"confidence_interval":{"confidence_level":0.95,"lower_bound":424907.9633563757,"upper_bound":662153.8057356694},"point_estimate":561535.110680759,"standard_error":62182.24235951422},"slope":null,"std_dev":{"confidence_interval":{"confidence_level":0.95,"lower_bound":1802411.263759798,"upper_bound":5105632.152430828},"point_estimate":3666068.605757833,"standard_error":840029.1247530454}}