{"mean":{"confidence_interval":{"confidence_level":0.95,"lower_bound":13371806.904875,"upper_bound":13943054.545},"point_estimate":13644978.1025,"standard_error":146232.81286556102},"median":{"confidence_interval":{"confidence_level":0.95,"lower_bound":12983730.0,"upper_bound":13062014.75},"point_estimate":13023049.625,"standard_error":20146.47913256251},"median_abs_dev":{"confidence_interval":{"confidence_level":0.95,"lower_bound":94880.09726554155,"upper_bound":169662.810587883},"point_estimate":136394.56445351243,"standard_error":18988.954959630515},"slope":null,"std_dev":{"confidence_interval":{"confidence_level":0.95,"lower_bound":1153179.4770802648,"upper_bound":1706214.8780418658},"point_estimate":1470171.480305378,"standard_error":141640.62435860062}}