{"mean":{"confidence_interval":{"confidence_level":0.95,"lower_bound":26289638.657500003,"upper_bound":26589392.915000003},"point_estimate":26443024.385,"standard_error":76275.00955026677},"median":{"confidence_interval":{"confidence_level":0.95,"lower_bound":26349137.0,"upper_bound":26705958.0},"point_estimate":26550768.5,"standard_error":105569.7417912823},"median_abs_dev":{"confidence_interval":{"confidence_level":0.95,"lower_bound":524557.2140872478,"upper_bound":821780.2299317339},"point_estimate":673028.1113013625,"standard_error":77475.75564540282},"slope":null,"std_dev":{"confidence_interval":{"confidence_level":0.95,"lower_bound":640874.3847391936,"upper_bound":873420.6668440325},"point_estimate":767218.5452597778,"standard_error":59423.773269790894}}