{"mean":{"confidence_interval":{"confidence_level":0.95,"lower_bound":26942465.340375,"upper_bound":27203505.782375},"point_estimate":27073502.42,"standard_error":66809.50232311808},"median":{"confidence_interval":{"confidence_level":0.95,"lower_bound":26900591.5,"upper_bound":27290850.25},"point_estimate":27104527.25,"standard_error":117590.81058288459},"median_abs_dev":{"confidence_interval":{"confidence_level":0.95,"lower_bound":536192.288030684,"upper_bound":864629.324349761},"point_estimate":690320.0454443693,"standard_error":87439.65307815342},"slope":null,"std_dev":{"confidence_interval":{"confidence_level":0.95,"lower_bound":584900.1045306537,"upper_bound":748391.9319663608},"point_estimate":671456.0180214418,"standard_error":41666.87889850036}}