{"mean":{"confidence_interval":{"confidence_level":0.95,"lower_bound":12446564.711625,"upper_bound":13033759.05},"point_estimate":12725862.6,"standard_error":150601.31913847686},"median":{"confidence_interval":{"confidence_level":0.95,"lower_bound":12053331.5,"upper_bound":12080184.75},"point_estimate":12066092.0,"standard_error":6539.993537181703},"median_abs_dev":{"confidence_interval":{"confidence_level":0.95,"lower_bound":40541.88160523772,"upper_bound":81965.16889482737},"point_estimate":54213.49193751812,"standard_error":10690.364699441805},"slope":null,"std_dev":{"confidence_interval":{"confidence_level":0.95,"lower_bound":1176188.4462322206,"upper_bound":1761607.4606855062},"point_estimate":1508582.017184056,"standard_error":152327.30940432684}}