{"mean":{"confidence_interval":{"confidence_level":0.95,"lower_bound":26278396.777125,"upper_bound":26433409.768875},"point_estimate":26356751.005,"standard_error":39629.012688690236},"median":{"confidence_interval":{"confidence_level":0.95,"lower_bound":26287107.5,"upper_bound":26472513.0},"point_estimate":26409515.75,"standard_error":49033.76796902656},"median_abs_dev":{"confidence_interval":{"confidence_level":0.95,"lower_bound":249504.89632040262,"upper_bound":390336.69717013836},"point_estimate":323999.614597857,"standard_error":36700.692917538916},"slope":null,"std_dev":{"confidence_interval":{"confidence_level":0.95,"lower_bound":319663.9631908618,"upper_bound":467420.4921131642},"point_estimate":397747.82602212386,"standard_error":37754.91964415862}}