{"mean":{"confidence_interval":{"confidence_level":0.95,"lower_bound":24891896.67333333,"upper_bound":25012690.059416674},"point_estimate":24953169.70333334,"standard_error":30878.158066378095},"median":{"confidence_interval":{"confidence_level":0.95,"lower_bound":24919079.666666668,"upper_bound":25037888.166666664},"point_estimate":24983375.166666668,"standard_error":32834.40106806065},"median_abs_dev":{"confidence_interval":{"confidence_level":0.95,"lower_bound":184031.6753327865,"upper_bound":319099.9923348427},"point_estimate":241478.96491289232,"standard_error":34535.98093806285},"slope":null,"std_dev":{"confidence_interval":{"confidence_level":0.95,"lower_bound":253354.46790233973,"upper_bound":360207.70075399015},"point_estimate":308416.0541403724,"standard_error":27236.202805107725}}