{"mean":{"confidence_interval":{"confidence_level":0.95,"lower_bound":24331255.15725,"upper_bound":24530279.61333333},"point_estimate":24429302.94999999,"standard_error":51126.08324223252},"median":{"confidence_interval":{"confidence_level":0.95,"lower_bound":24168155.166666664,"upper_bound":24447093.333333332},"point_estimate":24268044.666666664,"standard_error":83483.31504268627},"median_abs_dev":{"confidence_interval":{"confidence_level":0.95,"lower_bound":355167.6960945111,"upper_bound":692155.9984117728},"point_estimate":468626.6242802097,"standard_error":83580.4401662065},"slope":null,"std_dev":{"confidence_interval":{"confidence_level":0.95,"lower_bound":448584.960090064,"upper_bound":570412.1648821186},"point_estimate":514628.42105149385,"standard_error":31137.72569586704}}