{"mean":{"confidence_interval":{"confidence_level":0.95,"lower_bound":23501499.116666652,"upper_bound":23795757.46375},"point_estimate":23632889.996666674,"standard_error":75119.52439862845},"median":{"confidence_interval":{"confidence_level":0.95,"lower_bound":23507730.0,"upper_bound":23682885.833333332},"point_estimate":23596321.666666664,"standard_error":46074.75156687367},"median_abs_dev":{"confidence_interval":{"confidence_level":0.95,"lower_bound":310260.2370917788,"upper_bound":500859.83030795865},"point_estimate":367650.19947290054,"standard_error":48474.22689362766},"slope":null,"std_dev":{"confidence_interval":{"confidence_level":0.95,"lower_bound":412557.4242841802,"upper_bound":1120302.1087883424},"point_estimate":756333.8441499099,"standard_error":207243.8425601973}}