{"mean":{"confidence_interval":{"confidence_level":0.95,"lower_bound":23924064.79475,"upper_bound":24043181.74525},"point_estimate":23982023.113333344,"standard_error":30451.082785101018},"median":{"confidence_interval":{"confidence_level":0.95,"lower_bound":23903988.333333336,"upper_bound":24027536.0},"point_estimate":23957687.666666664,"standard_error":35117.6818411045},"median_abs_dev":{"confidence_interval":{"confidence_level":0.95,"lower_bound":225168.8826024514,"upper_bound":366560.37111975247},"point_estimate":293486.8422895633,"standard_error":37192.722648688534},"slope":null,"std_dev":{"confidence_interval":{"confidence_level":0.95,"lower_bound":244153.82879704123,"upper_bound":364760.09742084093},"point_estimate":304753.8921776302,"standard_error":31096.985816707274}}