{"mean":{"confidence_interval":{"confidence_level":0.95,"lower_bound":24760814.699625,"upper_bound":24958871.246625002},"point_estimate":24860879.19,"standard_error":50493.29743556407},"median":{"confidence_interval":{"confidence_level":0.95,"lower_bound":24836074.5,"upper_bound":24990146.5},"point_estimate":24947178.75,"standard_error":39218.199636819016},"median_abs_dev":{"confidence_interval":{"confidence_level":0.95,"lower_bound":265487.69468665123,"upper_bound":503243.35686564445},"point_estimate":345286.7850199342,"standard_error":59720.898739567405},"slope":null,"std_dev":{"confidence_interval":{"confidence_level":0.95,"lower_bound":419200.0407830738,"upper_bound":583137.5137004083},"point_estimate":505532.72623529803,"standard_error":41824.00620989973}}