{"mean":{"confidence_interval":{"confidence_level":0.95,"lower_bound":79080.03700042861,"upper_bound":79268.0780195111},"point_estimate":79169.25197197095,"standard_error":47.937049008268616},"median":{"confidence_interval":{"confidence_level":0.95,"lower_bound":79080.7642857143,"upper_bound":79208.17633928571},"point_estimate":79118.64443084455,"standard_error":32.8968067120781},"median_abs_dev":{"confidence_interval":{"confidence_level":0.95,"lower_bound":226.46444815079812,"upper_bound":372.3653369660223},"point_estimate":289.5155522464322,"standard_error":36.731039551271024},"slope":{"confidence_interval":{"confidence_level":0.95,"lower_bound":79122.34228159061,"upper_bound":79372.37283034976},"point_estimate":79224.53016477021,"standard_error":65.53744957185557},"std_dev":{"confidence_interval":{"confidence_level":0.95,"lower_bound":328.33263494377377,"upper_bound":642.854073602027},"point_estimate":482.04436731542444,"standard_error":82.8553597483808}}