{"mean":{"confidence_interval":{"confidence_level":0.95,"lower_bound":76315.27437365518,"upper_bound":76640.32230013082},"point_estimate":76465.3481206637,"standard_error":83.41250359018565},"median":{"confidence_interval":{"confidence_level":0.95,"lower_bound":76255.05393258427,"upper_bound":76335.31962025317},"point_estimate":76292.64653225808,"standard_error":19.801817916716836},"median_abs_dev":{"confidence_interval":{"confidence_level":0.95,"lower_bound":131.95801640729232,"upper_bound":229.68185848652197},"point_estimate":176.99072465969982,"standard_error":25.40120000287478},"slope":{"confidence_interval":{"confidence_level":0.95,"lower_bound":76361.54893486628,"upper_bound":76856.4079068511},"point_estimate":76579.74151802866,"standard_error":127.25517834554485},"std_dev":{"confidence_interval":{"confidence_level":0.95,"lower_bound":504.6321016580074,"upper_bound":1109.1558172789485},"point_estimate":842.3346429656792,"standard_error":153.7329758745264}}