{"mean":{"confidence_interval":{"confidence_level":0.95,"lower_bound":77089.89334092467,"upper_bound":77251.14732112698},"point_estimate":77168.26394294172,"standard_error":40.99773351120581},"median":{"confidence_interval":{"confidence_level":0.95,"lower_bound":77118.65972222222,"upper_bound":77201.82647792023},"point_estimate":77160.30311783805,"standard_error":21.907571922276915},"median_abs_dev":{"confidence_interval":{"confidence_level":0.95,"lower_bound":139.59842973318032,"upper_bound":237.874434375356},"point_estimate":198.18175391557216,"standard_error":24.527726420190792},"slope":{"confidence_interval":{"confidence_level":0.95,"lower_bound":77176.3180415818,"upper_bound":77367.90648876826},"point_estimate":77254.8370393084,"standard_error":50.227495525879874},"std_dev":{"confidence_interval":{"confidence_level":0.95,"lower_bound":287.92399208503946,"upper_bound":524.1054033464192},"point_estimate":410.7296738734726,"standard_error":60.440158105416586}}