{"mean":{"confidence_interval":{"confidence_level":0.95,"lower_bound":54238869.2665,"upper_bound":54607172.146749996},"point_estimate":54408543.88,"standard_error":93414.22675003753},"median":{"confidence_interval":{"confidence_level":0.95,"lower_bound":54250200.0,"upper_bound":54579306.0},"point_estimate":54388048.5,"standard_error":93473.78301745963},"median_abs_dev":{"confidence_interval":{"confidence_level":0.95,"lower_bound":510968.44402849674,"upper_bound":907987.9605799913},"point_estimate":761908.1264734268,"standard_error":102030.00442898272},"slope":null,"std_dev":{"confidence_interval":{"confidence_level":0.95,"lower_bound":622416.9789328349,"upper_bound":1297244.0190090702},"point_estimate":930568.7416921061,"standard_error":199365.0570671962}}