{"mean":{"confidence_interval":{"confidence_level":0.95,"lower_bound":53440748.612,"upper_bound":54012479.02},"point_estimate":53716842.73,"standard_error":146453.8784493319},"median":{"confidence_interval":{"confidence_level":0.95,"lower_bound":52821515.0,"upper_bound":53523496.0},"point_estimate":52987928.5,"standard_error":168576.78453764506},"median_abs_dev":{"confidence_interval":{"confidence_level":0.95,"lower_bound":391656.2111467123,"upper_bound":1115669.8235929012},"point_estimate":674145.6210315228,"standard_error":193273.76513987294},"slope":null,"std_dev":{"confidence_interval":{"confidence_level":0.95,"lower_bound":1223077.777590911,"upper_bound":1674130.2100597264},"point_estimate":1471218.9707404615,"standard_error":114762.06172581363}}