{"mean":{"confidence_interval":{"confidence_level":0.95,"lower_bound":54257967.389249995,"upper_bound":54900323.4165},"point_estimate":54579548.97,"standard_error":163812.49237348995},"median":{"confidence_interval":{"confidence_level":0.95,"lower_bound":54646525.0,"upper_bound":55362748.5},"point_estimate":55203970.5,"standard_error":164283.46801793706},"median_abs_dev":{"confidence_interval":{"confidence_level":0.95,"lower_bound":591102.2313058376,"upper_bound":1705092.269128561},"point_estimate":996376.8645107746,"standard_error":254672.9683033323},"slope":null,"std_dev":{"confidence_interval":{"confidence_level":0.95,"lower_bound":1343657.147965689,"upper_bound":1948381.9606522622},"point_estimate":1651816.8921989284,"standard_error":155316.98438022172}}