{"mean":{"confidence_interval":{"confidence_level":0.95,"lower_bound":52956293.477749996,"upper_bound":53609496.02025},"point_estimate":53255213.33,"standard_error":167289.67426403708},"median":{"confidence_interval":{"confidence_level":0.95,"lower_bound":52778431.0,"upper_bound":53013322.0},"point_estimate":52892349.5,"standard_error":60856.406146969915},"median_abs_dev":{"confidence_interval":{"confidence_level":0.95,"lower_bound":352387.32694387436,"upper_bound":786208.0697695112},"point_estimate":533946.5197205544,"standard_error":109885.57394392679},"slope":null,"std_dev":{"confidence_interval":{"confidence_level":0.95,"lower_bound":864432.8263461409,"upper_bound":2482262.1299579623},"point_estimate":1678959.8881330239,"standard_error":439927.8025488051}}