{"mean":{"confidence_interval":{"confidence_level":0.95,"lower_bound":53569526.819749996,"upper_bound":53878272.50175},"point_estimate":53720622.09,"standard_error":78140.63753812111},"median":{"confidence_interval":{"confidence_level":0.95,"lower_bound":53854626.0,"upper_bound":53994166.0},"point_estimate":53924486.5,"standard_error":33798.96917886967},"median_abs_dev":{"confidence_interval":{"confidence_level":0.95,"lower_bound":204109.797831327,"upper_bound":447281.13825917244},"point_estimate":288290.82358181477,"standard_error":62147.99917151888},"slope":null,"std_dev":{"confidence_interval":{"confidence_level":0.95,"lower_bound":584734.5995788604,"upper_bound":1026107.415138218},"point_estimate":786249.3578269137,"standard_error":119274.86294718481}}