{"mean":{"confidence_interval":{"confidence_level":0.95,"lower_bound":51061503.4445,"upper_bound":51864928.07875},"point_estimate":51476912.83,"standard_error":204429.52100826596},"median":{"confidence_interval":{"confidence_level":0.95,"lower_bound":51994395.0,"upper_bound":52464917.0},"point_estimate":52258803.0,"standard_error":103893.93510006399},"median_abs_dev":{"confidence_interval":{"confidence_level":0.95,"lower_bound":584402.3620247841,"upper_bound":1051610.3852301836},"point_estimate":767860.0240677595,"standard_error":113951.44106381906},"slope":null,"std_dev":{"confidence_interval":{"confidence_level":0.95,"lower_bound":1664185.7805845677,"upper_bound":2334454.465447424},"point_estimate":2040391.2247456445,"standard_error":170027.79156059428}}