{"mean":{"confidence_interval":{"confidence_level":0.95,"lower_bound":43429117.391499996,"upper_bound":43535884.79425},"point_estimate":43478441.555,"standard_error":27280.35343095264},"median":{"confidence_interval":{"confidence_level":0.95,"lower_bound":43383529.5,"upper_bound":43509939.0},"point_estimate":43452532.75,"standard_error":30307.433845547122},"median_abs_dev":{"confidence_interval":{"confidence_level":0.95,"lower_bound":138619.39103901386,"upper_bound":215891.76036715508},"point_estimate":170806.2658175826,"standard_error":20097.921172495837},"slope":null,"std_dev":{"confidence_interval":{"confidence_level":0.95,"lower_bound":160434.31211224155,"upper_bound":387717.6060455329},"point_estimate":274726.311545166,"standard_error":60738.33826678337}}