{"mean":{"confidence_interval":{"confidence_level":0.95,"lower_bound":53492744.4,"upper_bound":53735575.85675},"point_estimate":53586419.92,"standard_error":64954.38280582338},"median":{"confidence_interval":{"confidence_level":0.95,"lower_bound":53459350.0,"upper_bound":53534463.0},"point_estimate":53485700.0,"standard_error":19382.11756818184},"median_abs_dev":{"confidence_interval":{"confidence_level":0.95,"lower_bound":137637.1685564518,"upper_bound":249973.76856207848},"point_estimate":179356.0492157936,"standard_error":29126.979233713988},"slope":null,"std_dev":{"confidence_interval":{"confidence_level":0.95,"lower_bound":191319.64140795206,"upper_bound":1072472.9766438284},"point_estimate":648185.7706145557,"standard_error":300399.02423099265}}