{"mean":{"confidence_interval":{"confidence_level":0.95,"lower_bound":48390256.73,"upper_bound":48532774.099249996},"point_estimate":48457664.655,"standard_error":36469.72540778901},"median":{"confidence_interval":{"confidence_level":0.95,"lower_bound":48327817.5,"upper_bound":48511163.5},"point_estimate":48454818.25,"standard_error":42488.48107346547},"median_abs_dev":{"confidence_interval":{"confidence_level":0.95,"lower_bound":269300.94181895256,"upper_bound":405671.96999788284},"point_estimate":344499.52443391085,"standard_error":33458.57499988812},"slope":null,"std_dev":{"confidence_interval":{"confidence_level":0.95,"lower_bound":264190.1246234911,"upper_bound":489735.3479025755},"point_estimate":365395.91282929265,"standard_error":64352.237080467974}}