{"mean":{"confidence_interval":{"confidence_level":0.95,"lower_bound":52876452.24,"upper_bound":54068177.614750005},"point_estimate":53453028.19,"standard_error":303584.5267526176},"median":{"confidence_interval":{"confidence_level":0.95,"lower_bound":52713037.5,"upper_bound":54562907.0},"point_estimate":53167847.0,"standard_error":508191.02455940406},"median_abs_dev":{"confidence_interval":{"confidence_level":0.95,"lower_bound":2214251.94118917,"upper_bound":3744008.230930567},"point_estimate":3042848.8970786333,"standard_error":392430.471032844},"slope":null,"std_dev":{"confidence_interval":{"confidence_level":0.95,"lower_bound":2326645.960315667,"upper_bound":3851842.4585194327},"point_estimate":3060187.1726160333,"standard_error":399390.0374330882}}