{"mean":{"confidence_interval":{"confidence_level":0.95,"lower_bound":54262831.3545,"upper_bound":54675973.4},"point_estimate":54473122.31,"standard_error":105779.73096036054},"median":{"confidence_interval":{"confidence_level":0.95,"lower_bound":54682766.0,"upper_bound":54863228.0},"point_estimate":54781434.5,"standard_error":48773.575073820866},"median_abs_dev":{"confidence_interval":{"confidence_level":0.95,"lower_bound":319076.2707352638,"upper_bound":903292.5664633512},"point_estimate":528619.5380151272,"standard_error":148422.61018972975},"slope":null,"std_dev":{"confidence_interval":{"confidence_level":0.95,"lower_bound":864232.1878207395,"upper_bound":1240018.7719016618},"point_estimate":1066524.6141531374,"standard_error":96056.60765112714}}