{"mean":{"confidence_interval":{"confidence_level":0.95,"lower_bound":49036784.7825,"upper_bound":49252846.146625},"point_estimate":49131153.785,"standard_error":55728.361691961225},"median":{"confidence_interval":{"confidence_level":0.95,"lower_bound":48990067.5,"upper_bound":49100103.5},"point_estimate":49035215.25,"standard_error":28150.016402195197},"median_abs_dev":{"confidence_interval":{"confidence_level":0.95,"lower_bound":168091.99591577053,"upper_bound":328611.28814723314},"point_estimate":229196.61253094673,"standard_error":41429.76845960644},"slope":null,"std_dev":{"confidence_interval":{"confidence_level":0.95,"lower_bound":282129.3633428527,"upper_bound":849744.5602345687},"point_estimate":560688.5772934696,"standard_error":170864.5413783401}}