{"mean":{"confidence_interval":{"confidence_level":0.95,"lower_bound":54491482.31925,"upper_bound":55007241.99275},"point_estimate":54764461.96,"standard_error":131204.66294147805},"median":{"confidence_interval":{"confidence_level":0.95,"lower_bound":54819124.0,"upper_bound":55233501.5},"point_estimate":55077178.0,"standard_error":96768.20538042512},"median_abs_dev":{"confidence_interval":{"confidence_level":0.95,"lower_bound":620742.36997962,"upper_bound":1280967.8598582745},"point_estimate":855464.6326124668,"standard_error":174876.65651458933},"slope":null,"std_dev":{"confidence_interval":{"confidence_level":0.95,"lower_bound":886386.8214323787,"upper_bound":1731519.1623567962},"point_estimate":1315605.511928245,"standard_error":222028.43632955453}}