{"mean":{"confidence_interval":{"confidence_level":0.95,"lower_bound":49291438.76,"upper_bound":49547652.69175},"point_estimate":49397526.92,"standard_error":66697.20928572756},"median":{"confidence_interval":{"confidence_level":0.95,"lower_bound":49292501.0,"upper_bound":49348604.5},"point_estimate":49324089.0,"standard_error":14646.978980747495},"median_abs_dev":{"confidence_interval":{"confidence_level":0.95,"lower_bound":162432.91181623936,"upper_bound":327045.24559378624},"point_estimate":224978.61560583115,"standard_error":45992.84151567352},"slope":null,"std_dev":{"confidence_interval":{"confidence_level":0.95,"lower_bound":266322.14414784947,"upper_bound":1077134.8127504494},"point_estimate":673021.7910474975,"standard_error":263507.59074264223}}