{"mean":{"confidence_interval":{"confidence_level":0.95,"lower_bound":48673918.10412499,"upper_bound":48958569.180375},"point_estimate":48779536.595,"standard_error":79340.63092042951},"median":{"confidence_interval":{"confidence_level":0.95,"lower_bound":48660682.75,"upper_bound":48737205.0},"point_estimate":48697611.0,"standard_error":20702.24527628446},"median_abs_dev":{"confidence_interval":{"confidence_level":0.95,"lower_bound":115180.96805512905,"upper_bound":189516.6774854064},"point_estimate":147621.73807919025,"standard_error":19605.33279493129},"slope":null,"std_dev":{"confidence_interval":{"confidence_level":0.95,"lower_bound":164674.014354995,"upper_bound":1336116.4688054689},"point_estimate":792764.1256347933,"standard_error":407386.14813826105}}