{"mean":{"confidence_interval":{"confidence_level":0.95,"lower_bound":49581046.85,"upper_bound":49767696.44725},"point_estimate":49673053.18,"standard_error":47331.54490489669},"median":{"confidence_interval":{"confidence_level":0.95,"lower_bound":49616737.0,"upper_bound":49774815.0},"point_estimate":49697373.0,"standard_error":42733.961009881896},"median_abs_dev":{"confidence_interval":{"confidence_level":0.95,"lower_bound":292306.4456105232,"upper_bound":529109.5373064273},"point_estimate":409652.75092720985,"standard_error":58504.14439541027},"slope":null,"std_dev":{"confidence_interval":{"confidence_level":0.95,"lower_bound":403179.8232179116,"upper_bound":542298.732235036},"point_estimate":476743.23523755994,"standard_error":35414.27691060138}}