{"mean":{"confidence_interval":{"confidence_level":0.95,"lower_bound":52630911.9925,"upper_bound":53275165.17375},"point_estimate":52973651.5,"standard_error":163804.0280044142},"median":{"confidence_interval":{"confidence_level":0.95,"lower_bound":52981186.0,"upper_bound":53511015.0},"point_estimate":53309268.5,"standard_error":122818.92747972297},"median_abs_dev":{"confidence_interval":{"confidence_level":0.95,"lower_bound":646874.6771156788,"upper_bound":1158929.1256248949},"point_estimate":818896.3042616844,"standard_error":130064.57364475807},"slope":null,"std_dev":{"confidence_interval":{"confidence_level":0.95,"lower_bound":1122230.7712848494,"upper_bound":2111075.299189553},"point_estimate":1652892.151825757,"standard_error":254274.2766425779}}