{"mean":{"confidence_interval":{"confidence_level":0.95,"lower_bound":53796196.468,"upper_bound":54085820.05},"point_estimate":53922882.55,"standard_error":74813.43761384604},"median":{"confidence_interval":{"confidence_level":0.95,"lower_bound":53758254.0,"upper_bound":53881449.0},"point_estimate":53829883.0,"standard_error":33557.14489596917},"median_abs_dev":{"confidence_interval":{"confidence_level":0.95,"lower_bound":219961.4972949028,"upper_bound":436011.506676748},"point_estimate":350866.92067086697,"standard_error":56318.29616145454},"slope":null,"std_dev":{"confidence_interval":{"confidence_level":0.95,"lower_bound":329521.3887303927,"upper_bound":1137418.1236356818},"point_estimate":751280.5180873813,"standard_error":217756.98346126793}}