{"mean":{"confidence_interval":{"confidence_level":0.95,"lower_bound":48942948.265,"upper_bound":49066362.78625},"point_estimate":49003291.095,"standard_error":31514.3343341076},"median":{"confidence_interval":{"confidence_level":0.95,"lower_bound":48857440.0,"upper_bound":49016077.5},"point_estimate":48936622.0,"standard_error":45452.57477080707},"median_abs_dev":{"confidence_interval":{"confidence_level":0.95,"lower_bound":216587.09975481033,"upper_bound":379709.0499088168},"point_estimate":319485.4683279991,"standard_error":43044.37544729466},"slope":null,"std_dev":{"confidence_interval":{"confidence_level":0.95,"lower_bound":266886.5764801389,"upper_bound":365796.6136634667},"point_estimate":317325.27285709017,"standard_error":25251.203412419734}}