{"mean":{"confidence_interval":{"confidence_level":0.95,"lower_bound":51108678.508,"upper_bound":52264886.77375},"point_estimate":51696277.2,"standard_error":295497.3502341974},"median":{"confidence_interval":{"confidence_level":0.95,"lower_bound":52227651.5,"upper_bound":53460379.5},"point_estimate":53153720.0,"standard_error":297527.78881252906},"median_abs_dev":{"confidence_interval":{"confidence_level":0.95,"lower_bound":1399867.9299473763,"upper_bound":3410704.3934053658},"point_estimate":2168866.590794921,"standard_error":491021.56905409583},"slope":null,"std_dev":{"confidence_interval":{"confidence_level":0.95,"lower_bound":2681618.085147969,"upper_bound":3174047.237080394},"point_estimate":2963360.8417795333,"standard_error":125296.83453444112}}