{"mean":{"confidence_interval":{"confidence_level":0.95,"lower_bound":49705879.07725,"upper_bound":50457664.28},"point_estimate":50060896.04,"standard_error":192164.07869687147},"median":{"confidence_interval":{"confidence_level":0.95,"lower_bound":49253844.0,"upper_bound":49359749.0},"point_estimate":49316904.0,"standard_error":23505.30419429047},"median_abs_dev":{"confidence_interval":{"confidence_level":0.95,"lower_bound":170050.51048099995,"upper_bound":356286.56487464905},"point_estimate":229414.55472707748,"standard_error":52464.42884147204},"slope":null,"std_dev":{"confidence_interval":{"confidence_level":0.95,"lower_bound":1461945.1569913542,"upper_bound":2292831.31988496},"point_estimate":1930873.3336177072,"standard_error":212306.8704028922}}