{"mean":{"confidence_interval":{"confidence_level":0.95,"lower_bound":997202.4784539388,"upper_bound":1253928.9613901293},"point_estimate":1102536.8845323764,"standard_error":66387.33212156747},"median":{"confidence_interval":{"confidence_level":0.95,"lower_bound":990925.5862499999,"upper_bound":992615.9677419355},"point_estimate":991766.8331402757,"standard_error":514.820401002392},"median_abs_dev":{"confidence_interval":{"confidence_level":0.95,"lower_bound":1791.1915917316337,"upper_bound":3770.803178747419},"point_estimate":2532.99219009546,"standard_error":563.3580233136875},"slope":{"confidence_interval":{"confidence_level":0.95,"lower_bound":992682.6776146655,"upper_bound":1001535.629848338},"point_estimate":996150.5538968524,"standard_error":2325.74758716336},"std_dev":{"confidence_interval":{"confidence_level":0.95,"lower_bound":23081.575119666562,"upper_bound":1080914.642278389},"point_estimate":665495.6184676909,"standard_error":271433.77826795995}}