{"mean":{"confidence_interval":{"confidence_level":0.95,"lower_bound":1741719.8627546697,"upper_bound":1750020.5547770385},"point_estimate":1745341.6586815855,"standard_error":2136.1814887201645},"median":{"confidence_interval":{"confidence_level":0.95,"lower_bound":1739672.4284712481,"upper_bound":1741382.0980952382},"point_estimate":1740699.0603174604,"standard_error":440.23027307303545},"median_abs_dev":{"confidence_interval":{"confidence_level":0.95,"lower_bound":2614.513797546116,"upper_bound":5325.314113006315},"point_estimate":3525.1967665198044,"standard_error":698.8620817574266},"slope":{"confidence_interval":{"confidence_level":0.95,"lower_bound":1741299.0511434216,"upper_bound":1751827.801213265},"point_estimate":1745900.0937431653,"standard_error":2681.0371328288984},"std_dev":{"confidence_interval":{"confidence_level":0.95,"lower_bound":7971.559286144468,"upper_bound":31563.113170033037},"point_estimate":21477.01799490315,"standard_error":6000.662915933947}}