{"mean":{"confidence_interval":{"confidence_level":0.95,"lower_bound":5220236.8925250005,"upper_bound":5228602.363000002},"point_estimate":5224370.650999999,"standard_error":2130.827562818532},"median":{"confidence_interval":{"confidence_level":0.95,"lower_bound":5219836.3,"upper_bound":5228942.6},"point_estimate":5224556.7,"standard_error":2561.015104799085},"median_abs_dev":{"confidence_interval":{"confidence_level":0.95,"lower_bound":13026.271628736897,"upper_bound":21941.738310456276},"point_estimate":17441.67674034903,"standard_error":2294.081864635142},"slope":null,"std_dev":{"confidence_interval":{"confidence_level":0.95,"lower_bound":17423.834177373956,"upper_bound":25107.97206817518},"point_estimate":21435.74383494237,"standard_error":1964.5695882350851}}