{"mean":{"confidence_interval":{"confidence_level":0.95,"lower_bound":5273233.455050003,"upper_bound":5281701.413950003},"point_estimate":5277350.2140000025,"standard_error":2162.393341232407},"median":{"confidence_interval":{"confidence_level":0.95,"lower_bound":5269172.3,"upper_bound":5277292.1},"point_estimate":5273401.3,"standard_error":2029.256349749803},"median_abs_dev":{"confidence_interval":{"confidence_level":0.95,"lower_bound":12710.225792348367,"upper_bound":21119.784885049005},"point_estimate":16984.517038464408,"standard_error":2039.1237554293696},"slope":null,"std_dev":{"confidence_interval":{"confidence_level":0.95,"lower_bound":17273.39512719033,"upper_bound":25779.936589471934},"point_estimate":21638.98050940638,"standard_error":2182.289170213023}}