{"mean":{"confidence_interval":{"confidence_level":0.95,"lower_bound":5224765.029175,"upper_bound":5245647.618399999},"point_estimate":5233514.698,"standard_error":5424.730600091623},"median":{"confidence_interval":{"confidence_level":0.95,"lower_bound":5221059.7,"upper_bound":5227654.9},"point_estimate":5223811.75,"standard_error":1945.4137255353585},"median_abs_dev":{"confidence_interval":{"confidence_level":0.95,"lower_bound":16989.557878374777,"upper_bound":27892.449824810305},"point_estimate":22073.912098109584,"standard_error":2930.911759113212},"slope":null,"std_dev":{"confidence_interval":{"confidence_level":0.95,"lower_bound":22861.985943177282,"upper_bound":85766.81987817398},"point_estimate":54425.420275906814,"standard_error":19862.122820033495}}