{"mean":{"confidence_interval":{"confidence_level":0.95,"lower_bound":5592729.472499996,"upper_bound":5653787.101416664},"point_estimate":5619468.557777775,"standard_error":15649.523896938905},"median":{"confidence_interval":{"confidence_level":0.95,"lower_bound":5578680.888888889,"upper_bound":5622853.333333334},"point_estimate":5596406.111111111,"standard_error":11352.09352314768},"median_abs_dev":{"confidence_interval":{"confidence_level":0.95,"lower_bound":66348.32562208129,"upper_bound":103140.9919405486},"point_estimate":81560.54265201045,"standard_error":9371.186712621093},"slope":null,"std_dev":{"confidence_interval":{"confidence_level":0.95,"lower_bound":75227.53541811342,"upper_bound":236997.90699976942},"point_estimate":157192.06779937248,"standard_error":45792.40083171156}}