{"mean":{"confidence_interval":{"confidence_level":0.95,"lower_bound":5231415.515274998,"upper_bound":5258193.9950749995},"point_estimate":5243650.433000001,"standard_error":6838.299903420711},"median":{"confidence_interval":{"confidence_level":0.95,"lower_bound":5220642.3,"upper_bound":5232687.5},"point_estimate":5224134.4,"standard_error":3306.004561883728},"median_abs_dev":{"confidence_interval":{"confidence_level":0.95,"lower_bound":19424.283555150032,"upper_bound":35039.39712792635},"point_estimate":25113.24204415,"standard_error":4184.240844614862},"slope":null,"std_dev":{"confidence_interval":{"confidence_level":0.95,"lower_bound":40891.454255226294,"upper_bound":96553.69006029925},"point_estimate":68931.16992457121,"standard_error":14802.231863598452}}