{"mean":{"confidence_interval":{"confidence_level":0.95,"lower_bound":5225503.068849999,"upper_bound":5247447.423299998},"point_estimate":5235558.667999999,"standard_error":5627.72627923912},"median":{"confidence_interval":{"confidence_level":0.95,"lower_bound":5219625.65,"upper_bound":5229426.9},"point_estimate":5223580.1,"standard_error":2388.896182116037},"median_abs_dev":{"confidence_interval":{"confidence_level":0.95,"lower_bound":18334.12779450306,"upper_bound":28832.71472811685},"point_estimate":24298.627488613405,"standard_error":2711.058819451364},"slope":null,"std_dev":{"confidence_interval":{"confidence_level":0.95,"lower_bound":32002.734971233513,"upper_bound":76333.50813158555},"point_estimate":56614.725937642055,"standard_error":11513.88948541492}}