{"mean":{"confidence_interval":{"confidence_level":0.95,"lower_bound":5276346.751,"upper_bound":5314314.260724998},"point_estimate":5293912.856999999,"standard_error":9695.78677308442},"median":{"confidence_interval":{"confidence_level":0.95,"lower_bound":5250024.7,"upper_bound":5274138.85},"point_estimate":5257488.15,"standard_error":6897.076789541374},"median_abs_dev":{"confidence_interval":{"confidence_level":0.95,"lower_bound":30127.617545127592,"upper_bound":62505.22881030995},"point_estimate":45684.1684189443,"standard_error":8196.199498301645},"slope":null,"std_dev":{"confidence_interval":{"confidence_level":0.95,"lower_bound":63661.41862734135,"upper_bound":131131.75201009758},"point_estimate":96913.55978844207,"standard_error":17915.53793036579}}