{"mean":{"confidence_interval":{"confidence_level":0.95,"lower_bound":5215892.936375001,"upper_bound":5277136.172825},"point_estimate":5241698.601000002,"standard_error":15902.35019661468},"median":{"confidence_interval":{"confidence_level":0.95,"lower_bound":5203530.6,"upper_bound":5213645.55},"point_estimate":5210867.4,"standard_error":3155.1370396704806},"median_abs_dev":{"confidence_interval":{"confidence_level":0.95,"lower_bound":16796.671621799054,"upper_bound":32480.726093351426},"point_estimate":24043.990943134108,"standard_error":3642.097471993216},"slope":null,"std_dev":{"confidence_interval":{"confidence_level":0.95,"lower_bound":37754.81176040479,"upper_bound":242736.0723104643},"point_estimate":159007.2880326251,"standard_error":54899.264078511536}}