{"mean":{"confidence_interval":{"confidence_level":0.95,"lower_bound":5187021.455025001,"upper_bound":5211062.62825},"point_estimate":5197190.494,"standard_error":6210.789535763961},"median":{"confidence_interval":{"confidence_level":0.95,"lower_bound":5180160.3,"upper_bound":5191666.5},"point_estimate":5185604.9,"standard_error":2782.5030683370574},"median_abs_dev":{"confidence_interval":{"confidence_level":0.95,"lower_bound":16156.410823166509,"upper_bound":26454.800429084058},"point_estimate":20140.453472435198,"standard_error":2582.8956203018456},"slope":null,"std_dev":{"confidence_interval":{"confidence_level":0.95,"lower_bound":21708.434619378175,"upper_bound":98453.6828834746},"point_estimate":62672.84124633292,"standard_error":21674.65017475144}}