{"mean":{"confidence_interval":{"confidence_level":0.95,"lower_bound":5185452.686574999,"upper_bound":5195662.325000003},"point_estimate":5190091.289000002,"standard_error":2617.127225888548},"median":{"confidence_interval":{"confidence_level":0.95,"lower_bound":5181847.6,"upper_bound":5191680.0},"point_estimate":5186821.2,"standard_error":2806.12812844707},"median_abs_dev":{"confidence_interval":{"confidence_level":0.95,"lower_bound":12421.370839476032,"upper_bound":23788.464837669773},"point_estimate":17299.940182864528,"standard_error":2872.122680634286},"slope":null,"std_dev":{"confidence_interval":{"confidence_level":0.95,"lower_bound":16065.265638278282,"upper_bound":37620.50570471053},"point_estimate":26235.455352182114,"standard_error":6328.955599044439}}