{"mean":{"confidence_interval":{"confidence_level":0.95,"lower_bound":5189126.547349999,"upper_bound":5197011.706124998},"point_estimate":5192999.044000001,"standard_error":2007.9205525678376},"median":{"confidence_interval":{"confidence_level":0.95,"lower_bound":5187562.35,"upper_bound":5195601.2},"point_estimate":5190831.35,"standard_error":2141.7240640979458},"median_abs_dev":{"confidence_interval":{"confidence_level":0.95,"lower_bound":14711.743169814607,"upper_bound":27055.373879671235},"point_estimate":20937.573348284044,"standard_error":3173.1829994896634},"slope":null,"std_dev":{"confidence_interval":{"confidence_level":0.95,"lower_bound":17128.535806637876,"upper_bound":23138.490097386606},"point_estimate":20152.491436766664,"standard_error":1537.3502045737516}}