{"mean":{"confidence_interval":{"confidence_level":0.95,"lower_bound":5250607.548,"upper_bound":5267074.977824998},"point_estimate":5257814.580000001,"standard_error":4241.205719593495},"median":{"confidence_interval":{"confidence_level":0.95,"lower_bound":5247919.6,"upper_bound":5256299.2},"point_estimate":5252852.2,"standard_error":2264.7246637732405},"median_abs_dev":{"confidence_interval":{"confidence_level":0.95,"lower_bound":14932.821064889155,"upper_bound":23563.630404912168},"point_estimate":18461.853782236714,"standard_error":2191.620777986459},"slope":null,"std_dev":{"confidence_interval":{"confidence_level":0.95,"lower_bound":17697.88886335675,"upper_bound":62764.33028962519},"point_estimate":42703.43763379288,"standard_error":12176.945049285612}}