{"mean":{"confidence_interval":{"confidence_level":0.95,"lower_bound":5190423.417725001,"upper_bound":5207383.871674999},"point_estimate":5197967.641000001,"standard_error":4349.364531579036},"median":{"confidence_interval":{"confidence_level":0.95,"lower_bound":5186109.6,"upper_bound":5195591.4},"point_estimate":5189223.6,"standard_error":2179.2828125929673},"median_abs_dev":{"confidence_interval":{"confidence_level":0.95,"lower_bound":16293.180670738358,"upper_bound":23646.13524019801},"point_estimate":21065.966506004057,"standard_error":1878.729373489621},"slope":null,"std_dev":{"confidence_interval":{"confidence_level":0.95,"lower_bound":18025.182702456732,"upper_bound":61640.708480024},"point_estimate":43636.06390181001,"standard_error":10430.585927592838}}