{"mean":{"confidence_interval":{"confidence_level":0.95,"lower_bound":5208715.171849999,"upper_bound":5238584.029000001},"point_estimate":5221535.854999998,"standard_error":7698.580338769315},"median":{"confidence_interval":{"confidence_level":0.95,"lower_bound":5205112.6,"upper_bound":5216593.1},"point_estimate":5210799.45,"standard_error":3122.3651792809587},"median_abs_dev":{"confidence_interval":{"confidence_level":0.95,"lower_bound":18781.05755657013,"upper_bound":29364.173074432536},"point_estimate":23462.589363456187,"standard_error":2698.2194830247263},"slope":null,"std_dev":{"confidence_interval":{"confidence_level":0.95,"lower_bound":25392.925656307412,"upper_bound":118021.64151199056},"point_estimate":77342.7655963817,"standard_error":24502.719390403665}}