{"mean":{"confidence_interval":{"confidence_level":0.95,"lower_bound":5289321.2964,"upper_bound":5327947.6162},"point_estimate":5307360.809,"standard_error":9838.753522622392},"median":{"confidence_interval":{"confidence_level":0.95,"lower_bound":5263497.4,"upper_bound":5287531.15},"point_estimate":5269114.45,"standard_error":5849.881443768169},"median_abs_dev":{"confidence_interval":{"confidence_level":0.95,"lower_bound":29480.240266621666,"upper_bound":58613.55213940116},"point_estimate":47461.064487398085,"standard_error":7445.127608355402},"slope":null,"std_dev":{"confidence_interval":{"confidence_level":0.95,"lower_bound":68318.63718255832,"upper_bound":130510.92938972873},"point_estimate":98656.61311822539,"standard_error":16432.441334677027}}