{"mean":{"confidence_interval":{"confidence_level":0.95,"lower_bound":0.0022292488011908486,"upper_bound":0.006163765652725693},"point_estimate":0.004255793423915577,"standard_error":0.000998317303168329},"median":{"confidence_interval":{"confidence_level":0.95,"lower_bound":0.0031519538680860617,"upper_bound":0.006759680674090829},"point_estimate":0.005069527418724018,"standard_error":0.0008936417884548837}}