{"mean":{"confidence_interval":{"confidence_level":0.95,"lower_bound":-0.05035839033208993,"upper_bound":-0.034488190399631455},"point_estimate":-0.04310309127151657,"standard_error":0.003998863753178914},"median":{"confidence_interval":{"confidence_level":0.95,"lower_bound":-0.05525583436458803,"upper_bound":-0.03646798898924519},"point_estimate":-0.046355382849339155,"standard_error":0.004915639292479001}}