{"mean":{"confidence_interval":{"confidence_level":0.95,"lower_bound":0.005664625949588404,"upper_bound":0.009201414680061108},"point_estimate":0.007471727183916199,"standard_error":0.0008901116877687095},"median":{"confidence_interval":{"confidence_level":0.95,"lower_bound":0.002887890940426948,"upper_bound":0.009300206297110813},"point_estimate":0.0064086590864151916,"standard_error":0.001757884729007896}}