{"mean":{"confidence_interval":{"confidence_level":0.95,"lower_bound":-0.02510193962878385,"upper_bound":-0.013377091673980011},"point_estimate":-0.018204922984392247,"standard_error":0.0030653971789361086},"median":{"confidence_interval":{"confidence_level":0.95,"lower_bound":-0.015988566434934515,"upper_bound":-0.012750944380703344},"point_estimate":-0.014365837876962217,"standard_error":0.0008040541606646601}}