{"mean":{"confidence_interval":{"confidence_level":0.95,"lower_bound":-0.051547115062763424,"upper_bound":-0.047336016545485124},"point_estimate":-0.04923225630730821,"standard_error":0.0010756999545186497},"median":{"confidence_interval":{"confidence_level":0.95,"lower_bound":-0.04938725138857181,"upper_bound":-0.04691896268478979},"point_estimate":-0.048323870016947046,"standard_error":0.0006207445380313029}}