{"mean":{"confidence_interval":{"confidence_level":0.95,"lower_bound":-0.04331541787627077,"upper_bound":-0.03666406749996896},"point_estimate":-0.039891554146764596,"standard_error":0.0016965961510798874},"median":{"confidence_interval":{"confidence_level":0.95,"lower_bound":-0.04228306026503159,"upper_bound":-0.03452100332300767},"point_estimate":-0.03762016144103075,"standard_error":0.0020501326985177364}}