{"mean":{"confidence_interval":{"confidence_level":0.95,"lower_bound":0.04224847107205555,"upper_bound":0.054505928046542675},"point_estimate":0.04823623599858129,"standard_error":0.003250341740218019},"median":{"confidence_interval":{"confidence_level":0.95,"lower_bound":0.03367346833195405,"upper_bound":0.04925771299502896},"point_estimate":0.04396275837601449,"standard_error":0.004963575230110339}}