{"mean":{"confidence_interval":{"confidence_level":0.95,"lower_bound":-0.022805751541736398,"upper_bound":-0.014348106682792365},"point_estimate":-0.018635615270617745,"standard_error":0.0021485846992638255},"median":{"confidence_interval":{"confidence_level":0.95,"lower_bound":-0.015974578110290683,"upper_bound":-0.010337829526248954},"point_estimate":-0.012646901000109012,"standard_error":0.0014754974669612079}}