{"mean":{"confidence_interval":{"confidence_level":0.95,"lower_bound":-0.005220937675241122,"upper_bound":-0.0011195445449985557},"point_estimate":-0.00307298766884323,"standard_error":0.0010392719061312076},"median":{"confidence_interval":{"confidence_level":0.95,"lower_bound":-0.004557823983400655,"upper_bound":-0.0011119080478497745},"point_estimate":-0.003267223427157684,"standard_error":0.00092407350921783}}