{"mean":{"confidence_interval":{"confidence_level":0.95,"lower_bound":-0.0045116665527431925,"upper_bound":-0.00006477922143044434},"point_estimate":-0.002136928971569252,"standard_error":0.001137418969536235},"median":{"confidence_interval":{"confidence_level":0.95,"lower_bound":-0.0012011360355884682,"upper_bound":0.001439929747375648},"point_estimate":0.0001869598974850728,"standard_error":0.0006668199407654181}}