{"mean":{"confidence_interval":{"confidence_level":0.95,"lower_bound":0.008487608992082452,"upper_bound":0.0146210325035134},"point_estimate":0.011515123300607666,"standard_error":0.0015758904055314439},"median":{"confidence_interval":{"confidence_level":0.95,"lower_bound":0.004966074471256965,"upper_bound":0.011500173340496689},"point_estimate":0.006832143684894154,"standard_error":0.0017565934064054062}}