{"mean":{"confidence_interval":{"confidence_level":0.95,"lower_bound":0.01811583707762082,"upper_bound":0.03299097608344797},"point_estimate":0.02477702156351791,"standard_error":0.004099305852127194},"median":{"confidence_interval":{"confidence_level":0.95,"lower_bound":0.016811119890590698,"upper_bound":0.02047870185775813},"point_estimate":0.018543968841654435,"standard_error":0.0009463119314402975}}