{"mean":{"confidence_interval":{"confidence_level":0.95,"lower_bound":-0.0039247133768585876,"upper_bound":0.0012437522883778527},"point_estimate":-0.0013910384347101123,"standard_error":0.0013079547690796763},"median":{"confidence_interval":{"confidence_level":0.95,"lower_bound":-0.00255037323890056,"upper_bound":-0.00034573596190480175},"point_estimate":-0.0010154145921608126,"standard_error":0.0005796664399400003}}