{"mean":{"confidence_interval":{"confidence_level":0.95,"lower_bound":-0.0059756508289968,"upper_bound":0.0019493699651646312},"point_estimate":-0.0019555051328792317,"standard_error":0.001985655123672677},"median":{"confidence_interval":{"confidence_level":0.95,"lower_bound":-0.010269749527693883,"upper_bound":-0.005073285740524902},"point_estimate":-0.008186386888223707,"standard_error":0.001417945592516706}}