{"mean":{"confidence_interval":{"confidence_level":0.95,"lower_bound":0.07046266795640102,"upper_bound":0.08429965152652116},"point_estimate":0.07675813266240583,"standard_error":0.0035196321823398476},"median":{"confidence_interval":{"confidence_level":0.95,"lower_bound":0.07363274907574069,"upper_bound":0.07677384820789217},"point_estimate":0.07483396267517817,"standard_error":0.0008612281170912978}}