{"mean":{"confidence_interval":{"confidence_level":0.95,"lower_bound":-0.007249060451442474,"upper_bound":-0.0029441494337746595},"point_estimate":-0.005033338536491683,"standard_error":0.0010907579065760036},"median":{"confidence_interval":{"confidence_level":0.95,"lower_bound":-0.0056619584450599,"upper_bound":-0.003823816629769494},"point_estimate":-0.004588260965490698,"standard_error":0.00046576950384532965}}