{"mean":{"confidence_interval":{"confidence_level":0.95,"lower_bound":0.030206040637885012,"upper_bound":0.04332420961072607},"point_estimate":0.03639467575181676,"standard_error":0.00334470425981446},"median":{"confidence_interval":{"confidence_level":0.95,"lower_bound":0.031270125272754745,"upper_bound":0.039311077532013794},"point_estimate":0.03660979668061093,"standard_error":0.0022289204521988757}}