{"mean":{"confidence_interval":{"confidence_level":0.95,"lower_bound":0.0006554994817523032,"upper_bound":0.004594157871915083},"point_estimate":0.002476999410812697,"standard_error":0.0010041925783103325},"median":{"confidence_interval":{"confidence_level":0.95,"lower_bound":-0.00043720208788567495,"upper_bound":0.001999026637212298},"point_estimate":0.0008371259362598416,"standard_error":0.0006553098893135197}}