{"mean":{"confidence_interval":{"confidence_level":0.95,"lower_bound":0.023527242690421696,"upper_bound":0.02900887753752755},"point_estimate":0.02624956944026713,"standard_error":0.0013944374064213253},"median":{"confidence_interval":{"confidence_level":0.95,"lower_bound":0.024593448147264274,"upper_bound":0.030729549659471795},"point_estimate":0.028060426562485308,"standard_error":0.0016771581461935692}}