{"mean":{"confidence_interval":{"confidence_level":0.95,"lower_bound":-0.006029230530864759,"upper_bound":-0.003408754552109295},"point_estimate":-0.004785681801311892,"standard_error":0.0006679667039893936},"median":{"confidence_interval":{"confidence_level":0.95,"lower_bound":-0.007246425038944793,"upper_bound":-0.0047289386555972035},"point_estimate":-0.0060237013427155706,"standard_error":0.0006813750991964566}}