{"mean":{"confidence_interval":{"confidence_level":0.95,"lower_bound":-0.010189659918994634,"upper_bound":-0.003698954001258051},"point_estimate":-0.006781969417602007,"standard_error":0.0016545789693424746},"median":{"confidence_interval":{"confidence_level":0.95,"lower_bound":-0.005027075671679149,"upper_bound":-0.0016450041593012443},"point_estimate":-0.0036594483324796645,"standard_error":0.0009087697940397811}}