{"mean":{"confidence_interval":{"confidence_level":0.95,"lower_bound":0.006056082958923326,"upper_bound":0.011078211876677685},"point_estimate":0.008400425496350783,"standard_error":0.0012718947251897281},"median":{"confidence_interval":{"confidence_level":0.95,"lower_bound":0.005033033338981419,"upper_bound":0.00876072859378585},"point_estimate":0.006767520667097404,"standard_error":0.0009671960022355555}}