{"mean":{"confidence_interval":{"confidence_level":0.95,"lower_bound":-0.015656569015696665,"upper_bound":-0.011358500913690246},"point_estimate":-0.013335397326015852,"standard_error":0.0010917384456107975},"median":{"confidence_interval":{"confidence_level":0.95,"lower_bound":-0.014775187466059658,"upper_bound":-0.01200803859775923},"point_estimate":-0.01314372066762759,"standard_error":0.0007178327042596427}}