{"mean":{"confidence_interval":{"confidence_level":0.95,"lower_bound":0.08404322897071535,"upper_bound":0.0974547233799493},"point_estimate":0.0902468251265216,"standard_error":0.0034297943023588536},"median":{"confidence_interval":{"confidence_level":0.95,"lower_bound":0.08144931128081576,"upper_bound":0.0999985824320222},"point_estimate":0.0907352249028246,"standard_error":0.005179536229714365}}