{"mean":{"confidence_interval":{"confidence_level":0.95,"lower_bound":-0.002812419783225192,"upper_bound":0.0030397544907224505},"point_estimate":-0.00014950978029781847,"standard_error":0.001473123916639052},"median":{"confidence_interval":{"confidence_level":0.95,"lower_bound":-0.002231998105890587,"upper_bound":0.0005241319090569796},"point_estimate":-0.0006973490215375078,"standard_error":0.0006900931665136547}}