{"mean":{"confidence_interval":{"confidence_level":0.95,"lower_bound":-0.008883123301906526,"upper_bound":-0.0037243017194036536},"point_estimate":-0.006128572435789681,"standard_error":0.0013161838545847793},"median":{"confidence_interval":{"confidence_level":0.95,"lower_bound":-0.006617008645643185,"upper_bound":-0.00399528112595593},"point_estimate":-0.00544328258336757,"standard_error":0.000677668650564223}}