{"mean":{"confidence_interval":{"confidence_level":0.95,"lower_bound":0.01029617570529292,"upper_bound":0.012332041830610995},"point_estimate":0.011313138466282346,"standard_error":0.000518481496797371},"median":{"confidence_interval":{"confidence_level":0.95,"lower_bound":0.01074016955428947,"upper_bound":0.012680177390597791},"point_estimate":0.011722061663052452,"standard_error":0.0005008134521881448}}