{"mean":{"confidence_interval":{"confidence_level":0.95,"lower_bound":-0.008766400232016991,"upper_bound":-0.006332232732482426},"point_estimate":-0.0075449227858469525,"standard_error":0.0006220801655102447},"median":{"confidence_interval":{"confidence_level":0.95,"lower_bound":-0.008839878925266609,"upper_bound":-0.007471152433747852},"point_estimate":-0.008146602292073868,"standard_error":0.0003330255801885624}}