{"mean":{"confidence_interval":{"confidence_level":0.95,"lower_bound":-0.004002139522055294,"upper_bound":0.001194233887096605},"point_estimate":-0.0010756251875805312,"standard_error":0.0013292003873166167},"median":{"confidence_interval":{"confidence_level":0.95,"lower_bound":-0.0013991310641445764,"upper_bound":0.001728579320632646},"point_estimate":0.00011810579706894586,"standard_error":0.0007907286446292666}}