{"mean":{"confidence_interval":{"confidence_level":0.95,"lower_bound":-0.013831854512397114,"upper_bound":-0.006911132601230741},"point_estimate":-0.010548529972276732,"standard_error":0.0017262681709519577},"median":{"confidence_interval":{"confidence_level":0.95,"lower_bound":-0.015172956399959636,"upper_bound":-0.011811790557040616},"point_estimate":-0.013177813592937015,"standard_error":0.0008618501226409174}}