{"mean":{"confidence_interval":{"confidence_level":0.95,"lower_bound":-0.052320126112067065,"upper_bound":-0.04276833174173701},"point_estimate":-0.04721675352759169,"standard_error":0.0024479339482305455},"median":{"confidence_interval":{"confidence_level":0.95,"lower_bound":-0.04326867761932485,"upper_bound":-0.037531263867843},"point_estimate":-0.041230462013167046,"standard_error":0.0016919781288346988}}