{"mean":{"confidence_interval":{"confidence_level":0.95,"lower_bound":51245.207554050816,"upper_bound":51724.62437553627},"point_estimate":51421.70459380433,"standard_error":134.65724379853825},"median":{"confidence_interval":{"confidence_level":0.95,"lower_bound":51173.673770491805,"upper_bound":51284.43536585366},"point_estimate":51203.551121794866,"standard_error":27.077213300354483},"median_abs_dev":{"confidence_interval":{"confidence_level":0.95,"lower_bound":153.43586332062392,"upper_bound":258.0596313207261},"point_estimate":209.2607654579484,"standard_error":27.3587757488604},"slope":{"confidence_interval":{"confidence_level":0.95,"lower_bound":51208.643563737125,"upper_bound":51361.82309048945},"point_estimate":51274.946695433726,"standard_error":39.57699478404286},"std_dev":{"confidence_interval":{"confidence_level":0.95,"lower_bound":228.67590053518347,"upper_bound":2292.6075238162935},"point_estimate":1356.9270979867506,"standard_error":707.3393544023718}}