{"mean":{"confidence_interval":{"confidence_level":0.95,"lower_bound":43860.22994344391,"upper_bound":44539.18987149436},"point_estimate":44103.07649891847,"standard_error":195.82743902969702},"median":{"confidence_interval":{"confidence_level":0.95,"lower_bound":43798.955498721225,"upper_bound":43865.16078753076},"point_estimate":43814.80192343047,"standard_error":15.4714625467067},"median_abs_dev":{"confidence_interval":{"confidence_level":0.95,"lower_bound":87.00801399877315,"upper_bound":145.7288718058016},"point_estimate":116.90534968478904,"standard_error":15.44264953361116},"slope":{"confidence_interval":{"confidence_level":0.95,"lower_bound":43808.95095220407,"upper_bound":44043.035332315},"point_estimate":43890.71866449072,"standard_error":66.26126776607613},"std_dev":{"confidence_interval":{"confidence_level":0.95,"lower_bound":169.67526555048175,"upper_bound":3348.0083445293876},"point_estimate":1969.5588134306386,"standard_error":1070.2643313026194}}