{"mean":{"confidence_interval":{"confidence_level":0.95,"lower_bound":25471.438050000004,"upper_bound":27070.950549999998},"point_estimate":26143.96999999999,"standard_error":414.0084558686962},"median":{"confidence_interval":{"confidence_level":0.95,"lower_bound":24796.6,"upper_bound":25758.4},"point_estimate":25459.6,"standard_error":245.56857370448503},"median_abs_dev":{"confidence_interval":{"confidence_level":0.95,"lower_bound":1583.268511891367,"upper_bound":2653.853952884674},"point_estimate":2299.5125591754913,"standard_error":264.5119742167341},"slope":null,"std_dev":{"confidence_interval":{"confidence_level":0.95,"lower_bound":1890.4260521490617,"upper_bound":6473.877114401183},"point_estimate":4149.493192018281,"standard_error":1460.243149012576}}