{"mean":{"confidence_interval":{"confidence_level":0.95,"lower_bound":23578.769625,"upper_bound":23836.30845833333},"point_estimate":23704.728333333336,"standard_error":65.78926696242712},"median":{"confidence_interval":{"confidence_level":0.95,"lower_bound":23358.666666666668,"upper_bound":23637.5},"point_estimate":23496.583333333336,"standard_error":74.20633482668929},"median_abs_dev":{"confidence_interval":{"confidence_level":0.95,"lower_bound":360.518893599512,"upper_bound":721.6555371880531},"point_estimate":562.2760400176102,"standard_error":98.66558864566662},"slope":null,"std_dev":{"confidence_interval":{"confidence_level":0.95,"lower_bound":552.9111910420984,"upper_bound":768.8561827407807},"point_estimate":661.8851108150346,"standard_error":55.34731819543769}}