{"mean":{"confidence_interval":{"confidence_level":0.95,"lower_bound":13912.49973602506,"upper_bound":14050.845579080698},"point_estimate":13981.838562216579,"standard_error":35.400747694293756},"median":{"confidence_interval":{"confidence_level":0.95,"lower_bound":13854.26,"upper_bound":14142.979486586493},"point_estimate":14028.735446247465,"standard_error":78.17574076287086},"median_abs_dev":{"confidence_interval":{"confidence_level":0.95,"lower_bound":364.2168573520395,"upper_bound":543.2139307096802},"point_estimate":481.91941749801526,"standard_error":45.07198297220202},"slope":{"confidence_interval":{"confidence_level":0.95,"lower_bound":14055.676049824022,"upper_bound":14202.1137241406},"point_estimate":14131.818442145706,"standard_error":37.50313139417091},"std_dev":{"confidence_interval":{"confidence_level":0.95,"lower_bound":324.5525258304097,"upper_bound":382.52213844622855},"point_estimate":355.96182363967716,"standard_error":14.797426125243959}}