{"mean":{"confidence_interval":{"confidence_level":0.95,"lower_bound":13928.598635804568,"upper_bound":14149.510602378066},"point_estimate":14030.432663860467,"standard_error":56.57595036001501},"median":{"confidence_interval":{"confidence_level":0.95,"lower_bound":13952.191282832127,"upper_bound":14094.644680851065},"point_estimate":14040.625833333332,"standard_error":40.79939301901796},"median_abs_dev":{"confidence_interval":{"confidence_level":0.95,"lower_bound":252.56419649736213,"upper_bound":474.1110008522123},"point_estimate":362.41121906137005,"standard_error":53.362632434132124},"slope":{"confidence_interval":{"confidence_level":0.95,"lower_bound":14055.16972006543,"upper_bound":14219.062489858798},"point_estimate":14133.327305452933,"standard_error":41.551984409531805},"std_dev":{"confidence_interval":{"confidence_level":0.95,"lower_bound":342.1425514910438,"upper_bound":791.1556756683342},"point_estimate":567.1407258971559,"standard_error":120.0876002339357}}