{"mean":{"confidence_interval":{"confidence_level":0.95,"lower_bound":13607.76272341992,"upper_bound":13748.031214928746},"point_estimate":13677.359106887929,"standard_error":35.786772622492116},"median":{"confidence_interval":{"confidence_level":0.95,"lower_bound":13626.936363636363,"upper_bound":13797.723902439026},"point_estimate":13691.055844806007,"standard_error":50.81587811776877},"median_abs_dev":{"confidence_interval":{"confidence_level":0.95,"lower_bound":290.1958422477141,"upper_bound":503.27839994845004},"point_estimate":390.7508529545238,"standard_error":54.50380975722371},"slope":{"confidence_interval":{"confidence_level":0.95,"lower_bound":13764.342295096692,"upper_bound":13887.529368286385},"point_estimate":13826.107881779222,"standard_error":31.49560868352013},"std_dev":{"confidence_interval":{"confidence_level":0.95,"lower_bound":317.78272812951855,"upper_bound":395.49345523113334},"point_estimate":359.35336948251756,"standard_error":19.78143856256162}}