{"mean":{"confidence_interval":{"confidence_level":0.95,"lower_bound":23985.25116666666,"upper_bound":25040.013333333343},"point_estimate":24418.97666666667,"standard_error":274.6261946530099},"median":{"confidence_interval":{"confidence_level":0.95,"lower_bound":23792.833333333332,"upper_bound":24131.833333333332},"point_estimate":23981.583333333332,"standard_error":88.77788259351057},"median_abs_dev":{"confidence_interval":{"confidence_level":0.95,"lower_bound":500.37749111652636,"upper_bound":808.3876356482533},"point_estimate":663.3399382233611,"standard_error":82.48990115020807},"slope":null,"std_dev":{"confidence_interval":{"confidence_level":0.95,"lower_bound":600.039739020237,"upper_bound":4369.291810025235},"point_estimate":2768.734519913757,"standard_error":1035.2928477081336}}