{"mean":{"confidence_interval":{"confidence_level":0.95,"lower_bound":25228.681333333327,"upper_bound":25646.465208333335},"point_estimate":25428.060000000005,"standard_error":106.80788713501887},"median":{"confidence_interval":{"confidence_level":0.95,"lower_bound":25165.666666666668,"upper_bound":25537.666666666668},"point_estimate":25360.75,"standard_error":80.68453591341897},"median_abs_dev":{"confidence_interval":{"confidence_level":0.95,"lower_bound":515.4505908489245,"upper_bound":963.0722329020482},"point_estimate":727.8330370783824,"standard_error":110.07569954204989},"slope":null,"std_dev":{"confidence_interval":{"confidence_level":0.95,"lower_bound":769.4036122164935,"upper_bound":1354.0560370452145},"point_estimate":1072.0205191869236,"standard_error":150.3442511676691}}