{"mean":{"confidence_interval":{"confidence_level":0.95,"lower_bound":23904.76428571428,"upper_bound":24193.353071428566},"point_estimate":24043.894285714297,"standard_error":73.76037063541574},"median":{"confidence_interval":{"confidence_level":0.95,"lower_bound":23781.714285714286,"upper_bound":23996.214285714286},"point_estimate":23915.428571428572,"standard_error":62.781414725518346},"median_abs_dev":{"confidence_interval":{"confidence_level":0.95,"lower_bound":371.3912934064892,"upper_bound":718.4255872453947},"point_estimate":529.288190603259,"standard_error":88.74926408331338},"slope":null,"std_dev":{"confidence_interval":{"confidence_level":0.95,"lower_bound":588.5932660863269,"upper_bound":878.8071710972436},"point_estimate":740.1228264520797,"standard_error":74.32313279116565}}