{"mean":{"confidence_interval":{"confidence_level":0.95,"lower_bound":21745.346147431082,"upper_bound":22120.21531708007},"point_estimate":21926.59216554716,"standard_error":95.69791858776682},"median":{"confidence_interval":{"confidence_level":0.95,"lower_bound":21458.615384615383,"upper_bound":21531.432246140466},"point_estimate":21488.42424951267,"standard_error":20.540296779479515},"median_abs_dev":{"confidence_interval":{"confidence_level":0.95,"lower_bound":125.86376147976233,"upper_bound":393.65536241066224},"point_estimate":193.87983534395366,"standard_error":68.12218922446867},"slope":{"confidence_interval":{"confidence_level":0.95,"lower_bound":21473.975396186597,"upper_bound":21559.312449647467},"point_estimate":21512.057579429584,"standard_error":21.816723440558533},"std_dev":{"confidence_interval":{"confidence_level":0.95,"lower_bound":801.8620042907505,"upper_bound":1092.912390363511},"point_estimate":963.5666676915905,"standard_error":74.35030559434303}}