{"mean":{"confidence_interval":{"confidence_level":0.95,"lower_bound":23192.34182142857,"upper_bound":23534.815142857147},"point_estimate":23357.209999999995,"standard_error":87.32356521729635},"median":{"confidence_interval":{"confidence_level":0.95,"lower_bound":22988.785714285714,"upper_bound":23352.571428571428},"point_estimate":23130.5,"standard_error":82.5883630624651},"median_abs_dev":{"confidence_interval":{"confidence_level":0.95,"lower_bound":533.8418905224104,"upper_bound":908.6219838687329},"point_estimate":648.0020884956643,"standard_error":93.10400368168197},"slope":null,"std_dev":{"confidence_interval":{"confidence_level":0.95,"lower_bound":684.0542306787305,"upper_bound":1072.5554979027183},"point_estimate":876.2453969365218,"standard_error":100.77513187550794}}