{"mean":{"confidence_interval":{"confidence_level":0.95,"lower_bound":4211558.800833335,"upper_bound":4217749.106645835},"point_estimate":4214523.316666668,"standard_error":1582.0742929222465},"median":{"confidence_interval":{"confidence_level":0.95,"lower_bound":4208216.083333334,"upper_bound":4215065.166666667},"point_estimate":4211196.833333334,"standard_error":1764.6323055478526},"median_abs_dev":{"confidence_interval":{"confidence_level":0.95,"lower_bound":9048.84971497584,"upper_bound":15802.971344441406},"point_estimate":11861.417539418895,"standard_error":1868.0972577146715},"slope":null,"std_dev":{"confidence_interval":{"confidence_level":0.95,"lower_bound":12082.770149006448,"upper_bound":19595.25279170272},"point_estimate":15892.029404392268,"standard_error":1934.3601561028022}}