{"mean":{"confidence_interval":{"confidence_level":0.95,"lower_bound":6225363.50615625,"upper_bound":6241117.068187499},"point_estimate":6232991.355,"standard_error":4035.2760073539444},"median":{"confidence_interval":{"confidence_level":0.95,"lower_bound":6218131.875,"upper_bound":6241408.0},"point_estimate":6233287.1875,"standard_error":5303.081633962148},"median_abs_dev":{"confidence_interval":{"confidence_level":0.95,"lower_bound":30217.61136353016,"upper_bound":43092.694859951735},"point_estimate":36009.38816070557,"standard_error":3320.0049579571973},"slope":null,"std_dev":{"confidence_interval":{"confidence_level":0.95,"lower_bound":30812.9849039407,"upper_bound":51618.32101293567},"point_estimate":40650.86349021663,"standard_error":5479.62602989468}}