{"mean":{"confidence_interval":{"confidence_level":0.95,"lower_bound":6175553.07875,"upper_bound":6203957.07375},"point_estimate":6189381.12875,"standard_error":7198.720471412563},"median":{"confidence_interval":{"confidence_level":0.95,"lower_bound":6183892.625,"upper_bound":6208567.375},"point_estimate":6194457.3125,"standard_error":5908.463183148763},"median_abs_dev":{"confidence_interval":{"confidence_level":0.95,"lower_bound":40561.89670488238,"upper_bound":80227.04976537263},"point_estimate":53382.587314769626,"standard_error":10144.370763233106},"slope":null,"std_dev":{"confidence_interval":{"confidence_level":0.95,"lower_bound":55698.84624778759,"upper_bound":91073.96092460072},"point_estimate":71920.28440942113,"standard_error":9548.032012824384}}