{"mean":{"confidence_interval":{"confidence_level":0.95,"lower_bound":4294849.558812502,"upper_bound":4301680.853458333},"point_estimate":4298205.270833334,"standard_error":1740.640949978659},"median":{"confidence_interval":{"confidence_level":0.95,"lower_bound":4293355.0,"upper_bound":4299855.333333333},"point_estimate":4296164.083333334,"standard_error":1504.4550071264234},"median_abs_dev":{"confidence_interval":{"confidence_level":0.95,"lower_bound":9304.797434806824,"upper_bound":18643.509344011545},"point_estimate":14376.524844765894,"standard_error":2462.122095699928},"slope":null,"std_dev":{"confidence_interval":{"confidence_level":0.95,"lower_bound":14296.859826594318,"upper_bound":20275.123138738898},"point_estimate":17424.156591923365,"standard_error":1534.2022465882385}}