{"mean":{"confidence_interval":{"confidence_level":0.95,"lower_bound":4168405.9233333333,"upper_bound":4194472.333333333},"point_estimate":4179220.4699999974,"standard_error":6798.012654735188},"median":{"confidence_interval":{"confidence_level":0.95,"lower_bound":4161438.25,"upper_bound":4170543.5},"point_estimate":4165572.125,"standard_error":2592.150021398611},"median_abs_dev":{"confidence_interval":{"confidence_level":0.95,"lower_bound":10961.417580395937,"upper_bound":17726.706585288048},"point_estimate":13916.115777939673,"standard_error":1728.5073034106185},"slope":null,"std_dev":{"confidence_interval":{"confidence_level":0.95,"lower_bound":17437.39112795498,"upper_bound":108040.34834840997},"point_estimate":67817.78685888756,"standard_error":24798.612274951767}}