{"mean":{"confidence_interval":{"confidence_level":0.95,"lower_bound":4174171.702395834,"upper_bound":4179896.897499998},"point_estimate":4176908.3649999984,"standard_error":1458.9707854831602},"median":{"confidence_interval":{"confidence_level":0.95,"lower_bound":4171970.25,"upper_bound":4178418.75},"point_estimate":4175255.0833333335,"standard_error":1696.3809942764983},"median_abs_dev":{"confidence_interval":{"confidence_level":0.95,"lower_bound":8969.79161575448,"upper_bound":14040.468850731964},"point_estimate":11680.663892626417,"standard_error":1320.063158896432},"slope":null,"std_dev":{"confidence_interval":{"confidence_level":0.95,"lower_bound":10974.553084894726,"upper_bound":18310.44564186904},"point_estimate":14652.339062142008,"standard_error":1889.8876427673608}}