{"mean":{"confidence_interval":{"confidence_level":0.95,"lower_bound":4328099.105895835,"upper_bound":4360894.875708334},"point_estimate":4340377.863333334,"standard_error":9080.797133552374},"median":{"confidence_interval":{"confidence_level":0.95,"lower_bound":4326227.916666667,"upper_bound":4336505.166666667},"point_estimate":4331886.875,"standard_error":2885.579618206628},"median_abs_dev":{"confidence_interval":{"confidence_level":0.95,"lower_bound":18607.432744651112,"upper_bound":30272.22046256019},"point_estimate":24290.053118765816,"standard_error":3007.879540320999},"slope":null,"std_dev":{"confidence_interval":{"confidence_level":0.95,"lower_bound":20866.907198170145,"upper_bound":154013.13337275403},"point_estimate":91504.5286895083,"standard_error":46288.35636565888}}