{"mean":{"confidence_interval":{"confidence_level":0.95,"lower_bound":3973306.172980769,"upper_bound":3985777.9527692287},"point_estimate":3978761.731538461,"standard_error":3209.9132007791895},"median":{"confidence_interval":{"confidence_level":0.95,"lower_bound":3968754.0,"upper_bound":3976544.6923076925},"point_estimate":3973060.269230769,"standard_error":2123.021306309107},"median_abs_dev":{"confidence_interval":{"confidence_level":0.95,"lower_bound":10401.351184570032,"upper_bound":17013.690044100575},"point_estimate":12269.484174481018,"standard_error":1752.8990508449458},"slope":null,"std_dev":{"confidence_interval":{"confidence_level":0.95,"lower_bound":14805.355330536924,"upper_bound":48975.29302430222},"point_estimate":32376.602187537083,"standard_error":9630.581831218344}}