{"mean":{"confidence_interval":{"confidence_level":0.95,"lower_bound":6243190.14521875,"upper_bound":6336287.29625},"point_estimate":6289215.2225,"standard_error":23696.83323051906},"median":{"confidence_interval":{"confidence_level":0.95,"lower_bound":6154236.0,"upper_bound":6276812.6875},"point_estimate":6215645.8125,"standard_error":31714.363130526628},"median_abs_dev":{"confidence_interval":{"confidence_level":0.95,"lower_bound":154918.16852465272,"upper_bound":298906.1467308551},"point_estimate":241665.37097208202,"standard_error":36881.31715175057},"slope":null,"std_dev":{"confidence_interval":{"confidence_level":0.95,"lower_bound":214073.7542532223,"upper_bound":258317.0326468566},"point_estimate":239168.6200828635,"standard_error":11320.726280222474}}