{"mean":{"confidence_interval":{"confidence_level":0.95,"lower_bound":6387625.277968749,"upper_bound":6403767.395},"point_estimate":6395328.3725,"standard_error":4102.523378670692},"median":{"confidence_interval":{"confidence_level":0.95,"lower_bound":6385885.3234375,"upper_bound":6399938.0},"point_estimate":6392412.75,"standard_error":3952.650200897886},"median_abs_dev":{"confidence_interval":{"confidence_level":0.95,"lower_bound":20279.275794345893,"upper_bound":39782.1417812258},"point_estimate":27454.508325085044,"standard_error":5081.075330056321},"slope":null,"std_dev":{"confidence_interval":{"confidence_level":0.95,"lower_bound":28311.949380367358,"upper_bound":55011.698438841806},"point_estimate":41380.59131060825,"standard_error":7027.887822304696}}