{"mean":{"confidence_interval":{"confidence_level":0.95,"lower_bound":3954866.5434230776,"upper_bound":3962908.964442308},"point_estimate":3958345.4138461524,"standard_error":2067.9413015886903},"median":{"confidence_interval":{"confidence_level":0.95,"lower_bound":3952160.923076923,"upper_bound":3957422.3846153845},"point_estimate":3955049.384615385,"standard_error":1286.8975037247362},"median_abs_dev":{"confidence_interval":{"confidence_level":0.95,"lower_bound":8022.633572954318,"upper_bound":13527.071090615553},"point_estimate":10388.40694633798,"standard_error":1321.5515087505769},"slope":null,"std_dev":{"confidence_interval":{"confidence_level":0.95,"lower_bound":10331.539947312267,"upper_bound":31858.97349189101},"point_estimate":20826.57809429814,"standard_error":6689.238106056798}}