{"mean":{"confidence_interval":{"confidence_level":0.95,"lower_bound":3979369.6122115375,"upper_bound":4025652.0871153846},"point_estimate":3997078.804615385,"standard_error":12324.51109121804},"median":{"confidence_interval":{"confidence_level":0.95,"lower_bound":3973890.6153846155,"upper_bound":3980781.230769231},"point_estimate":3979309.230769231,"standard_error":1584.2397747399052},"median_abs_dev":{"confidence_interval":{"confidence_level":0.95,"lower_bound":8461.970712462364,"upper_bound":13096.857643253776},"point_estimate":10838.604130653634,"standard_error":1205.6159370365604},"slope":null,"std_dev":{"confidence_interval":{"confidence_level":0.95,"lower_bound":15542.518271770103,"upper_bound":204422.18767602008},"point_estimate":123522.2228040944,"standard_error":56219.35395189579}}