{"mean":{"confidence_interval":{"confidence_level":0.95,"lower_bound":3984210.113846153,"upper_bound":3990074.089230768},"point_estimate":3987101.1538461526,"standard_error":1496.4559206576503},"median":{"confidence_interval":{"confidence_level":0.95,"lower_bound":3981587.307692308,"upper_bound":3987883.769230769},"point_estimate":3984713.5,"standard_error":1640.2336894243817},"median_abs_dev":{"confidence_interval":{"confidence_level":0.95,"lower_bound":9653.835682456203,"upper_bound":16555.85889549786},"point_estimate":12833.613464465721,"standard_error":1808.1103688240485},"slope":null,"std_dev":{"confidence_interval":{"confidence_level":0.95,"lower_bound":12429.00054450766,"upper_bound":17474.64133159671},"point_estimate":15104.097362052058,"standard_error":1285.2245100895175}}