{"mean":{"confidence_interval":{"confidence_level":0.95,"lower_bound":6747418.34375,"upper_bound":6770881.45071875},"point_estimate":6759267.7725,"standard_error":5999.5681866690375},"median":{"confidence_interval":{"confidence_level":0.95,"lower_bound":6755841.5,"upper_bound":6784374.0},"point_estimate":6767650.375,"standard_error":7934.459591140486},"median_abs_dev":{"confidence_interval":{"confidence_level":0.95,"lower_bound":40361.282395944,"upper_bound":69290.69970734417},"point_estimate":52263.03900964558,"standard_error":6891.209142506254},"slope":null,"std_dev":{"confidence_interval":{"confidence_level":0.95,"lower_bound":52003.487054693054,"upper_bound":68191.80953863935},"point_estimate":60887.406870257444,"standard_error":4113.725714251166}}