{"mean":{"confidence_interval":{"confidence_level":0.95,"lower_bound":4211336.718333331,"upper_bound":4216044.027812503},"point_estimate":4213618.3149999995,"standard_error":1199.2036373783478},"median":{"confidence_interval":{"confidence_level":0.95,"lower_bound":4209558.416666667,"upper_bound":4215901.916666667},"point_estimate":4212870.708333333,"standard_error":1768.979705858832},"median_abs_dev":{"confidence_interval":{"confidence_level":0.95,"lower_bound":8455.514749883685,"upper_bound":12802.003672719233},"point_estimate":11193.938676268093,"standard_error":1104.189660216232},"slope":null,"std_dev":{"confidence_interval":{"confidence_level":0.95,"lower_bound":9332.541871637912,"upper_bound":15051.835004351653},"point_estimate":12052.00030880948,"standard_error":1499.8528785746532}}