{"mean":{"confidence_interval":{"confidence_level":0.95,"lower_bound":6622482.8725,"upper_bound":6654061.4325},"point_estimate":6637751.24875,"standard_error":8062.434315351414},"median":{"confidence_interval":{"confidence_level":0.95,"lower_bound":6599821.125,"upper_bound":6630926.4375},"point_estimate":6615220.3125,"standard_error":9361.941220349396},"median_abs_dev":{"confidence_interval":{"confidence_level":0.95,"lower_bound":40763.90095129609,"upper_bound":77389.15187481791},"point_estimate":53477.56637558341,"standard_error":9742.121400961876},"slope":null,"std_dev":{"confidence_interval":{"confidence_level":0.95,"lower_bound":62580.647102662675,"upper_bound":98527.74403330014},"point_estimate":80959.77655682381,"standard_error":9234.86449990042}}