{"mean":{"confidence_interval":{"confidence_level":0.95,"lower_bound":1706907.3248014385,"upper_bound":1711785.2850656419},"point_estimate":1708942.4624868354,"standard_error":1259.696794102144},"median":{"confidence_interval":{"confidence_level":0.95,"lower_bound":1707179.5703896102,"upper_bound":1708708.4},"point_estimate":1708072.9197324414,"standard_error":370.21216694470735},"median_abs_dev":{"confidence_interval":{"confidence_level":0.95,"lower_bound":2568.163659889779,"upper_bound":7098.755555187814},"point_estimate":5020.5468233674765,"standard_error":1150.9755945860977},"slope":{"confidence_interval":{"confidence_level":0.95,"lower_bound":1708886.867888364,"upper_bound":1712321.4748555822},"point_estimate":1710398.7924368258,"standard_error":883.3554708807218},"std_dev":{"confidence_interval":{"confidence_level":0.95,"lower_bound":5122.37689192093,"upper_bound":20010.30135722184},"point_estimate":12664.437373076378,"standard_error":4613.673797550048}}