{"mean":{"confidence_interval":{"confidence_level":0.95,"lower_bound":1797233.4166122437,"upper_bound":1803166.454716835},"point_estimate":1799655.836325246,"standard_error":1542.9268838275343},"median":{"confidence_interval":{"confidence_level":0.95,"lower_bound":1795291.1904761905,"upper_bound":1797643.1818181819},"point_estimate":1796638.4189828504,"standard_error":576.5792869003955},"median_abs_dev":{"confidence_interval":{"confidence_level":0.95,"lower_bound":2960.5706733485545,"upper_bound":5220.691035442249},"point_estimate":3960.4199268700117,"standard_error":588.9146768508956},"slope":{"confidence_interval":{"confidence_level":0.95,"lower_bound":1797356.1107094751,"upper_bound":1800861.2134015064},"point_estimate":1798864.2749578839,"standard_error":902.3851892649329},"std_dev":{"confidence_interval":{"confidence_level":0.95,"lower_bound":4476.7380870355,"upper_bound":24619.81856446078},"point_estimate":15349.995471138014,"standard_error":5882.247593193398}}