{"mean":{"confidence_interval":{"confidence_level":0.95,"lower_bound":1712414.3955461765,"upper_bound":1717053.7929429724},"point_estimate":1714445.9954283866,"standard_error":1198.1845385932672},"median":{"confidence_interval":{"confidence_level":0.95,"lower_bound":1711051.7692307692,"upper_bound":1713222.1351351351},"point_estimate":1712456.0206470839,"standard_error":548.7086839208042},"median_abs_dev":{"confidence_interval":{"confidence_level":0.95,"lower_bound":3843.834581758459,"upper_bound":6373.152213324559},"point_estimate":5062.66641693498,"standard_error":634.6230709760772},"slope":{"confidence_interval":{"confidence_level":0.95,"lower_bound":1711676.7463990692,"upper_bound":1717327.765966243},"point_estimate":1714190.9125580022,"standard_error":1457.2098796261328},"std_dev":{"confidence_interval":{"confidence_level":0.95,"lower_bound":5553.000856173467,"upper_bound":18174.73799696969},"point_estimate":12010.222927936436,"standard_error":3537.4951076411626}}