{"mean":{"confidence_interval":{"confidence_level":0.95,"lower_bound":1810915.616824574,"upper_bound":1817759.3440961791},"point_estimate":1814033.7398271398,"standard_error":1763.1882798158238},"median":{"confidence_interval":{"confidence_level":0.95,"lower_bound":1808996.6043956045,"upper_bound":1812275.1818181819},"point_estimate":1810265.75029036,"standard_error":855.395563208331},"median_abs_dev":{"confidence_interval":{"confidence_level":0.95,"lower_bound":6820.106962252094,"upper_bound":12644.925735507437},"point_estimate":9665.913882722702,"standard_error":1422.0691513209254},"slope":{"confidence_interval":{"confidence_level":0.95,"lower_bound":1810841.5222976897,"upper_bound":1817170.9506189944},"point_estimate":1813893.2121264962,"standard_error":1616.9277883234022},"std_dev":{"confidence_interval":{"confidence_level":0.95,"lower_bound":10737.616526958684,"upper_bound":25254.13298666533},"point_estimate":17694.16500109045,"standard_error":4183.61162893591}}