{"mean":{"confidence_interval":{"confidence_level":0.95,"lower_bound":0.12384235319127872,"upper_bound":0.12574504069709075},"point_estimate":0.12475726242763363,"standard_error":0.0004875021582579868},"median":{"confidence_interval":{"confidence_level":0.95,"lower_bound":0.12383594725297709,"upper_bound":0.12502162889894253},"point_estimate":0.12449419094392256,"standard_error":0.0002887319154390874}}