{"mean":{"confidence_interval":{"confidence_level":0.95,"lower_bound":-0.0005369118818792315,"upper_bound":0.0016206325601246796},"point_estimate":0.0006515829737412382,"standard_error":0.0005527405640501164},"median":{"confidence_interval":{"confidence_level":0.95,"lower_bound":0.00026280791090615985,"upper_bound":0.0018041414452185656},"point_estimate":0.0011248162790491456,"standard_error":0.00037576742328048325}}