{"mean":{"confidence_interval":{"confidence_level":0.95,"lower_bound":-0.0009344552823918356,"upper_bound":-0.0000625626472260419},"point_estimate":-0.0005045451203637974,"standard_error":0.00022204885871814807},"median":{"confidence_interval":{"confidence_level":0.95,"lower_bound":-0.0013207964776975611,"upper_bound":-0.00037116424579679866},"point_estimate":-0.0008273896139925352,"standard_error":0.00024168820295783396}}