{"mean":{"confidence_interval":{"confidence_level":0.95,"lower_bound":0.12467738874028648,"upper_bound":0.1256073365885229},"point_estimate":0.12516689500523248,"standard_error":0.0002372710562459414},"median":{"confidence_interval":{"confidence_level":0.95,"lower_bound":0.12505301463890284,"upper_bound":0.12569578975896456},"point_estimate":0.12537990800202814,"standard_error":0.00015891081572834035}}