{"mean":{"confidence_interval":{"confidence_level":0.95,"lower_bound":0.03890535652044983,"upper_bound":0.041673800653880794},"point_estimate":0.040225759427422014,"standard_error":0.0006999999503573024},"median":{"confidence_interval":{"confidence_level":0.95,"lower_bound":0.039787344625437315,"upper_bound":0.0412951827336401},"point_estimate":0.040712158064545534,"standard_error":0.0003769145660695156}}