{"mean":{"confidence_interval":{"confidence_level":0.95,"lower_bound":-0.5102916283615528,"upper_bound":-0.5091435924911147},"point_estimate":-0.5097847956885352,"standard_error":0.00030352523756088065},"median":{"confidence_interval":{"confidence_level":0.95,"lower_bound":-0.5102733109570722,"upper_bound":-0.5097770931745882},"point_estimate":-0.5100223329356537,"standard_error":0.0001292932981404379}}