{"mean":{"confidence_interval":{"confidence_level":0.95,"lower_bound":0.8034461167652449,"upper_bound":0.8119649188980066},"point_estimate":0.8084029177811622,"standard_error":0.002211413538979267},"median":{"confidence_interval":{"confidence_level":0.95,"lower_bound":0.8108143939846699,"upper_bound":0.812688388098715},"point_estimate":0.8117640338769851,"standard_error":0.0004691902354226785}}