{"mean":{"confidence_interval":{"confidence_level":0.95,"lower_bound":0.12314866970906531,"upper_bound":0.1265755807329313},"point_estimate":0.12465665800166126,"standard_error":0.0008849326616893017},"median":{"confidence_interval":{"confidence_level":0.95,"lower_bound":0.1241296111914969,"upper_bound":0.12506995638926943},"point_estimate":0.1245817152028279,"standard_error":0.00022895379308665725}}