{"mean":{"confidence_interval":{"confidence_level":0.95,"lower_bound":0.002967776088470753,"upper_bound":0.0058436758358840655},"point_estimate":0.004453326674058067,"standard_error":0.0007320621959687887},"median":{"confidence_interval":{"confidence_level":0.95,"lower_bound":0.003739964059961798,"upper_bound":0.005477355868531486},"point_estimate":0.004464459508080942,"standard_error":0.00043633230276956213}}