{"mean":{"confidence_interval":{"confidence_level":0.95,"lower_bound":0.12320975218709884,"upper_bound":0.1249515207335596},"point_estimate":0.12418643732972146,"standard_error":0.0004465006641763497},"median":{"confidence_interval":{"confidence_level":0.95,"lower_bound":0.12436044167998528,"upper_bound":0.12519799484274774},"point_estimate":0.12482766205254148,"standard_error":0.00020218490298721872}}