{"mean":{"confidence_interval":{"confidence_level":0.95,"lower_bound":-0.0005282876363673,"upper_bound":0.0021747683460393626},"point_estimate":0.000498301964626302,"standard_error":0.0007072401716520239},"median":{"confidence_interval":{"confidence_level":0.95,"lower_bound":-0.0006694706801961825,"upper_bound":0.00010525839979986203},"point_estimate":-0.0001916487072961548,"standard_error":0.0002010772673094284}}