{"mean":{"confidence_interval":{"confidence_level":0.95,"lower_bound":-0.003291007809600582,"upper_bound":0.00008051856246306102},"point_estimate":-0.0013499375638666988,"standard_error":0.0008697749907241558},"median":{"confidence_interval":{"confidence_level":0.95,"lower_bound":-0.0012258157667821568,"upper_bound":-0.0002996746541498174},"point_estimate":-0.0008408558147561251,"standard_error":0.00025670751827546124}}