{"mean":{"confidence_interval":{"confidence_level":0.95,"lower_bound":-0.4718068248576349,"upper_bound":-0.4466838030417497},"point_estimate":-0.4558070204668486,"standard_error":0.007618297659800474},"median":{"confidence_interval":{"confidence_level":0.95,"lower_bound":-0.4485929357065731,"upper_bound":-0.4480438669686869},"point_estimate":-0.44831147604114996,"standard_error":0.00013747834018096775}}