{"mean":{"confidence_interval":{"confidence_level":0.95,"lower_bound":-0.0009313238686623786,"upper_bound":0.0008369068342566344},"point_estimate":-0.00005598201990675289,"standard_error":0.00044845541122462553},"median":{"confidence_interval":{"confidence_level":0.95,"lower_bound":-0.0006951989142232051,"upper_bound":0.0004054336495804556},"point_estimate":-0.00002334875767873168,"standard_error":0.0002814224251350639}}