{"mean":{"confidence_interval":{"confidence_level":0.95,"lower_bound":-0.111438446422363,"upper_bound":-0.10601949152052122},"point_estimate":-0.10953954864550675,"standard_error":0.0015667396845211493},"median":{"confidence_interval":{"confidence_level":0.95,"lower_bound":-0.11185014410820104,"upper_bound":-0.11117253973262664},"point_estimate":-0.11150031766101443,"standard_error":0.00016320648100421155}}