{"mean":{"confidence_interval":{"confidence_level":0.95,"lower_bound":-0.11810275565458593,"upper_bound":-0.11171161246040728},"point_estimate":-0.11432361336354424,"standard_error":0.0016793584246835036},"median":{"confidence_interval":{"confidence_level":0.95,"lower_bound":-0.11275610222343346,"upper_bound":-0.11194219351477197},"point_estimate":-0.11236359505838966,"standard_error":0.0002031022134435942}}