{"mean":{"confidence_interval":{"confidence_level":0.95,"lower_bound":-0.006141517244747405,"upper_bound":0.0013273007879573806},"point_estimate":-0.0019630923149248636,"standard_error":0.001910371600888802},"median":{"confidence_interval":{"confidence_level":0.95,"lower_bound":0.00015173743342078438,"upper_bound":0.0011164180199384026},"point_estimate":0.0006364603855073536,"standard_error":0.0002375371268600906}}