{"mean":{"confidence_interval":{"confidence_level":0.95,"lower_bound":0.0005512292204865044,"upper_bound":0.003834867405266089},"point_estimate":0.0021549168442758226,"standard_error":0.0008355725650858927},"median":{"confidence_interval":{"confidence_level":0.95,"lower_bound":0.0012475629151567527,"upper_bound":0.002054421378818505},"point_estimate":0.0017103579915873635,"standard_error":0.00020178422035140175}}