{"mean":{"confidence_interval":{"confidence_level":0.95,"lower_bound":0.8000844010156841,"upper_bound":0.8135759294443676},"point_estimate":0.8075679215984755,"standard_error":0.003466184060064456},"median":{"confidence_interval":{"confidence_level":0.95,"lower_bound":0.8134404154330603,"upper_bound":0.8154471900241027},"point_estimate":0.8146815786394879,"standard_error":0.0004887582427935409}}