{"mean":{"confidence_interval":{"confidence_level":0.95,"lower_bound":0.12166115723808976,"upper_bound":0.13146816627348068},"point_estimate":0.1257232061354625,"standard_error":0.0025679587470405453},"median":{"confidence_interval":{"confidence_level":0.95,"lower_bound":0.12115734269959821,"upper_bound":0.12237034773589062},"point_estimate":0.12195843728851852,"standard_error":0.00031274726695512987}}