{"mean":{"confidence_interval":{"confidence_level":0.95,"lower_bound":-0.0044414987775825586,"upper_bound":-0.00038067654874171807},"point_estimate":-0.001997902335412749,"standard_error":0.0010652367998748844},"median":{"confidence_interval":{"confidence_level":0.95,"lower_bound":-0.0018447193928488037,"upper_bound":-0.0007507848171321996},"point_estimate":-0.00135174710037822,"standard_error":0.0003004617922027793}}