{"mean":{"confidence_interval":{"confidence_level":0.95,"lower_bound":0.000781574315612782,"upper_bound":0.0030182868355658364},"point_estimate":0.0019598094749246897,"standard_error":0.0005663339429317582},"median":{"confidence_interval":{"confidence_level":0.95,"lower_bound":0.0017449380594254382,"upper_bound":0.0024178151874139076},"point_estimate":0.00205545729556067,"standard_error":0.0001612770015433958}}