{"mean":{"confidence_interval":{"confidence_level":0.95,"lower_bound":-0.0029265918405952046,"upper_bound":6.714587946226337e-6},"point_estimate":-0.0012463722517100928,"standard_error":0.0007506507806871986},"median":{"confidence_interval":{"confidence_level":0.95,"lower_bound":-0.0014377166644589101,"upper_bound":-0.0005121826062314261},"point_estimate":-0.000971105924578497,"standard_error":0.00023807021570171309}}