{"mean":{"confidence_interval":{"confidence_level":0.95,"lower_bound":0.144439654096119,"upper_bound":0.15261428027138588},"point_estimate":0.14814536757862196,"standard_error":0.0021318536182484654},"median":{"confidence_interval":{"confidence_level":0.95,"lower_bound":0.14373532175889014,"upper_bound":0.14476067764743505},"point_estimate":0.14423832793785052,"standard_error":0.0002499293989018409}}