{"mean":{"confidence_interval":{"confidence_level":0.95,"lower_bound":-0.0008646271016767694,"upper_bound":0.025092772703802863},"point_estimate":0.006567176159206545,"standard_error":0.006412954462700914},"median":{"confidence_interval":{"confidence_level":0.95,"lower_bound":-0.0010209345189082786,"upper_bound":-0.00007790612268177011},"point_estimate":-0.0004685554504179068,"standard_error":0.0002451659032467969}}