{"mean":{"confidence_interval":{"confidence_level":0.95,"lower_bound":-0.4495732721437133,"upper_bound":-0.44795297901446923},"point_estimate":-0.4489497041683027,"standard_error":0.0004103374872456985},"median":{"confidence_interval":{"confidence_level":0.95,"lower_bound":-0.44967271600183345,"upper_bound":-0.4490859680462886},"point_estimate":-0.4493740901168708,"standard_error":0.00014620465660097597}}