{"mean":{"confidence_interval":{"confidence_level":0.95,"lower_bound":-0.0037985564457618773,"upper_bound":-0.0021345952205065366},"point_estimate":-0.002934848461373152,"standard_error":0.00042512589068263625},"median":{"confidence_interval":{"confidence_level":0.95,"lower_bound":-0.0032092271276594054,"upper_bound":-0.001889662010832928},"point_estimate":-0.0025363399167409595,"standard_error":0.00036027094762898786}}