{"mean":{"confidence_interval":{"confidence_level":0.95,"lower_bound":-0.4602420253482918,"upper_bound":-0.4485681885012902},"point_estimate":-0.45280260882696455,"standard_error":0.0034458498947163353},"median":{"confidence_interval":{"confidence_level":0.95,"lower_bound":-0.44910061911870436,"upper_bound":-0.4484452796786762},"point_estimate":-0.4488482137202512,"standard_error":0.00016346694874105474}}