{"mean":{"confidence_interval":{"confidence_level":0.95,"lower_bound":-0.001198664021059792,"upper_bound":0.0033652637546633807},"point_estimate":0.0005820661078466127,"standard_error":0.0012064825056745988},"median":{"confidence_interval":{"confidence_level":0.95,"lower_bound":-0.0015697021657614405,"upper_bound":-0.0007658009711237757},"point_estimate":-0.0011902961441928595,"standard_error":0.0002065716562112751}}