{"mean":{"confidence_interval":{"confidence_level":0.95,"lower_bound":-0.0014478731040156179,"upper_bound":0.0033781058154728314},"point_estimate":0.000935753203102907,"standard_error":0.001227042329519848},"median":{"confidence_interval":{"confidence_level":0.95,"lower_bound":-0.00001622028951064891,"upper_bound":0.0009701850812395829},"point_estimate":0.0003134646114351103,"standard_error":0.00025121042640721626}}