{"mean":{"confidence_interval":{"confidence_level":0.95,"lower_bound":-0.00010549889909197973,"upper_bound":0.0008956212816384586},"point_estimate":0.0004037366641786999,"standard_error":0.00025502400200888846},"median":{"confidence_interval":{"confidence_level":0.95,"lower_bound":0.0002569667545651022,"upper_bound":0.0009016887258770367},"point_estimate":0.0006383471704543009,"standard_error":0.00015441868132810342}}