{"mean":{"confidence_interval":{"confidence_level":0.95,"lower_bound":-0.001774877396589949,"upper_bound":0.04546836030553308},"point_estimate":0.015204890260528403,"standard_error":0.013477918102311555},"median":{"confidence_interval":{"confidence_level":0.95,"lower_bound":0.0008174716673092841,"upper_bound":0.0016130772569518115},"point_estimate":0.0012881081100168945,"standard_error":0.0002059228572537194}}