{"mean":{"confidence_interval":{"confidence_level":0.95,"lower_bound":-0.003857815372367068,"upper_bound":0.0014525211399447902},"point_estimate":-0.0008778054473836949,"standard_error":0.0013660723995296213},"median":{"confidence_interval":{"confidence_level":0.95,"lower_bound":-0.00027289922339923667,"upper_bound":0.0004787957057195147},"point_estimate":0.0001875691561137316,"standard_error":0.00018865889149155722}}