{"mean":{"confidence_interval":{"confidence_level":0.95,"lower_bound":-0.0016441614949196655,"upper_bound":0.0004893011720891181},"point_estimate":-0.0004658892833850903,"standard_error":0.0005482635326989112},"median":{"confidence_interval":{"confidence_level":0.95,"lower_bound":0.000099262166261882,"upper_bound":0.0006206866018569901},"point_estimate":0.0003903287772268893,"standard_error":0.00012986176935770997}}