{"mean":{"confidence_interval":{"confidence_level":0.95,"lower_bound":-0.001588812811969767,"upper_bound":-0.00022713566717699792},"point_estimate":-0.0009545867382005913,"standard_error":0.0003489264025292946},"median":{"confidence_interval":{"confidence_level":0.95,"lower_bound":-0.001241120876987356,"upper_bound":-0.00024783508527688984},"point_estimate":-0.0008260891896073597,"standard_error":0.00023313689019651855}}