{"mean":{"confidence_interval":{"confidence_level":0.95,"lower_bound":-0.11216272003812826,"upper_bound":-0.10856294276892325},"point_estimate":-0.11063637294384365,"standard_error":0.000941376861224117},"median":{"confidence_interval":{"confidence_level":0.95,"lower_bound":-0.11217130242124163,"upper_bound":-0.11145493462124315},"point_estimate":-0.1118737752754162,"standard_error":0.00018199788694832572}}