{"mean":{"confidence_interval":{"confidence_level":0.95,"lower_bound":-0.0032494299600950294,"upper_bound":0.0008672748922726665},"point_estimate":-0.0011688339553007632,"standard_error":0.0010287073812105289},"median":{"confidence_interval":{"confidence_level":0.95,"lower_bound":-0.0009452137527206084,"upper_bound":-0.00019925729004499626},"point_estimate":-0.000621038299616794,"standard_error":0.000195224718106243}}