{"mean":{"confidence_interval":{"confidence_level":0.95,"lower_bound":-0.11522683109576193,"upper_bound":-0.11137930238833},"point_estimate":-0.11305939537754706,"standard_error":0.000997600599295044},"median":{"confidence_interval":{"confidence_level":0.95,"lower_bound":-0.11191302592258479,"upper_bound":-0.11094983666691338},"point_estimate":-0.1113999092867668,"standard_error":0.0002499856828286944}}