{"mean":{"confidence_interval":{"confidence_level":0.95,"lower_bound":-0.10559762375631501,"upper_bound":-0.10097576631840142},"point_estimate":-0.10378976995048828,"standard_error":0.0012456355717655096},"median":{"confidence_interval":{"confidence_level":0.95,"lower_bound":-0.10566060875341965,"upper_bound":-0.10463499679595178},"point_estimate":-0.1050723833526166,"standard_error":0.0002519935172640537}}