{"mean":{"confidence_interval":{"confidence_level":0.95,"lower_bound":-0.448380707811188,"upper_bound":-0.4450038075844376},"point_estimate":-0.44709704664470107,"standard_error":0.0009630798069673931},"median":{"confidence_interval":{"confidence_level":0.95,"lower_bound":-0.44836965515074245,"upper_bound":-0.4477498320117709},"point_estimate":-0.44805791774758896,"standard_error":0.00015933289144107237}}