{"mean":{"confidence_interval":{"confidence_level":0.95,"lower_bound":-0.11151698811782283,"upper_bound":-0.10324755580613604},"point_estimate":-0.1070973962822167,"standard_error":0.0021146468998207994},"median":{"confidence_interval":{"confidence_level":0.95,"lower_bound":-0.10498921226941227,"upper_bound":-0.10360242969523485},"point_estimate":-0.10427342674882667,"standard_error":0.00035557739910564495}}