{"mean":{"confidence_interval":{"confidence_level":0.95,"lower_bound":-0.0011634817861842478,"upper_bound":0.0005541598108917967},"point_estimate":-0.0003001597686139723,"standard_error":0.000437160596917497},"median":{"confidence_interval":{"confidence_level":0.95,"lower_bound":-0.0008612632872684323,"upper_bound":0.00023178387251476806},"point_estimate":-0.00042418414190492637,"standard_error":0.000277385920349527}}