{"mean":{"confidence_interval":{"confidence_level":0.95,"lower_bound":-0.11322355592659986,"upper_bound":-0.10965361759262532},"point_estimate":-0.11152647875178545,"standard_error":0.0008692268154200927},"median":{"confidence_interval":{"confidence_level":0.95,"lower_bound":-0.11179862220164105,"upper_bound":-0.11100482337384332},"point_estimate":-0.11139888388089247,"standard_error":0.0002047847919178882}}