{"mean":{"confidence_interval":{"confidence_level":0.95,"lower_bound":-9.045225393577994e-6,"upper_bound":0.009257063289333622},"point_estimate":0.004587345386640296,"standard_error":0.0023982963047347503},"median":{"confidence_interval":{"confidence_level":0.95,"lower_bound":-0.00021515212595402933,"upper_bound":0.000687281947719276},"point_estimate":0.00021584504988925168,"standard_error":0.0002299346059714373}}