{"mean":{"confidence_interval":{"confidence_level":0.95,"lower_bound":-0.000030141952581244636,"upper_bound":0.0019942791769739054},"point_estimate":0.0007839433011360697,"standard_error":0.0005056379564181837},"median":{"confidence_interval":{"confidence_level":0.95,"lower_bound":-3.490025715979783e-6,"upper_bound":0.0006446683241687623},"point_estimate":0.00031482458574427774,"standard_error":0.00016959628745587805}}