{"mean":{"confidence_interval":{"confidence_level":0.95,"lower_bound":-0.11463525731222012,"upper_bound":-0.11154878710446182},"point_estimate":-0.11288663322841064,"standard_error":0.0007959535234700494},"median":{"confidence_interval":{"confidence_level":0.95,"lower_bound":-0.11235795977969776,"upper_bound":-0.1113625551657704},"point_estimate":-0.11180874737080981,"standard_error":0.0002591220095974964}}