{"mean":{"confidence_interval":{"confidence_level":0.95,"lower_bound":-0.0008843859291864403,"upper_bound":0.0008606681047379105},"point_estimate":0.000015559430675660124,"standard_error":0.0004417540798531436},"median":{"confidence_interval":{"confidence_level":0.95,"lower_bound":-0.00033903712325078494,"upper_bound":0.0006238491798280564},"point_estimate":0.00015840880774842248,"standard_error":0.00023724671171789234}}