{"mean":{"confidence_interval":{"confidence_level":0.95,"lower_bound":-0.005744189867987242,"upper_bound":-0.002710854803633334},"point_estimate":-0.004245837001809805,"standard_error":0.0007702196004589379},"median":{"confidence_interval":{"confidence_level":0.95,"lower_bound":-0.003915549609686683,"upper_bound":-0.003236851611180369},"point_estimate":-0.0036370993243647343,"standard_error":0.00017277250864877695}}