{"mean":{"confidence_interval":{"confidence_level":0.95,"lower_bound":23962396.561749995,"upper_bound":24165759.363333326},"point_estimate":24062773.54333332,"standard_error":51843.00296068353},"median":{"confidence_interval":{"confidence_level":0.95,"lower_bound":23890270.0,"upper_bound":24150538.333333332},"point_estimate":24082795.833333336,"standard_error":61258.15217044436},"median_abs_dev":{"confidence_interval":{"confidence_level":0.95,"lower_bound":446262.8391772527,"upper_bound":663388.6169224977},"point_estimate":540098.0741113415,"standard_error":54433.94374607842},"slope":null,"std_dev":{"confidence_interval":{"confidence_level":0.95,"lower_bound":435176.0463583596,"upper_bound":616126.1815724429},"point_estimate":522198.388079162,"standard_error":46687.37051624568}}