{"mean":{"confidence_interval":{"confidence_level":0.95,"lower_bound":25655391.4245,"upper_bound":25871278.07025},"point_estimate":25763087.22,"standard_error":55181.74511407759},"median":{"confidence_interval":{"confidence_level":0.95,"lower_bound":25670910.25,"upper_bound":25914077.25},"point_estimate":25770804.5,"standard_error":74246.57989912349},"median_abs_dev":{"confidence_interval":{"confidence_level":0.95,"lower_bound":451989.5051255822,"upper_bound":706110.4764640331},"point_estimate":580953.0931860209,"standard_error":63275.689737972985},"slope":null,"std_dev":{"confidence_interval":{"confidence_level":0.95,"lower_bound":482574.18011371396,"upper_bound":620426.8886128998},"point_estimate":555496.4889031741,"standard_error":35209.346561960534}}