{"mean":{"confidence_interval":{"confidence_level":0.95,"lower_bound":25323501.075875,"upper_bound":25613244.3255},"point_estimate":25465561.2,"standard_error":74049.90977648065},"median":{"confidence_interval":{"confidence_level":0.95,"lower_bound":25242296.5,"upper_bound":25583162.0},"point_estimate":25383167.25,"standard_error":89655.37734229778},"median_abs_dev":{"confidence_interval":{"confidence_level":0.95,"lower_bound":414067.5629988313,"upper_bound":855380.0966152174},"point_estimate":599226.5085116029,"standard_error":113461.8625391966},"slope":null,"std_dev":{"confidence_interval":{"confidence_level":0.95,"lower_bound":605200.7442222775,"upper_bound":896584.6274937504},"point_estimate":746470.2758281502,"standard_error":75438.25123856706}}