{"mean":{"confidence_interval":{"confidence_level":0.95,"lower_bound":25931443.379375,"upper_bound":26165097.805125},"point_estimate":26046842.45,"standard_error":59436.77009559059},"median":{"confidence_interval":{"confidence_level":0.95,"lower_bound":25824463.5,"upper_bound":26185879.75},"point_estimate":25993531.5,"standard_error":110342.3440943088},"median_abs_dev":{"confidence_interval":{"confidence_level":0.95,"lower_bound":503570.2701598406,"upper_bound":793885.5840057135},"point_estimate":666760.4199126363,"standard_error":72258.41972678441},"slope":null,"std_dev":{"confidence_interval":{"confidence_level":0.95,"lower_bound":524178.8266228118,"upper_bound":660939.1511670502},"point_estimate":596929.0678406341,"standard_error":34913.24877756422}}