{"mean":{"confidence_interval":{"confidence_level":0.95,"lower_bound":27118242.57175,"upper_bound":28367876.405749995},"point_estimate":27633720.205,"standard_error":324471.23873668397},"median":{"confidence_interval":{"confidence_level":0.95,"lower_bound":26958471.0,"upper_bound":27192988.0},"point_estimate":27091708.25,"standard_error":63044.49964848933},"median_abs_dev":{"confidence_interval":{"confidence_level":0.95,"lower_bound":517069.34292018414,"upper_bound":807818.5025833546},"point_estimate":685574.984228611,"standard_error":73806.51328702498},"slope":null,"std_dev":{"confidence_interval":{"confidence_level":0.95,"lower_bound":721394.5029048396,"upper_bound":5207021.103420749},"point_estimate":3253178.618085672,"standard_error":1212126.985837728}}