{"mean":{"confidence_interval":{"confidence_level":0.95,"lower_bound":26070351.915625002,"upper_bound":26319333.835},"point_estimate":26192932.68,"standard_error":63524.97755649307},"median":{"confidence_interval":{"confidence_level":0.95,"lower_bound":26032545.0,"upper_bound":26293296.25},"point_estimate":26166534.0,"standard_error":68428.97746930366},"median_abs_dev":{"confidence_interval":{"confidence_level":0.95,"lower_bound":398402.7823269367,"upper_bound":757878.7903949618},"point_estimate":577813.317091763,"standard_error":92173.64240504445},"slope":null,"std_dev":{"confidence_interval":{"confidence_level":0.95,"lower_bound":530284.4497707773,"upper_bound":736251.7872550692},"point_estimate":636904.3860221762,"standard_error":52650.15549115869}}