{"mean":{"confidence_interval":{"confidence_level":0.95,"lower_bound":24119456.02666666,"upper_bound":24381214.36366666},"point_estimate":24245064.55333333,"standard_error":67093.3821341932},"median":{"confidence_interval":{"confidence_level":0.95,"lower_bound":24072043.666666668,"upper_bound":24374199.0},"point_estimate":24206201.166666664,"standard_error":74588.82476793982},"median_abs_dev":{"confidence_interval":{"confidence_level":0.95,"lower_bound":421736.92911267467,"upper_bound":689430.7325601568},"point_estimate":548494.5319622755,"standard_error":69323.8385111716},"slope":null,"std_dev":{"confidence_interval":{"confidence_level":0.95,"lower_bound":492697.54922684544,"upper_bound":852967.207880054},"point_estimate":670801.2992637638,"standard_error":93940.89064982854}}