{"mean":{"confidence_interval":{"confidence_level":0.95,"lower_bound":23422171.41008333,"upper_bound":23614088.957500007},"point_estimate":23517761.05666666,"standard_error":48851.553691627676},"median":{"confidence_interval":{"confidence_level":0.95,"lower_bound":23397110.0,"upper_bound":23543416.666666668},"point_estimate":23452177.5,"standard_error":33994.05918502541},"median_abs_dev":{"confidence_interval":{"confidence_level":0.95,"lower_bound":299015.4575914135,"upper_bound":578968.6331212493},"point_estimate":444242.055413126,"standard_error":68648.15140256578},"slope":null,"std_dev":{"confidence_interval":{"confidence_level":0.95,"lower_bound":420802.14496076247,"upper_bound":551678.9450926639},"point_estimate":490230.0108739403,"standard_error":33529.88166409666}}