{"mean":{"confidence_interval":{"confidence_level":0.95,"lower_bound":21136795.97258334,"upper_bound":21456926.40758333},"point_estimate":21273952.423333336,"standard_error":82859.63060006242},"median":{"confidence_interval":{"confidence_level":0.95,"lower_bound":21047226.666666668,"upper_bound":21197255.0},"point_estimate":21115283.333333332,"standard_error":39919.018518561825},"median_abs_dev":{"confidence_interval":{"confidence_level":0.95,"lower_bound":205822.92974590886,"upper_bound":363610.85584461875},"point_estimate":276788.07168603217,"standard_error":39875.10945551805},"slope":null,"std_dev":{"confidence_interval":{"confidence_level":0.95,"lower_bound":351696.9034914527,"upper_bound":1291020.9190398129},"point_estimate":833644.2501989144,"standard_error":275924.19360138633}}