{"mean":{"confidence_interval":{"confidence_level":0.95,"lower_bound":24592648.972416658,"upper_bound":24762112.137249995},"point_estimate":24677251.91666667,"standard_error":43162.40560874677},"median":{"confidence_interval":{"confidence_level":0.95,"lower_bound":24680314.833333336,"upper_bound":24797023.666666668},"point_estimate":24752911.666666664,"standard_error":32481.257360004547},"median_abs_dev":{"confidence_interval":{"confidence_level":0.95,"lower_bound":223663.5617841762,"upper_bound":464563.3119523544},"point_estimate":337185.48811376095,"standard_error":58594.469615807815},"slope":null,"std_dev":{"confidence_interval":{"confidence_level":0.95,"lower_bound":352779.1009208857,"upper_bound":514975.00219314964},"point_estimate":433733.2580188938,"standard_error":41558.50823110279}}