{"mean":{"confidence_interval":{"confidence_level":0.95,"lower_bound":23582265.354833346,"upper_bound":23807662.731166657},"point_estimate":23695315.37999999,"standard_error":57063.665915973674},"median":{"confidence_interval":{"confidence_level":0.95,"lower_bound":23398158.0,"upper_bound":24088523.333333336},"point_estimate":23755972.5,"standard_error":197557.4316456359},"median_abs_dev":{"confidence_interval":{"confidence_level":0.95,"lower_bound":392483.0077320356,"upper_bound":868691.1540776538},"point_estimate":720303.4060120583,"standard_error":129747.68810122719},"slope":null,"std_dev":{"confidence_interval":{"confidence_level":0.95,"lower_bound":526872.8839603305,"upper_bound":612372.8568064903},"point_estimate":572829.9830599792,"standard_error":21874.488453672973}}