{"mean":{"confidence_interval":{"confidence_level":0.95,"lower_bound":12194197.5425,"upper_bound":12711585.14175},"point_estimate":12439598.83,"standard_error":131990.99666745772},"median":{"confidence_interval":{"confidence_level":0.95,"lower_bound":11872300.75,"upper_bound":11902873.0},"point_estimate":11886984.125,"standard_error":7865.141417265305},"median_abs_dev":{"confidence_interval":{"confidence_level":0.95,"lower_bound":51931.39992803335,"upper_bound":88984.03809271747},"point_estimate":67895.66579461098,"standard_error":9409.804481479216},"slope":null,"std_dev":{"confidence_interval":{"confidence_level":0.95,"lower_bound":992762.3127275405,"upper_bound":1589951.000036136},"point_estimate":1334237.553418018,"standard_error":152039.90783182852}}