{"mean":{"confidence_interval":{"confidence_level":0.95,"lower_bound":24332083.107,"upper_bound":24560860.32433333},"point_estimate":24445967.473333336,"standard_error":58461.42618576682},"median":{"confidence_interval":{"confidence_level":0.95,"lower_bound":24283518.0,"upper_bound":24641532.0},"point_estimate":24439721.166666664,"standard_error":88142.19753066437},"median_abs_dev":{"confidence_interval":{"confidence_level":0.95,"lower_bound":514866.9406592873,"upper_bound":833993.3726936588},"point_estimate":660329.7660768013,"standard_error":81149.79236920821},"slope":null,"std_dev":{"confidence_interval":{"confidence_level":0.95,"lower_bound":520800.10463872866,"upper_bound":649160.6023261008},"point_estimate":589205.279608629,"standard_error":32651.590567118852}}