{"mean":{"confidence_interval":{"confidence_level":0.95,"lower_bound":25901805.821125,"upper_bound":26098760.76},"point_estimate":25999876.665,"standard_error":50160.407045098545},"median":{"confidence_interval":{"confidence_level":0.95,"lower_bound":25915003.5,"upper_bound":26178685.75},"point_estimate":26068268.0,"standard_error":57641.79159105954},"median_abs_dev":{"confidence_interval":{"confidence_level":0.95,"lower_bound":382106.0434162617,"upper_bound":605269.5860043168},"point_estimate":445135.4454472661,"standard_error":59459.76953105733},"slope":null,"std_dev":{"confidence_interval":{"confidence_level":0.95,"lower_bound":429402.0051525964,"upper_bound":572903.6826430538},"point_estimate":503331.7068275649,"standard_error":36672.82468515722}}