{"mean":{"confidence_interval":{"confidence_level":0.95,"lower_bound":26229552.395,"upper_bound":26967366.623999998},"point_estimate":26555477.51,"standard_error":189831.44115732613},"median":{"confidence_interval":{"confidence_level":0.95,"lower_bound":26067711.25,"upper_bound":26455850.5},"point_estimate":26241541.5,"standard_error":101204.74256196723},"median_abs_dev":{"confidence_interval":{"confidence_level":0.95,"lower_bound":505105.50243258476,"upper_bound":817993.4008777142},"point_estimate":649911.0418617725,"standard_error":77589.38751981386},"slope":null,"std_dev":{"confidence_interval":{"confidence_level":0.95,"lower_bound":810405.2506299069,"upper_bound":2742610.297804621},"point_estimate":1908016.7960179534,"standard_error":500134.8448142296}}