{"mean":{"confidence_interval":{"confidence_level":0.95,"lower_bound":26104108.91725,"upper_bound":26606318.52675},"point_estimate":26352703.52,"standard_error":128101.47401294942},"median":{"confidence_interval":{"confidence_level":0.95,"lower_bound":25787762.5,"upper_bound":26529468.5},"point_estimate":26174441.75,"standard_error":204874.28942446495},"median_abs_dev":{"confidence_interval":{"confidence_level":0.95,"lower_bound":1053601.516994834,"upper_bound":1745673.9956080914},"point_estimate":1410887.7249017358,"standard_error":176410.17910659304},"slope":null,"std_dev":{"confidence_interval":{"confidence_level":0.95,"lower_bound":1137308.3275112503,"upper_bound":1424066.559577913},"point_estimate":1290662.462668376,"standard_error":73085.82572424047}}