{"mean":{"confidence_interval":{"confidence_level":0.95,"lower_bound":24216603.209833335,"upper_bound":24382347.036666654},"point_estimate":24297676.983333334,"standard_error":42471.858427920095},"median":{"confidence_interval":{"confidence_level":0.95,"lower_bound":24126868.666666668,"upper_bound":24308280.0},"point_estimate":24209163.0,"standard_error":47485.98114510583},"median_abs_dev":{"confidence_interval":{"confidence_level":0.95,"lower_bound":292164.36311304476,"upper_bound":477789.83341753576},"point_estimate":422029.24840748403,"standard_error":49354.19194240091},"slope":null,"std_dev":{"confidence_interval":{"confidence_level":0.95,"lower_bound":357986.3374541505,"upper_bound":488783.9999449361},"point_estimate":426939.7795125982,"standard_error":33483.987960872706}}