{"mean":{"confidence_interval":{"confidence_level":0.95,"lower_bound":24041369.15491667,"upper_bound":24165748.300000016},"point_estimate":24102631.183333326,"standard_error":31828.331750280293},"median":{"confidence_interval":{"confidence_level":0.95,"lower_bound":24036480.0,"upper_bound":24107797.0},"point_estimate":24065598.333333332,"standard_error":16672.160863161138},"median_abs_dev":{"confidence_interval":{"confidence_level":0.95,"lower_bound":131436.4412665413,"upper_bound":308417.85952448845},"point_estimate":221482.89196789448,"standard_error":46720.762605799326},"slope":null,"std_dev":{"confidence_interval":{"confidence_level":0.95,"lower_bound":261909.54045585662,"upper_bound":371773.22947439254},"point_estimate":319497.4970842436,"standard_error":27986.828132511557}}