{"mean":{"confidence_interval":{"confidence_level":0.95,"lower_bound":25297951.814375002,"upper_bound":25741633.780125},"point_estimate":25490331.66,"standard_error":114110.81029888011},"median":{"confidence_interval":{"confidence_level":0.95,"lower_bound":25227225.75,"upper_bound":25634886.75},"point_estimate":25434810.75,"standard_error":133819.76408963648},"median_abs_dev":{"confidence_interval":{"confidence_level":0.95,"lower_bound":530230.382886529,"upper_bound":800041.339096427},"point_estimate":681865.8897444606,"standard_error":70127.10252132973},"slope":null,"std_dev":{"confidence_interval":{"confidence_level":0.95,"lower_bound":536475.7258161014,"upper_bound":1761897.9807821028},"point_estimate":1145269.3747233076,"standard_error":361843.2921826558}}