{"mean":{"confidence_interval":{"confidence_level":0.95,"lower_bound":24326627.45108332,"upper_bound":24478382.5785},"point_estimate":24401816.923333336,"standard_error":38765.99290550219},"median":{"confidence_interval":{"confidence_level":0.95,"lower_bound":24234619.166666664,"upper_bound":24449995.0},"point_estimate":24347262.0,"standard_error":64845.08338127686},"median_abs_dev":{"confidence_interval":{"confidence_level":0.95,"lower_bound":311650.42166709714,"upper_bound":530487.6139819622},"point_estimate":421125.60372352414,"standard_error":60871.323957682755},"slope":null,"std_dev":{"confidence_interval":{"confidence_level":0.95,"lower_bound":342207.69328027,"upper_bound":428077.0143127312},"point_estimate":388322.8320963365,"standard_error":21937.990788761545}}