{"mean":{"confidence_interval":{"confidence_level":0.95,"lower_bound":23931791.45391666,"upper_bound":24123016.46433334},"point_estimate":24026566.683333334,"standard_error":48627.50430363332},"median":{"confidence_interval":{"confidence_level":0.95,"lower_bound":23896787.166666664,"upper_bound":24088972.5},"point_estimate":23977113.833333332,"standard_error":43484.323651135135},"median_abs_dev":{"confidence_interval":{"confidence_level":0.95,"lower_bound":341070.6413447857,"upper_bound":561106.7628383618},"point_estimate":458434.98496115394,"standard_error":56771.10469623238},"slope":null,"std_dev":{"confidence_interval":{"confidence_level":0.95,"lower_bound":419574.94819426764,"upper_bound":552247.853265341},"point_estimate":489623.6247035602,"standard_error":33916.53904580182}}