{"mean":{"confidence_interval":{"confidence_level":0.95,"lower_bound":13608569.518375002,"upper_bound":14201276.5140625},"point_estimate":13893194.06,"standard_error":151510.69342525693},"median":{"confidence_interval":{"confidence_level":0.95,"lower_bound":13216943.625,"upper_bound":13286392.0},"point_estimate":13261943.75,"standard_error":21298.99799883477},"median_abs_dev":{"confidence_interval":{"confidence_level":0.95,"lower_bound":133995.53237110376,"upper_bound":247942.97724813223},"point_estimate":205332.12737962604,"standard_error":29818.853273791687},"slope":null,"std_dev":{"confidence_interval":{"confidence_level":0.95,"lower_bound":1203571.3867918,"upper_bound":1766719.7323013311},"point_estimate":1526512.389045493,"standard_error":143553.7661212921}}