{"mean":{"confidence_interval":{"confidence_level":0.95,"lower_bound":24634162.608749997,"upper_bound":24815335.351416666},"point_estimate":24723006.22333333,"standard_error":46191.33127023704},"median":{"confidence_interval":{"confidence_level":0.95,"lower_bound":24640039.666666668,"upper_bound":24807568.5875},"point_estimate":24711325.333333336,"standard_error":41669.62773153832},"median_abs_dev":{"confidence_interval":{"confidence_level":0.95,"lower_bound":246920.35391628742,"upper_bound":470050.66155493626},"point_estimate":310077.63019502163,"standard_error":56754.29833019504},"slope":null,"std_dev":{"confidence_interval":{"confidence_level":0.95,"lower_bound":366308.09307251254,"upper_bound":569384.9455618318},"point_estimate":465723.38495350693,"standard_error":52667.263961242534}}