{"mean":{"confidence_interval":{"confidence_level":0.95,"lower_bound":24652415.598999992,"upper_bound":24819771.113666672},"point_estimate":24737316.223333325,"standard_error":42658.46927378686},"median":{"confidence_interval":{"confidence_level":0.95,"lower_bound":24705238.166666668,"upper_bound":24861607.666666664},"point_estimate":24794872.666666664,"standard_error":43483.60761666163},"median_abs_dev":{"confidence_interval":{"confidence_level":0.95,"lower_bound":273646.9365417994,"upper_bound":481372.2891539354},"point_estimate":359289.07692134567,"standard_error":53701.780950505075},"slope":null,"std_dev":{"confidence_interval":{"confidence_level":0.95,"lower_bound":364703.87471227045,"upper_bound":483367.79278836434},"point_estimate":427409.5350379492,"standard_error":30174.73242548912}}