{"mean":{"confidence_interval":{"confidence_level":0.95,"lower_bound":24561352.996333335,"upper_bound":24682116.748333346},"point_estimate":24620935.12666666,"standard_error":30842.54959421843},"median":{"confidence_interval":{"confidence_level":0.95,"lower_bound":24532917.333333332,"upper_bound":24686867.5},"point_estimate":24575298.5,"standard_error":38734.59191244026},"median_abs_dev":{"confidence_interval":{"confidence_level":0.95,"lower_bound":218417.61652231123,"upper_bound":338756.7969858683},"point_estimate":287699.0190923223,"standard_error":31589.12481066551},"slope":null,"std_dev":{"confidence_interval":{"confidence_level":0.95,"lower_bound":253898.78574711873,"upper_bound":363129.1490032821},"point_estimate":309945.1634440787,"standard_error":27878.50902990417}}