{"mean":{"confidence_interval":{"confidence_level":0.95,"lower_bound":24535740.68,"upper_bound":24711077.256666664},"point_estimate":24626193.743333336,"standard_error":44540.02865785472},"median":{"confidence_interval":{"confidence_level":0.95,"lower_bound":24605958.833333336,"upper_bound":24762887.333333332},"point_estimate":24705280.166666664,"standard_error":41266.204880581696},"median_abs_dev":{"confidence_interval":{"confidence_level":0.95,"lower_bound":262951.9545316715,"upper_bound":484528.25029790495},"point_estimate":394520.34719586186,"standard_error":55615.29776431448},"slope":null,"std_dev":{"confidence_interval":{"confidence_level":0.95,"lower_bound":349471.65921035426,"upper_bound":541710.4182976484},"point_estimate":448211.2984876037,"standard_error":49309.44051979108}}