{"mean":{"confidence_interval":{"confidence_level":0.95,"lower_bound":25503724.587375,"upper_bound":25731660.099375},"point_estimate":25618212.06,"standard_error":58278.100225938644},"median":{"confidence_interval":{"confidence_level":0.95,"lower_bound":25522695.5,"upper_bound":25862014.5},"point_estimate":25744522.5,"standard_error":83412.31157827756},"median_abs_dev":{"confidence_interval":{"confidence_level":0.95,"lower_bound":601638.3280187845,"upper_bound":873251.7551466823},"point_estimate":786594.1573351622,"standard_error":72913.3278788064},"slope":null,"std_dev":{"confidence_interval":{"confidence_level":0.95,"lower_bound":520631.26650957536,"upper_bound":641039.1103077362},"point_estimate":584915.8579081013,"standard_error":30696.609542056754}}