{"mean":{"confidence_interval":{"confidence_level":0.95,"lower_bound":46582311.33,"upper_bound":47022677.827375},"point_estimate":46800123.165,"standard_error":112006.75449546431},"median":{"confidence_interval":{"confidence_level":0.95,"lower_bound":46349922.0,"upper_bound":46675650.5},"point_estimate":46511961.25,"standard_error":96231.13700800229},"median_abs_dev":{"confidence_interval":{"confidence_level":0.95,"lower_bound":678528.1865537167,"upper_bound":1312339.6753013134},"point_estimate":997860.9470844269,"standard_error":162732.90382234284},"slope":null,"std_dev":{"confidence_interval":{"confidence_level":0.95,"lower_bound":938115.6664937892,"upper_bound":1288506.684098294},"point_estimate":1125766.1414099112,"standard_error":89635.51550275143}}