{"mean":{"confidence_interval":{"confidence_level":0.95,"lower_bound":43463081.442875,"upper_bound":43676951.172625},"point_estimate":43565327.465,"standard_error":54427.01733635695},"median":{"confidence_interval":{"confidence_level":0.95,"lower_bound":43407169.0,"upper_bound":43569259.5},"point_estimate":43490859.75,"standard_error":47496.48891574817},"median_abs_dev":{"confidence_interval":{"confidence_level":0.95,"lower_bound":277341.08147621155,"upper_bound":490911.8315845728},"point_estimate":379509.64021235704,"standard_error":58063.55586802876},"slope":null,"std_dev":{"confidence_interval":{"confidence_level":0.95,"lower_bound":379831.5464790897,"upper_bound":707283.0647969503},"point_estimate":548698.1844258541,"standard_error":84650.92630498414}}