{"mean":{"confidence_interval":{"confidence_level":0.95,"lower_bound":44937538.587625,"upper_bound":45270827.52},"point_estimate":45089349.97,"standard_error":85650.80889757376},"median":{"confidence_interval":{"confidence_level":0.95,"lower_bound":44783778.0,"upper_bound":44956893.5},"point_estimate":44870991.75,"standard_error":45272.7369078084},"median_abs_dev":{"confidence_interval":{"confidence_level":0.95,"lower_bound":213003.28496843576,"upper_bound":378098.205037415},"point_estimate":296707.1729823947,"standard_error":41254.26233004833},"slope":null,"std_dev":{"confidence_interval":{"confidence_level":0.95,"lower_bound":496677.3373876552,"upper_bound":1153914.2825753384},"point_estimate":859378.0011800752,"standard_error":168145.8611142361}}