{"mean":{"confidence_interval":{"confidence_level":0.95,"lower_bound":46920529.091125004,"upper_bound":47206879.722375},"point_estimate":47032583.715,"standard_error":76163.17195326989},"median":{"confidence_interval":{"confidence_level":0.95,"lower_bound":46876616.75,"upper_bound":46961172.5},"point_estimate":46912078.0,"standard_error":21760.83801005835},"median_abs_dev":{"confidence_interval":{"confidence_level":0.95,"lower_bound":133876.55372321606,"upper_bound":206489.48198407888},"point_estimate":170391.1378249526,"standard_error":19144.73029360693},"slope":null,"std_dev":{"confidence_interval":{"confidence_level":0.95,"lower_bound":157865.6127027584,"upper_bound":1263825.2533073847},"point_estimate":765589.5623752294,"standard_error":339267.8486435997}}