{"mean":{"confidence_interval":{"confidence_level":0.95,"lower_bound":44315690.226875,"upper_bound":44553963.995875},"point_estimate":44419398.72,"standard_error":61558.10395203429},"median":{"confidence_interval":{"confidence_level":0.95,"lower_bound":44348784.0,"upper_bound":44525764.5},"point_estimate":44488726.5,"standard_error":39613.54477864876},"median_abs_dev":{"confidence_interval":{"confidence_level":0.95,"lower_bound":156505.47712147236,"upper_bound":378520.0047299266},"point_estimate":268871.3584765792,"standard_error":56314.14189316665},"slope":null,"std_dev":{"confidence_interval":{"confidence_level":0.95,"lower_bound":286469.5351488471,"upper_bound":959877.4660911058},"point_estimate":621336.0676786274,"standard_error":202605.6972383525}}