{"mean":{"confidence_interval":{"confidence_level":0.95,"lower_bound":45136257.565375,"upper_bound":45502470.755},"point_estimate":45298310.62,"standard_error":94380.21006811786},"median":{"confidence_interval":{"confidence_level":0.95,"lower_bound":45054848.5,"upper_bound":45286768.25},"point_estimate":45156751.75,"standard_error":61173.188910922814},"median_abs_dev":{"confidence_interval":{"confidence_level":0.95,"lower_bound":341078.7956446409,"upper_bound":538788.6912345886},"point_estimate":443183.60258191824,"standard_error":50588.38419573512},"slope":null,"std_dev":{"confidence_interval":{"confidence_level":0.95,"lower_bound":377978.97674130544,"upper_bound":1384807.476615726},"point_estimate":951688.3683651652,"standard_error":262461.18765549426}}