{"mean":{"confidence_interval":{"confidence_level":0.95,"lower_bound":47768105.477,"upper_bound":48017256.05},"point_estimate":47891862.015,"standard_error":63551.83649509509},"median":{"confidence_interval":{"confidence_level":0.95,"lower_bound":47680896.75,"upper_bound":47987677.0},"point_estimate":47848259.0,"standard_error":83979.91586003432},"median_abs_dev":{"confidence_interval":{"confidence_level":0.95,"lower_bound":460026.3089329004,"upper_bound":760422.9319497943},"point_estimate":639531.3594460487,"standard_error":78287.39336808695},"slope":null,"std_dev":{"confidence_interval":{"confidence_level":0.95,"lower_bound":537064.298190014,"upper_bound":728805.4467591546},"point_estimate":636674.5180420195,"standard_error":49185.72261555358}}