{"mean":{"confidence_interval":{"confidence_level":0.95,"lower_bound":46475730.94,"upper_bound":46832682.1605},"point_estimate":46650685.715,"standard_error":90768.35661547858},"median":{"confidence_interval":{"confidence_level":0.95,"lower_bound":46288286.5,"upper_bound":46760692.5},"point_estimate":46553499.5,"standard_error":102005.80256202405},"median_abs_dev":{"confidence_interval":{"confidence_level":0.95,"lower_bound":711162.2876143456,"upper_bound":1094160.3836360201},"point_estimate":903820.7427039742,"standard_error":93519.68009902499},"slope":null,"std_dev":{"confidence_interval":{"confidence_level":0.95,"lower_bound":769892.7380720811,"upper_bound":1047693.7003050747},"point_estimate":915567.4903755053,"standard_error":70837.2335773197}}