{"mean":{"confidence_interval":{"confidence_level":0.95,"lower_bound":46940001.734375,"upper_bound":47126171.595},"point_estimate":47012414.305,"standard_error":49324.187214090205},"median":{"confidence_interval":{"confidence_level":0.95,"lower_bound":46881464.25,"upper_bound":46963525.75},"point_estimate":46911984.5,"standard_error":25099.053918610563},"median_abs_dev":{"confidence_interval":{"confidence_level":0.95,"lower_bound":89966.09378278258,"upper_bound":175624.5582057904},"point_estimate":123230.00331223011,"standard_error":23093.527842599142},"slope":null,"std_dev":{"confidence_interval":{"confidence_level":0.95,"lower_bound":133867.16229817507,"upper_bound":811704.057034326},"point_estimate":494003.2310357209,"standard_error":217672.16778094598}}