{"mean":{"confidence_interval":{"confidence_level":0.95,"lower_bound":46824629.29,"upper_bound":47016936.1935},"point_estimate":46908687.655,"standard_error":49287.404290521124},"median":{"confidence_interval":{"confidence_level":0.95,"lower_bound":46736332.5,"upper_bound":46823546.0},"point_estimate":46764377.75,"standard_error":19192.883096014684},"median_abs_dev":{"confidence_interval":{"confidence_level":0.95,"lower_bound":67750.75091343379,"upper_bound":156655.96101880074},"point_estimate":105747.92572259903,"standard_error":20533.283126989867},"slope":null,"std_dev":{"confidence_interval":{"confidence_level":0.95,"lower_bound":216222.67056133476,"upper_bound":732576.8104851079},"point_estimate":497132.7395133404,"standard_error":133509.05334122837}}