{"mean":{"confidence_interval":{"confidence_level":0.95,"lower_bound":49011148.68,"upper_bound":49673360.212000005},"point_estimate":49333146.65,"standard_error":169117.92365614313},"median":{"confidence_interval":{"confidence_level":0.95,"lower_bound":48795448.75,"upper_bound":49360019.0},"point_estimate":48981455.5,"standard_error":151964.06828059338},"median_abs_dev":{"confidence_interval":{"confidence_level":0.95,"lower_bound":1167351.4054253697,"upper_bound":2009420.376625657},"point_estimate":1596094.854913652,"standard_error":212816.90165021172},"slope":null,"std_dev":{"confidence_interval":{"confidence_level":0.95,"lower_bound":1455939.1203709175,"upper_bound":1893527.26854671},"point_estimate":1692656.5901446997,"standard_error":111454.80178572571}}