{"mean":{"confidence_interval":{"confidence_level":0.95,"lower_bound":43321186.49,"upper_bound":43369967.913375},"point_estimate":43344661.7,"standard_error":12429.079762309275},"median":{"confidence_interval":{"confidence_level":0.95,"lower_bound":43317189.0,"upper_bound":43343717.5},"point_estimate":43324243.25,"standard_error":6574.722949846838},"median_abs_dev":{"confidence_interval":{"confidence_level":0.95,"lower_bound":39417.51485019922,"upper_bound":68351.19463652372},"point_estimate":54851.75122618675,"standard_error":7386.761271931552},"slope":null,"std_dev":{"confidence_interval":{"confidence_level":0.95,"lower_bound":90740.41825298214,"upper_bound":157042.5625046171},"point_estimate":125091.4090425982,"standard_error":16967.897532277835}}