{"mean":{"confidence_interval":{"confidence_level":0.95,"lower_bound":46785570.973625,"upper_bound":46960684.304375},"point_estimate":46860744.93,"standard_error":45498.976292732455},"median":{"confidence_interval":{"confidence_level":0.95,"lower_bound":46735078.0,"upper_bound":46773454.0},"point_estimate":46747867.25,"standard_error":10370.701651922702},"median_abs_dev":{"confidence_interval":{"confidence_level":0.95,"lower_bound":49769.88962765785,"upper_bound":81948.2394563778},"point_estimate":63765.51291793585,"standard_error":8402.387617660464},"slope":null,"std_dev":{"confidence_interval":{"confidence_level":0.95,"lower_bound":162299.02394605163,"upper_bound":705043.8954549521},"point_estimate":454944.57645023643,"standard_error":145835.21873619306}}