{"mean":{"confidence_interval":{"confidence_level":0.95,"lower_bound":46888583.36337499,"upper_bound":47089735.52},"point_estimate":46964231.45,"standard_error":55280.52606831967},"median":{"confidence_interval":{"confidence_level":0.95,"lower_bound":46871941.5,"upper_bound":46919044.0},"point_estimate":46906147.5,"standard_error":11562.733424038557},"median_abs_dev":{"confidence_interval":{"confidence_level":0.95,"lower_bound":123224.92540732029,"upper_bound":194753.3873849361},"point_estimate":166398.12544584274,"standard_error":17642.98778549542},"slope":null,"std_dev":{"confidence_interval":{"confidence_level":0.95,"lower_bound":129746.75246333126,"upper_bound":932688.5042080089},"point_estimate":556138.8223217807,"standard_error":276574.49641473865}}