{"mean":{"confidence_interval":{"confidence_level":0.95,"lower_bound":46612368.36350001,"upper_bound":47031310.645},"point_estimate":46816602.375,"standard_error":107812.70890058046},"median":{"confidence_interval":{"confidence_level":0.95,"lower_bound":46519124.0,"upper_bound":47073129.0},"point_estimate":46828906.75,"standard_error":134341.5265892868},"median_abs_dev":{"confidence_interval":{"confidence_level":0.95,"lower_bound":879854.5141294599,"upper_bound":1348942.1034514904},"point_estimate":1065478.2547339797,"standard_error":122578.90082562758},"slope":null,"std_dev":{"confidence_interval":{"confidence_level":0.95,"lower_bound":908286.1035042881,"upper_bound":1256264.7075003681},"point_estimate":1086243.2110405914,"standard_error":89392.83847003418}}