{"mean":{"confidence_interval":{"confidence_level":0.95,"lower_bound":45601397.077750005,"upper_bound":45877606.97125},"point_estimate":45732229.11,"standard_error":70748.22145978459},"median":{"confidence_interval":{"confidence_level":0.95,"lower_bound":45380027.0,"upper_bound":45779276.5},"point_estimate":45549859.75,"standard_error":101339.37409519522},"median_abs_dev":{"confidence_interval":{"confidence_level":0.95,"lower_bound":437728.83929125965,"upper_bound":743827.0784944296},"point_estimate":589961.370626092,"standard_error":76742.59108290053},"slope":null,"std_dev":{"confidence_interval":{"confidence_level":0.95,"lower_bound":546166.6240830984,"upper_bound":861866.8191778924},"point_estimate":709853.026026702,"standard_error":81131.83861550533}}