{"mean":{"confidence_interval":{"confidence_level":0.95,"lower_bound":45150637.654125005,"upper_bound":45607075.065},"point_estimate":45369736.34,"standard_error":116645.241540218},"median":{"confidence_interval":{"confidence_level":0.95,"lower_bound":44758207.0,"upper_bound":45373329.25},"point_estimate":45002772.75,"standard_error":160604.78729133258},"median_abs_dev":{"confidence_interval":{"confidence_level":0.95,"lower_bound":657021.9619855285,"upper_bound":1220574.1499304771},"point_estimate":899266.566234827,"standard_error":141299.00770079668},"slope":null,"std_dev":{"confidence_interval":{"confidence_level":0.95,"lower_bound":910869.9742517107,"upper_bound":1422619.2998491481},"point_estimate":1168112.4746678316,"standard_error":131598.23337252392}}