{"mean":{"confidence_interval":{"confidence_level":0.95,"lower_bound":44809859.655,"upper_bound":44995041.43},"point_estimate":44898091.11,"standard_error":47045.3423205005},"median":{"confidence_interval":{"confidence_level":0.95,"lower_bound":44676611.0,"upper_bound":44892736.25},"point_estimate":44805350.25,"standard_error":50114.79719487907},"median_abs_dev":{"confidence_interval":{"confidence_level":0.95,"lower_bound":296240.52464067936,"upper_bound":478085.8592122793},"point_estimate":398445.7777261734,"standard_error":43517.23267015852},"slope":null,"std_dev":{"confidence_interval":{"confidence_level":0.95,"lower_bound":365677.1431576447,"upper_bound":571153.9128809203},"point_estimate":471009.50716483354,"standard_error":52717.43327999691}}