{"mean":{"confidence_interval":{"confidence_level":0.95,"lower_bound":49084432.37,"upper_bound":50189046.399},"point_estimate":49597751.83,"standard_error":281929.5873373549},"median":{"confidence_interval":{"confidence_level":0.95,"lower_bound":48661904.0,"upper_bound":49367006.0},"point_estimate":49073649.0,"standard_error":189256.16876388623},"median_abs_dev":{"confidence_interval":{"confidence_level":0.95,"lower_bound":1103243.11539352,"upper_bound":2103162.9490613937},"point_estimate":1624974.0491509438,"standard_error":260138.69332233572},"slope":null,"std_dev":{"confidence_interval":{"confidence_level":0.95,"lower_bound":1825561.2202900245,"upper_bound":3928736.036846317},"point_estimate":2834918.2813647096,"standard_error":581890.0783984514}}