{"mean":{"confidence_interval":{"confidence_level":0.95,"lower_bound":46895934.6495,"upper_bound":47115935.221375},"point_estimate":46979094.64,"standard_error":60740.690841595126},"median":{"confidence_interval":{"confidence_level":0.95,"lower_bound":46848584.5,"upper_bound":46903688.0},"point_estimate":46876391.0,"standard_error":11857.354707037775},"median_abs_dev":{"confidence_interval":{"confidence_level":0.95,"lower_bound":64587.243953347206,"upper_bound":117593.52886229753},"point_estimate":92427.50625908375,"standard_error":12476.118653672283},"slope":null,"std_dev":{"confidence_interval":{"confidence_level":0.95,"lower_bound":123823.06069470514,"upper_bound":1028779.5771840813},"point_estimate":614259.2014689755,"standard_error":303525.55150071415}}