{"mean":{"confidence_interval":{"confidence_level":0.95,"lower_bound":45439959.96125,"upper_bound":45749059.807749994},"point_estimate":45586544.64,"standard_error":79466.5608100146},"median":{"confidence_interval":{"confidence_level":0.95,"lower_bound":45243091.0,"upper_bound":45483513.5},"point_estimate":45360933.25,"standard_error":69797.30090242303},"median_abs_dev":{"confidence_interval":{"confidence_level":0.95,"lower_bound":298548.9327996969,"upper_bound":545050.8228734136},"point_estimate":424062.5107213855,"standard_error":65706.16066811488},"slope":null,"std_dev":{"confidence_interval":{"confidence_level":0.95,"lower_bound":551710.969876096,"upper_bound":1013192.7185797705},"point_estimate":799207.4659714272,"standard_error":118141.89759079923}}