{"mean":{"confidence_interval":{"confidence_level":0.95,"lower_bound":6819611.1325,"upper_bound":6828354.888125},"point_estimate":6823434.5225,"standard_error":2247.0442545252245},"median":{"confidence_interval":{"confidence_level":0.95,"lower_bound":6816936.25,"upper_bound":6820516.4375},"point_estimate":6818901.5625,"standard_error":839.9562562544502},"median_abs_dev":{"confidence_interval":{"confidence_level":0.95,"lower_bound":5752.951210364699,"upper_bound":9066.006176546216},"point_estimate":7548.9357534796,"standard_error":808.1031401657239},"slope":null,"std_dev":{"confidence_interval":{"confidence_level":0.95,"lower_bound":9448.8786367147,"upper_bound":33707.55424688188},"point_estimate":22587.455605467625,"standard_error":6520.8024865909765}}