{"mean":{"confidence_interval":{"confidence_level":0.95,"lower_bound":7674933.510821425,"upper_bound":7682789.178571429},"point_estimate":7678410.188571428,"standard_error":2022.0457632995049},"median":{"confidence_interval":{"confidence_level":0.95,"lower_bound":7670827.428571428,"upper_bound":7675844.714285715},"point_estimate":7673068.5,"standard_error":1268.8782934249223},"median_abs_dev":{"confidence_interval":{"confidence_level":0.95,"lower_bound":6550.232583709337,"upper_bound":11343.795998606969},"point_estimate":8098.1728562291855,"standard_error":1266.7173999644835},"slope":null,"std_dev":{"confidence_interval":{"confidence_level":0.95,"lower_bound":10683.490688316208,"upper_bound":30072.912144459202},"point_estimate":20283.888325955253,"standard_error":5667.821741431751}}