{"mean":{"confidence_interval":{"confidence_level":0.95,"lower_bound":7678809.438571432,"upper_bound":7684062.595714283},"point_estimate":7681365.962857145,"standard_error":1335.3491239577418},"median":{"confidence_interval":{"confidence_level":0.95,"lower_bound":7677718.785714285,"upper_bound":7684235.714285715},"point_estimate":7680696.571428571,"standard_error":1737.9385091904505},"median_abs_dev":{"confidence_interval":{"confidence_level":0.95,"lower_bound":8266.977453231812,"upper_bound":13253.172964708949},"point_estimate":9810.469925829244,"standard_error":1295.722758089372},"slope":null,"std_dev":{"confidence_interval":{"confidence_level":0.95,"lower_bound":10304.281946602763,"upper_bound":16333.758731121683},"point_estimate":13487.054841449883,"standard_error":1548.1013041386366}}