{"mean":{"confidence_interval":{"confidence_level":0.95,"lower_bound":6828982.37125,"upper_bound":6836227.3925},"point_estimate":6832535.9925,"standard_error":1858.3964181906022},"median":{"confidence_interval":{"confidence_level":0.95,"lower_bound":6822916.125,"upper_bound":6834016.25},"point_estimate":6825625.5625,"standard_error":3616.645703206745},"median_abs_dev":{"confidence_interval":{"confidence_level":0.95,"lower_bound":12957.182469964027,"upper_bound":23467.98232086003},"point_estimate":16223.998849466443,"standard_error":2866.354987974023},"slope":null,"std_dev":{"confidence_interval":{"confidence_level":0.95,"lower_bound":16042.747648480701,"upper_bound":20712.349336012376},"point_estimate":18580.979652047536,"standard_error":1190.2064460639715}}