{"mean":{"confidence_interval":{"confidence_level":0.95,"lower_bound":6525992.23371875,"upper_bound":6550663.358406249},"point_estimate":6535300.05875,"standard_error":6700.518133540773},"median":{"confidence_interval":{"confidence_level":0.95,"lower_bound":6523412.625,"upper_bound":6529182.125},"point_estimate":6526923.5625,"standard_error":1678.5041738288853},"median_abs_dev":{"confidence_interval":{"confidence_level":0.95,"lower_bound":8392.442476004362,"upper_bound":13681.061907112598},"point_estimate":11355.696510896087,"standard_error":1392.6928819525924},"slope":null,"std_dev":{"confidence_interval":{"confidence_level":0.95,"lower_bound":11271.597683758324,"upper_bound":112256.77906916225},"point_estimate":67121.28523238117,"standard_error":32448.498320294046}}