{"mean":{"confidence_interval":{"confidence_level":0.95,"lower_bound":6819079.31875,"upper_bound":6825943.93125},"point_estimate":6822097.46875,"standard_error":1762.7476439963905},"median":{"confidence_interval":{"confidence_level":0.95,"lower_bound":6817157.8125,"upper_bound":6821956.125},"point_estimate":6818610.5625,"standard_error":1091.0187354232592},"median_abs_dev":{"confidence_interval":{"confidence_level":0.95,"lower_bound":7720.243230750786,"upper_bound":11250.802562758327},"point_estimate":9148.012487590313,"standard_error":853.9045492607531},"slope":null,"std_dev":{"confidence_interval":{"confidence_level":0.95,"lower_bound":8650.707936388195,"upper_bound":26684.0911277328},"point_estimate":17712.32308150503,"standard_error":5150.480593111967}}