{"mean":{"confidence_interval":{"confidence_level":0.95,"lower_bound":3765181.832142857,"upper_bound":3782703.737857141},"point_estimate":3772460.535714285,"standard_error":4574.816657745979},"median":{"confidence_interval":{"confidence_level":0.95,"lower_bound":3762101.285714286,"upper_bound":3765421.714285714},"point_estimate":3763975.5357142854,"standard_error":780.6133728658973},"median_abs_dev":{"confidence_interval":{"confidence_level":0.95,"lower_bound":6208.281489780725,"upper_bound":10923.373006071068},"point_estimate":8247.756603572656,"standard_error":1192.2572923312694},"slope":null,"std_dev":{"confidence_interval":{"confidence_level":0.95,"lower_bound":10510.359579643473,"upper_bound":73085.39752643136},"point_estimate":45892.24518794078,"standard_error":17171.858063588832}}