{"mean":{"confidence_interval":{"confidence_level":0.95,"lower_bound":6516612.75221875,"upper_bound":6524047.86921875},"point_estimate":6520021.88,"standard_error":1911.2575774246104},"median":{"confidence_interval":{"confidence_level":0.95,"lower_bound":6513367.5,"upper_bound":6518071.25},"point_estimate":6516215.875,"standard_error":1020.9949458033647},"median_abs_dev":{"confidence_interval":{"confidence_level":0.95,"lower_bound":7271.782220900059,"upper_bound":11693.63664239645},"point_estimate":9888.849161937833,"standard_error":1126.5599560605704},"slope":null,"std_dev":{"confidence_interval":{"confidence_level":0.95,"lower_bound":11025.226930809069,"upper_bound":25859.925377628904},"point_estimate":19164.67981040786,"standard_error":3751.348725715362}}