{"mean":{"confidence_interval":{"confidence_level":0.95,"lower_bound":7669898.732749997,"upper_bound":7677801.457035714},"point_estimate":7673169.635714289,"standard_error":2055.56414379488},"median":{"confidence_interval":{"confidence_level":0.95,"lower_bound":7668585.428571428,"upper_bound":7672296.571428572},"point_estimate":7670664.285714285,"standard_error":989.1182338731624},"median_abs_dev":{"confidence_interval":{"confidence_level":0.95,"lower_bound":6443.9884105971005,"upper_bound":10419.924415009165},"point_estimate":8675.433745980263,"standard_error":1004.0357545416487},"slope":null,"std_dev":{"confidence_interval":{"confidence_level":0.95,"lower_bound":8474.710681981842,"upper_bound":33012.5587223814},"point_estimate":20732.23148906885,"standard_error":7965.822489653867}}