{"mean":{"confidence_interval":{"confidence_level":0.95,"lower_bound":6822180.298125001,"upper_bound":6827089.97875},"point_estimate":6824413.83625,"standard_error":1256.5674493474019},"median":{"confidence_interval":{"confidence_level":0.95,"lower_bound":6820689.875,"upper_bound":6824491.25},"point_estimate":6821989.25,"standard_error":851.0963140372007},"median_abs_dev":{"confidence_interval":{"confidence_level":0.95,"lower_bound":5342.178355157375,"upper_bound":10093.220935184496},"point_estimate":7753.2565623521805,"standard_error":1253.5062876222473},"slope":null,"std_dev":{"confidence_interval":{"confidence_level":0.95,"lower_bound":7356.079228890242,"upper_bound":18167.369553686665},"point_estimate":12560.598168377237,"standard_error":2969.0262650325776}}