{"mean":{"confidence_interval":{"confidence_level":0.95,"lower_bound":6853655.91875,"upper_bound":6874531.0090625},"point_estimate":6861976.65,"standard_error":5511.091499611372},"median":{"confidence_interval":{"confidence_level":0.95,"lower_bound":6850675.625,"upper_bound":6858173.5},"point_estimate":6854669.4375,"standard_error":1968.9234228197988},"median_abs_dev":{"confidence_interval":{"confidence_level":0.95,"lower_bound":14100.823024660349,"upper_bound":24509.694127365947},"point_estimate":18926.500613987446,"standard_error":2798.688562965704},"slope":null,"std_dev":{"confidence_interval":{"confidence_level":0.95,"lower_bound":18688.584658934957,"upper_bound":90395.24049329778},"point_estimate":55507.77426488031,"standard_error":23671.074811751245}}