{"mean":{"confidence_interval":{"confidence_level":0.95,"lower_bound":7678612.700928574,"upper_bound":7685160.469999999},"point_estimate":7681415.224285712,"standard_error":1691.663035513805},"median":{"confidence_interval":{"confidence_level":0.95,"lower_bound":7675970.571428572,"upper_bound":7679084.642857143},"point_estimate":7677636.785714285,"standard_error":737.6321994613597},"median_abs_dev":{"confidence_interval":{"confidence_level":0.95,"lower_bound":4640.749717610026,"upper_bound":8468.854619647576},"point_estimate":6280.611188497257,"standard_error":960.9513430300308},"slope":null,"std_dev":{"confidence_interval":{"confidence_level":0.95,"lower_bound":7494.9686987636205,"upper_bound":26090.029042622882},"point_estimate":16857.040197577386,"standard_error":5611.466936040651}}