{"mean":{"confidence_interval":{"confidence_level":0.95,"lower_bound":3759157.9293750003,"upper_bound":3766397.5692499997},"point_estimate":3762275.0957142864,"standard_error":1860.1575658885313},"median":{"confidence_interval":{"confidence_level":0.95,"lower_bound":3756455.5,"upper_bound":3759419.9285714286},"point_estimate":3757908.3214285714,"standard_error":825.6253142073261},"median_abs_dev":{"confidence_interval":{"confidence_level":0.95,"lower_bound":4473.427720581078,"upper_bound":7867.469710324787},"point_estimate":6188.74294012785,"standard_error":810.447760827225},"slope":null,"std_dev":{"confidence_interval":{"confidence_level":0.95,"lower_bound":8032.419287329111,"upper_bound":28523.294366499587},"point_estimate":18648.041522910644,"standard_error":5653.320717108401}}