{"mean":{"confidence_interval":{"confidence_level":0.95,"lower_bound":7675704.441035716,"upper_bound":7679889.16392857},"point_estimate":7677711.747142854,"standard_error":1073.171176573646},"median":{"confidence_interval":{"confidence_level":0.95,"lower_bound":7673981.857142857,"upper_bound":7677965.0},"point_estimate":7675559.214285715,"standard_error":1066.3940772651222},"median_abs_dev":{"confidence_interval":{"confidence_level":0.95,"lower_bound":5632.397300004959,"upper_bound":9854.73612504425},"point_estimate":7542.515566093088,"standard_error":1072.8772995342583},"slope":null,"std_dev":{"confidence_interval":{"confidence_level":0.95,"lower_bound":8220.122893063926,"upper_bound":13315.998123022},"point_estimate":10838.814940704684,"standard_error":1308.9870346491257}}