{"mean":{"confidence_interval":{"confidence_level":0.95,"lower_bound":6817638.91,"upper_bound":6829620.92371875},"point_estimate":6822411.3925,"standard_error":3156.166042034577},"median":{"confidence_interval":{"confidence_level":0.95,"lower_bound":6815796.9375,"upper_bound":6818632.625},"point_estimate":6817150.0625,"standard_error":839.2711097602447},"median_abs_dev":{"confidence_interval":{"confidence_level":0.95,"lower_bound":5993.317731097341,"upper_bound":11409.255434945226},"point_estimate":8886.148267239332,"standard_error":1452.3297314938227},"slope":null,"std_dev":{"confidence_interval":{"confidence_level":0.95,"lower_bound":10171.434046681827,"upper_bound":51482.077580024205},"point_estimate":31666.839809589554,"standard_error":13353.280194370915}}