{"mean":{"confidence_interval":{"confidence_level":0.95,"lower_bound":6821676.825,"upper_bound":6861835.177218749},"point_estimate":6836372.445,"standard_error":11475.524491982695},"median":{"confidence_interval":{"confidence_level":0.95,"lower_bound":6817625.75,"upper_bound":6822029.6875},"point_estimate":6820098.9375,"standard_error":1005.6560586719849},"median_abs_dev":{"confidence_interval":{"confidence_level":0.95,"lower_bound":5988.96259367466,"upper_bound":10366.987653449178},"point_estimate":8659.773783758283,"standard_error":1123.9645107554304},"slope":null,"std_dev":{"confidence_interval":{"confidence_level":0.95,"lower_bound":9655.121956437213,"upper_bound":196674.23852919083},"point_estimate":116062.49924380086,"standard_error":61712.96689865157}}