{"mean":{"confidence_interval":{"confidence_level":0.95,"lower_bound":7672479.987142857,"upper_bound":7694469.010000003},"point_estimate":7680570.7399999965,"standard_error":6130.776749258187},"median":{"confidence_interval":{"confidence_level":0.95,"lower_bound":7668933.857142857,"upper_bound":7673283.214285715},"point_estimate":7670858.214285715,"standard_error":955.9122488557078},"median_abs_dev":{"confidence_interval":{"confidence_level":0.95,"lower_bound":6050.066892590236,"upper_bound":10462.813914247823},"point_estimate":8158.747655153965,"standard_error":1118.1712811022728},"slope":null,"std_dev":{"confidence_interval":{"confidence_level":0.95,"lower_bound":10064.03560222451,"upper_bound":103160.20327629289},"point_estimate":61228.60499670614,"standard_error":31432.284786699423}}