{"mean":{"confidence_interval":{"confidence_level":0.95,"lower_bound":7682290.28857143,"upper_bound":7701527.54807143},"point_estimate":7689536.617142859,"standard_error":5240.2957863724805},"median":{"confidence_interval":{"confidence_level":0.95,"lower_bound":7679342.142857143,"upper_bound":7683266.571428572},"point_estimate":7681207.857142856,"standard_error":976.4258378088499},"median_abs_dev":{"confidence_interval":{"confidence_level":0.95,"lower_bound":6065.316492319107,"upper_bound":11750.981491378474},"point_estimate":8751.681744626689,"standard_error":1399.8611213381937},"slope":null,"std_dev":{"confidence_interval":{"confidence_level":0.95,"lower_bound":10908.0699333446,"upper_bound":88222.91256952709},"point_estimate":52726.18000623449,"standard_error":25804.953380561736}}