{"mean":{"confidence_interval":{"confidence_level":0.95,"lower_bound":7669437.071428576,"upper_bound":7676787.362857141},"point_estimate":7672539.07714286,"standard_error":1915.8365797648619},"median":{"confidence_interval":{"confidence_level":0.95,"lower_bound":7667143.571428572,"upper_bound":7670676.857142856},"point_estimate":7669297.642857143,"standard_error":951.0434967522121},"median_abs_dev":{"confidence_interval":{"confidence_level":0.95,"lower_bound":5619.265700237895,"upper_bound":9767.05092660048},"point_estimate":7461.396167533541,"standard_error":1041.322487144613},"slope":null,"std_dev":{"confidence_interval":{"confidence_level":0.95,"lower_bound":7674.085992112996,"upper_bound":30211.992439636},"point_estimate":19235.343516765337,"standard_error":6841.725598358277}}