{"mean":{"confidence_interval":{"confidence_level":0.95,"lower_bound":45855.15846127808,"upper_bound":46327.54919560832},"point_estimate":46036.34699144222,"standard_error":128.25690639965907},"median":{"confidence_interval":{"confidence_level":0.95,"lower_bound":45796.60256410256,"upper_bound":45884.38636363636},"point_estimate":45830.16950757576,"standard_error":22.88421016166126},"median_abs_dev":{"confidence_interval":{"confidence_level":0.95,"lower_bound":177.10505486168788,"upper_bound":320.5837856465541},"point_estimate":233.5730432951504,"standard_error":36.943491990325725},"slope":{"confidence_interval":{"confidence_level":0.95,"lower_bound":45842.26510100616,"upper_bound":45958.745922799484},"point_estimate":45898.37295740022,"standard_error":29.82600599746933},"std_dev":{"confidence_interval":{"confidence_level":0.95,"lower_bound":287.3455043986284,"upper_bound":2149.993324785447},"point_estimate":1288.855524414451,"standard_error":615.5023374243765}}