{"mean":{"confidence_interval":{"confidence_level":0.95,"lower_bound":43737.74173106352,"upper_bound":44423.98274988668},"point_estimate":43987.95903975848,"standard_error":190.9291491379277},"median":{"confidence_interval":{"confidence_level":0.95,"lower_bound":43695.90785573123,"upper_bound":43768.155490051584},"point_estimate":43715.46691798738,"standard_error":19.048374167110552},"median_abs_dev":{"confidence_interval":{"confidence_level":0.95,"lower_bound":125.37346870130283,"upper_bound":250.77628107729845},"point_estimate":176.46637301126043,"standard_error":30.676499996714337},"slope":{"confidence_interval":{"confidence_level":0.95,"lower_bound":43728.98143885435,"upper_bound":43878.54673280631},"point_estimate":43790.57037939874,"standard_error":38.79608936065794},"std_dev":{"confidence_interval":{"confidence_level":0.95,"lower_bound":219.13716365985536,"upper_bound":3235.4201943937633},"point_estimate":1914.992823373728,"standard_error":987.2716080621414}}