{"mean":{"confidence_interval":{"confidence_level":0.95,"lower_bound":45692.20544252694,"upper_bound":46397.59401177235},"point_estimate":45953.3207583438,"standard_error":196.33084248582537},"median":{"confidence_interval":{"confidence_level":0.95,"lower_bound":45614.005681818184,"upper_bound":45744.40102012254},"point_estimate":45670.34659090909,"standard_error":31.77311027884462},"median_abs_dev":{"confidence_interval":{"confidence_level":0.95,"lower_bound":189.24543784719813,"upper_bound":309.27016613504696},"point_estimate":241.74920072558078,"standard_error":30.1642150719054},"slope":{"confidence_interval":{"confidence_level":0.95,"lower_bound":45640.49274094065,"upper_bound":45969.60836197541},"point_estimate":45766.75210715101,"standard_error":89.9989805358749},"std_dev":{"confidence_interval":{"confidence_level":0.95,"lower_bound":279.56335783821163,"upper_bound":3341.5727362752273},"point_estimate":1982.652825056729,"standard_error":1013.3082247573275}}