{"mean":{"confidence_interval":{"confidence_level":0.95,"lower_bound":45534.338720415406,"upper_bound":46287.23421459642},"point_estimate":45809.70589357412,"standard_error":215.89217140048717},"median":{"confidence_interval":{"confidence_level":0.95,"lower_bound":45412.68762088975,"upper_bound":45520.798183447376},"point_estimate":45456.18379543233,"standard_error":26.271755437641218},"median_abs_dev":{"confidence_interval":{"confidence_level":0.95,"lower_bound":150.144960586977,"upper_bound":279.026245682658},"point_estimate":188.17717740120918,"standard_error":32.68754331149147},"slope":{"confidence_interval":{"confidence_level":0.95,"lower_bound":45446.08519642572,"upper_bound":45592.86966071905},"point_estimate":45512.107523946426,"standard_error":37.52883319726449},"std_dev":{"confidence_interval":{"confidence_level":0.95,"lower_bound":329.87493861191626,"upper_bound":3691.397376740928},"point_estimate":2177.6466540952547,"standard_error":1167.4542070642733}}