{"mean":{"confidence_interval":{"confidence_level":0.95,"lower_bound":51069.98115577156,"upper_bound":51502.22914174538},"point_estimate":51227.900197080235,"standard_error":123.76207144891877},"median":{"confidence_interval":{"confidence_level":0.95,"lower_bound":51022.70131578947,"upper_bound":51133.70789473684},"point_estimate":51056.01652661065,"standard_error":26.142372784519686},"median_abs_dev":{"confidence_interval":{"confidence_level":0.95,"lower_bound":147.17846712325567,"upper_bound":243.2181745053216},"point_estimate":187.42640567251738,"standard_error":24.928550460924377},"slope":{"confidence_interval":{"confidence_level":0.95,"lower_bound":51081.231407005645,"upper_bound":51178.31297310064},"point_estimate":51128.584673415105,"standard_error":24.713745823085496},"std_dev":{"confidence_interval":{"confidence_level":0.95,"lower_bound":204.1080668593561,"upper_bound":2105.1843577089894},"point_estimate":1242.211479485288,"standard_error":663.7359667930479}}