{"mean":{"confidence_interval":{"confidence_level":0.95,"lower_bound":6118.937949402461,"upper_bound":6164.139369163691},"point_estimate":6140.46108907762,"standard_error":11.53495268109785},"median":{"confidence_interval":{"confidence_level":0.95,"lower_bound":6135.473392043785,"upper_bound":6159.451462765957},"point_estimate":6144.5103729603725,"standard_error":5.817579549631243},"median_abs_dev":{"confidence_interval":{"confidence_level":0.95,"lower_bound":34.00803520806992,"upper_bound":76.91831678346507},"point_estimate":52.694550696769895,"standard_error":11.111989431972884},"slope":{"confidence_interval":{"confidence_level":0.95,"lower_bound":6153.829094783512,"upper_bound":6228.622801853614},"point_estimate":6184.553611090587,"standard_error":19.656702199871617},"std_dev":{"confidence_interval":{"confidence_level":0.95,"lower_bound":78.8640552083558,"upper_bound":155.6138865844159},"point_estimate":115.62234725930786,"standard_error":20.520783737156076}}