{"mean":{"confidence_interval":{"confidence_level":0.95,"lower_bound":9352.289440994702,"upper_bound":9648.15086301677},"point_estimate":9470.506992298047,"standard_error":77.56496800384019},"median":{"confidence_interval":{"confidence_level":0.95,"lower_bound":9242.114259410802,"upper_bound":9399.879239040529},"point_estimate":9351.057269653424,"standard_error":40.12260007665464},"median_abs_dev":{"confidence_interval":{"confidence_level":0.95,"lower_bound":182.91176969946565,"upper_bound":352.6495450470923},"point_estimate":268.88146520551715,"standard_error":44.41365998507558},"slope":{"confidence_interval":{"confidence_level":0.95,"lower_bound":9290.967556456164,"upper_bound":9513.775576599102},"point_estimate":9384.29052051244,"standard_error":57.91311447247407},"std_dev":{"confidence_interval":{"confidence_level":0.95,"lower_bound":261.3661963415244,"upper_bound":1265.4950382162726},"point_estimate":778.2427067424602,"standard_error":329.1135998962778}}