{"mean":{"confidence_interval":{"confidence_level":0.95,"lower_bound":4199.897104523657,"upper_bound":4225.616468533444},"point_estimate":4210.539828828096,"standard_error":6.704102631341476},"median":{"confidence_interval":{"confidence_level":0.95,"lower_bound":4193.487041666666,"upper_bound":4209.313939393939},"point_estimate":4204.754901960784,"standard_error":4.58061016645897},"median_abs_dev":{"confidence_interval":{"confidence_level":0.95,"lower_bound":19.37373101438076,"upper_bound":30.52895205098329},"point_estimate":24.362953149560767,"standard_error":2.8489060997307685},"slope":{"confidence_interval":{"confidence_level":0.95,"lower_bound":4199.611633426529,"upper_bound":4215.490738176775},"point_estimate":4207.1554550022165,"standard_error":4.058053170788209},"std_dev":{"confidence_interval":{"confidence_level":0.95,"lower_bound":26.141430287225152,"upper_bound":107.3564259371005},"point_estimate":67.44069041498582,"standard_error":25.572451986058315}}