{"mean":{"confidence_interval":{"confidence_level":0.95,"lower_bound":4040.8031109309586,"upper_bound":4060.2942960378823},"point_estimate":4050.289360591017,"standard_error":4.96649838708451},"median":{"confidence_interval":{"confidence_level":0.95,"lower_bound":4038.1209523809525,"upper_bound":4050.7929480564153},"point_estimate":4044.352955465587,"standard_error":3.2674303860956972},"median_abs_dev":{"confidence_interval":{"confidence_level":0.95,"lower_bound":30.44013177185598,"upper_bound":60.48048146471661},"point_estimate":42.733640766749836,"standard_error":7.9971621418128445},"slope":{"confidence_interval":{"confidence_level":0.95,"lower_bound":4059.1860253382088,"upper_bound":4083.3482367739466},"point_estimate":4071.1996778483817,"standard_error":6.156315838636187},"std_dev":{"confidence_interval":{"confidence_level":0.95,"lower_bound":41.35686979324412,"upper_bound":58.030584884693766},"point_estimate":50.02461104792603,"standard_error":4.2868548239266815}}