{"mean":{"confidence_interval":{"confidence_level":0.95,"lower_bound":-0.00006224112897414423,"upper_bound":0.0017449159413276561},"point_estimate":0.0007616711037712331,"standard_error":0.00045563775959195894},"median":{"confidence_interval":{"confidence_level":0.95,"lower_bound":0.00013978066897046837,"upper_bound":0.0008809338125355115},"point_estimate":0.0004123736060559491,"standard_error":0.00019014798638017607}}