{"mean":{"confidence_interval":{"confidence_level":0.95,"lower_bound":-0.11400289948778769,"upper_bound":-0.11330697560844745},"point_estimate":-0.11365269964902758,"standard_error":0.00017848773205533114},"median":{"confidence_interval":{"confidence_level":0.95,"lower_bound":-0.11411833586815441,"upper_bound":-0.11359036840917947},"point_estimate":-0.11382657169489185,"standard_error":0.0001358586498113611}}