{"mean":{"confidence_interval":{"confidence_level":0.95,"lower_bound":0.12735981372134614,"upper_bound":0.1288594552016696},"point_estimate":0.12818851634839556,"standard_error":0.0003861315752136678},"median":{"confidence_interval":{"confidence_level":0.95,"lower_bound":0.12809134532226252,"upper_bound":0.12908839252339638},"point_estimate":0.128545572179684,"standard_error":0.00024323137053360199}}