{"mean":{"confidence_interval":{"confidence_level":0.95,"lower_bound":-0.11927977302108736,"upper_bound":-0.1137591985412739},"point_estimate":-0.11620013346866698,"standard_error":0.0014216413625771365},"median":{"confidence_interval":{"confidence_level":0.95,"lower_bound":-0.11357779009221991,"upper_bound":-0.11275272654628343},"point_estimate":-0.11307636007291566,"standard_error":0.00020851860744860721}}