{"mean":{"confidence_interval":{"confidence_level":0.95,"lower_bound":-0.421299033584843,"upper_bound":-0.42045444245173885},"point_estimate":-0.42083420869393084,"standard_error":0.00021655683376059035},"median":{"confidence_interval":{"confidence_level":0.95,"lower_bound":-0.42074205910159446,"upper_bound":-0.4203359824364584},"point_estimate":-0.4205829970261499,"standard_error":0.00010191771921397374}}