{"mean":{"confidence_interval":{"confidence_level":0.95,"lower_bound":-0.0004896648093751649,"upper_bound":0.020228478653910056},"point_estimate":0.008385805684031356,"standard_error":0.00590170343585633},"median":{"confidence_interval":{"confidence_level":0.95,"lower_bound":-0.0003942053142363955,"upper_bound":0.0001742830955289154},"point_estimate":-0.00011546381160232322,"standard_error":0.00015204920511871798}}