{"mean":{"confidence_interval":{"confidence_level":0.95,"lower_bound":-0.0019897523555287315,"upper_bound":0.0002699319931867223},"point_estimate":-0.0007455217510499157,"standard_error":0.0005734485723438935},"median":{"confidence_interval":{"confidence_level":0.95,"lower_bound":-0.0008989688592144321,"upper_bound":0.0001422826658605707},"point_estimate":-0.0003987191109481314,"standard_error":0.0002665099589277606}}