{"mean":{"confidence_interval":{"confidence_level":0.95,"lower_bound":0.7266515874776608,"upper_bound":0.7292353425851401},"point_estimate":0.7277794483506985,"standard_error":0.0006432972147369786},"median":{"confidence_interval":{"confidence_level":0.95,"lower_bound":0.7263496038318435,"upper_bound":0.7276912986529938},"point_estimate":0.7270828111588135,"standard_error":0.0003340670358431216}}