{"mean":{"confidence_interval":{"confidence_level":0.95,"lower_bound":0.14335274410925958,"upper_bound":0.15122985215140378},"point_estimate":0.1465575695504664,"standard_error":0.0021203138177931383},"median":{"confidence_interval":{"confidence_level":0.95,"lower_bound":0.14174685599898385,"upper_bound":0.14294343221099992},"point_estimate":0.14236202483671834,"standard_error":0.0002941957770723099}}