{"mean":{"confidence_interval":{"confidence_level":0.95,"lower_bound":-0.0013250393359273498,"upper_bound":0.0002991433596936319},"point_estimate":-0.0005637258311907978,"standard_error":0.00041522741037532655},"median":{"confidence_interval":{"confidence_level":0.95,"lower_bound":-0.0008098055122442993,"upper_bound":-0.00013006449348546627},"point_estimate":-0.00042784173544585524,"standard_error":0.00017260594287077244}}