{"mean":{"confidence_interval":{"confidence_level":0.95,"lower_bound":0.9427515902339648,"upper_bound":0.9458324783136083},"point_estimate":0.9444026510029078,"standard_error":0.0007840860539448803},"median":{"confidence_interval":{"confidence_level":0.95,"lower_bound":0.943538496463213,"upper_bound":0.9461967575680206},"point_estimate":0.9447616714906799,"standard_error":0.0006875788988787591}}