{"mean":{"confidence_interval":{"confidence_level":0.95,"lower_bound":-0.11365099495141663,"upper_bound":-0.11267711859494069},"point_estimate":-0.11318310382083874,"standard_error":0.00024406143682512613},"median":{"confidence_interval":{"confidence_level":0.95,"lower_bound":-0.11385719337833256,"upper_bound":-0.11325148632553883},"point_estimate":-0.11353317128850748,"standard_error":0.000149565502287752}}