{"mean":{"confidence_interval":{"confidence_level":0.95,"lower_bound":-0.11310682515215545,"upper_bound":-0.11150061431229034},"point_estimate":-0.11236991969670873,"standard_error":0.00041227477904333675},"median":{"confidence_interval":{"confidence_level":0.95,"lower_bound":-0.11299449206458201,"upper_bound":-0.11244861934811701},"point_estimate":-0.11270610802532499,"standard_error":0.00013875506343304954}}