{"mean":{"confidence_interval":{"confidence_level":0.95,"lower_bound":-0.00019178851437101868,"upper_bound":0.0019566400381329286},"point_estimate":0.0008489326829193011,"standard_error":0.000544841912898671},"median":{"confidence_interval":{"confidence_level":0.95,"lower_bound":-0.00010446543519693208,"upper_bound":0.000676342533558083},"point_estimate":0.0003262223127349362,"standard_error":0.00019553607756004457}}