{"mean":{"confidence_interval":{"confidence_level":0.95,"lower_bound":0.00001134395569196712,"upper_bound":0.0019019085691669429},"point_estimate":0.0008623502263978011,"standard_error":0.0005078110577140221},"median":{"confidence_interval":{"confidence_level":0.95,"lower_bound":0.00004080182481083229,"upper_bound":0.0010371791915111395},"point_estimate":0.0005626875167008549,"standard_error":0.00025406795443924207}}