{"mean":{"confidence_interval":{"confidence_level":0.95,"lower_bound":-0.0018106114983758408,"upper_bound":0.0004565820343608299},"point_estimate":-0.0006292354363579555,"standard_error":0.0005765288492224516},"median":{"confidence_interval":{"confidence_level":0.95,"lower_bound":-0.00039558165120501254,"upper_bound":0.0003218468663133134},"point_estimate":0.000049245222300209335,"standard_error":0.00018456898260049698}}