{"mean":{"confidence_interval":{"confidence_level":0.95,"lower_bound":-0.11924216224388308,"upper_bound":-0.11382291298521963},"point_estimate":-0.11624299561116969,"standard_error":0.0013926695107648291},"median":{"confidence_interval":{"confidence_level":0.95,"lower_bound":-0.11329308174397179,"upper_bound":-0.11273412496075363},"point_estimate":-0.11302806576208069,"standard_error":0.00014255434618071916}}