{"mean":{"confidence_interval":{"confidence_level":0.95,"lower_bound":-0.0017761200470568755,"upper_bound":0.0010211563049513088},"point_estimate":-0.00021414198616609426,"standard_error":0.0007155250973035549},"median":{"confidence_interval":{"confidence_level":0.95,"lower_bound":-0.00012267752640759966,"upper_bound":0.0006737201030904139},"point_estimate":0.00026111664719929983,"standard_error":0.00021449612480822165}}