{"mean":{"confidence_interval":{"confidence_level":0.95,"lower_bound":-0.00272641234913554,"upper_bound":0.0015481757163321446},"point_estimate":-0.000286333774832892,"standard_error":0.0011056066854315384},"median":{"confidence_interval":{"confidence_level":0.95,"lower_bound":0.000603150885472914,"upper_bound":0.0011753715544242649},"point_estimate":0.0009117794264428269,"standard_error":0.00014239240972265514}}