{"mean":{"confidence_interval":{"confidence_level":0.95,"lower_bound":-0.003423607074159542,"upper_bound":0.00011888069905197085},"point_estimate":-0.0012012394155118677,"standard_error":0.000985536793023681},"median":{"confidence_interval":{"confidence_level":0.95,"lower_bound":-0.000574198899098044,"upper_bound":0.00009961501120803185},"point_estimate":-0.00020069961566393513,"standard_error":0.00016347367201200005}}