{"mean":{"confidence_interval":{"confidence_level":0.95,"lower_bound":0.0007750325758780765,"upper_bound":0.0022017014449247085},"point_estimate":0.001413008442590069,"standard_error":0.00036826083193514363},"median":{"confidence_interval":{"confidence_level":0.95,"lower_bound":0.0007908863465315719,"upper_bound":0.0016171315978537049},"point_estimate":0.0012879804658458838,"standard_error":0.00023049972948458318}}