{"mean":{"confidence_interval":{"confidence_level":0.95,"lower_bound":-0.0017748499960930858,"upper_bound":-0.000025473952850071992},"point_estimate":-0.0008156443675294556,"standard_error":0.0004496221533403455},"median":{"confidence_interval":{"confidence_level":0.95,"lower_bound":-0.0008738720932430777,"upper_bound":-9.002346958997265e-6},"point_estimate":-0.00030462958737276224,"standard_error":0.0002132609749666044}}