{"mean":{"confidence_interval":{"confidence_level":0.95,"lower_bound":-0.008473728234395628,"upper_bound":-0.00025732636130679784},"point_estimate":-0.003349456324117428,"standard_error":0.002269857584308636},"median":{"confidence_interval":{"confidence_level":0.95,"lower_bound":-0.0012456843902952652,"upper_bound":-0.0004881185454528566},"point_estimate":-0.0008741723112426492,"standard_error":0.0002042936716187127}}