{"mean":{"confidence_interval":{"confidence_level":0.95,"lower_bound":-0.4864607323322148,"upper_bound":-0.4858715368065551},"point_estimate":-0.48614532517239395,"standard_error":0.0001495122204150802},"median":{"confidence_interval":{"confidence_level":0.95,"lower_bound":-0.48632227948298423,"upper_bound":-0.4859924641464295},"point_estimate":-0.4861529408921509,"standard_error":0.00008361766933409033}}