{"mean":{"confidence_interval":{"confidence_level":0.95,"lower_bound":-0.0011656522102257703,"upper_bound":0.0012652284420548497},"point_estimate":0.0000643107415587707,"standard_error":0.000624315480733552},"median":{"confidence_interval":{"confidence_level":0.95,"lower_bound":-0.0007449040766315251,"upper_bound":0.00013161505446124266},"point_estimate":-0.00038571306654477944,"standard_error":0.00021834877974977505}}