{"mean":{"confidence_interval":{"confidence_level":0.95,"lower_bound":0.1282197201143766,"upper_bound":0.12907948536830427},"point_estimate":0.12864042071464699,"standard_error":0.0002181108238716596},"median":{"confidence_interval":{"confidence_level":0.95,"lower_bound":0.1279944743822552,"upper_bound":0.12867726164820503},"point_estimate":0.12832305484124285,"standard_error":0.00017955024436438116}}