{"mean":{"confidence_interval":{"confidence_level":0.95,"lower_bound":-0.4216295987486217,"upper_bound":-0.42059384662689153},"point_estimate":-0.4210399046720822,"standard_error":0.00026680779261472373},"median":{"confidence_interval":{"confidence_level":0.95,"lower_bound":-0.4207933966029793,"upper_bound":-0.42048078688825485},"point_estimate":-0.4206253797377296,"standard_error":0.00008396408299798755}}