{"mean":{"confidence_interval":{"confidence_level":0.95,"lower_bound":-0.22505067022251365,"upper_bound":-0.22393934228468995},"point_estimate":-0.22443616094136443,"standard_error":0.00028479803811127597},"median":{"confidence_interval":{"confidence_level":0.95,"lower_bound":-0.22430979899583278,"upper_bound":-0.22362673454351212},"point_estimate":-0.22393124910922935,"standard_error":0.0001805149749763558}}