{"mean":{"confidence_interval":{"confidence_level":0.95,"lower_bound":-0.00024986846987281854,"upper_bound":0.0005577782068403979},"point_estimate":0.00014394574614851052,"standard_error":0.0002054918302231626},"median":{"confidence_interval":{"confidence_level":0.95,"lower_bound":-0.0002445998436626126,"upper_bound":0.0004201699919088586},"point_estimate":0.00008413080629532388,"standard_error":0.0001717873849753943}}