{"mean":{"confidence_interval":{"confidence_level":0.95,"lower_bound":0.0009018444289249473,"upper_bound":0.00260942206628712},"point_estimate":0.0018253637971519243,"standard_error":0.0004377974916556198},"median":{"confidence_interval":{"confidence_level":0.95,"lower_bound":0.0021444509063190953,"upper_bound":0.003074937564462532},"point_estimate":0.0026837010892817315,"standard_error":0.00022010422383537712}}