{"mean":{"confidence_interval":{"confidence_level":0.95,"lower_bound":0.04332494837501617,"upper_bound":0.04446911935572505},"point_estimate":0.043895595407752674,"standard_error":0.0002936169405250466},"median":{"confidence_interval":{"confidence_level":0.95,"lower_bound":0.04304277994773109,"upper_bound":0.04408566083540877},"point_estimate":0.04358378132979834,"standard_error":0.0002832720015037138}}