{"mean":{"confidence_interval":{"confidence_level":0.95,"lower_bound":-0.008711072945198954,"upper_bound":-0.0014306218791847662},"point_estimate":-0.0044682277497894995,"standard_error":0.0019012271788175434},"median":{"confidence_interval":{"confidence_level":0.95,"lower_bound":-0.0013225397809938366,"upper_bound":-0.00027618751646374395},"point_estimate":-0.0008032274314729859,"standard_error":0.00025670937246124206}}