{"mean":{"confidence_interval":{"confidence_level":0.95,"lower_bound":-0.4863384583060471,"upper_bound":-0.48575766245405866},"point_estimate":-0.4860470205843008,"standard_error":0.0001477273870478415},"median":{"confidence_interval":{"confidence_level":0.95,"lower_bound":-0.48629062270744905,"upper_bound":-0.48581286392238},"point_estimate":-0.4860723785096982,"standard_error":0.0001240625266706751}}