{"mean":{"confidence_interval":{"confidence_level":0.95,"lower_bound":-0.11566525766821226,"upper_bound":-0.11222117332282434},"point_estimate":-0.11395690538844394,"standard_error":0.000877110370301063},"median":{"confidence_interval":{"confidence_level":0.95,"lower_bound":-0.11424424812102896,"upper_bound":-0.11361809807174472},"point_estimate":-0.11391384646187463,"standard_error":0.00016321725857060436}}