{"mean":{"confidence_interval":{"confidence_level":0.95,"lower_bound":-0.003045672461207588,"upper_bound":-0.0022369699472706284},"point_estimate":-0.0026375890296193027,"standard_error":0.00020665447359184203},"median":{"confidence_interval":{"confidence_level":0.95,"lower_bound":-0.003183090980605985,"upper_bound":-0.002135832891673184},"point_estimate":-0.002714352952785326,"standard_error":0.0002477883218887695}}