{"mean":{"confidence_interval":{"confidence_level":0.95,"lower_bound":-0.10990554293777065,"upper_bound":-0.10844702319710775},"point_estimate":-0.1092992263696454,"standard_error":0.00037195764910939434},"median":{"confidence_interval":{"confidence_level":0.95,"lower_bound":-0.10986061384520107,"upper_bound":-0.10924512952901881},"point_estimate":-0.10960995175309118,"standard_error":0.00015514905171722823}}