{"mean":{"confidence_interval":{"confidence_level":0.95,"lower_bound":-0.11331018415038063,"upper_bound":-0.11224604382052947},"point_estimate":-0.11278571832422724,"standard_error":0.0002707116269248939},"median":{"confidence_interval":{"confidence_level":0.95,"lower_bound":-0.11361391261962484,"upper_bound":-0.11259776011837208},"point_estimate":-0.11310935892867036,"standard_error":0.0002587829626582157}}