{"mean":{"confidence_interval":{"confidence_level":0.95,"lower_bound":0.12485237945686939,"upper_bound":0.12621228439513166},"point_estimate":0.12558422830957228,"standard_error":0.0003462286238791483},"median":{"confidence_interval":{"confidence_level":0.95,"lower_bound":0.12516141866996314,"upper_bound":0.12630922089639895},"point_estimate":0.12581878195270169,"standard_error":0.0002691924551013611}}