{"mean":{"confidence_interval":{"confidence_level":0.95,"lower_bound":-0.11310148123809835,"upper_bound":-0.11225437059960884},"point_estimate":-0.1126992641557284,"standard_error":0.00021524782903672242},"median":{"confidence_interval":{"confidence_level":0.95,"lower_bound":-0.11343191072132386,"upper_bound":-0.1128452173633826},"point_estimate":-0.1131418265167452,"standard_error":0.0001439277386917181}}