{"mean":{"confidence_interval":{"confidence_level":0.95,"lower_bound":0.00010642230173243448,"upper_bound":0.002680791127432439},"point_estimate":0.0013143113481572932,"standard_error":0.0006475115604762165},"median":{"confidence_interval":{"confidence_level":0.95,"lower_bound":0.0004871976855627125,"upper_bound":0.0010362357883730855},"point_estimate":0.0007083325048820033,"standard_error":0.00013502037973199896}}