{"mean":{"confidence_interval":{"confidence_level":0.95,"lower_bound":0.7228278671874115,"upper_bound":0.7252081005391362},"point_estimate":0.7240052943649291,"standard_error":0.0006151329846120144},"median":{"confidence_interval":{"confidence_level":0.95,"lower_bound":0.7226743058456544,"upper_bound":0.7238200991193917},"point_estimate":0.7233271599341493,"standard_error":0.00028208035806088393}}