{"mean":{"confidence_interval":{"confidence_level":0.95,"lower_bound":-0.10884279223383406,"upper_bound":-0.107642205469451},"point_estimate":-0.10828453751758926,"standard_error":0.00030624314912735975},"median":{"confidence_interval":{"confidence_level":0.95,"lower_bound":-0.1087085405138781,"upper_bound":-0.10763213138581852},"point_estimate":-0.1083112865686513,"standard_error":0.0003009229270153711}}