{"mean":{"confidence_interval":{"confidence_level":0.95,"lower_bound":-0.48679725821045017,"upper_bound":-0.4863560487182853},"point_estimate":-0.48657560915415277,"standard_error":0.0001123513681720296},"median":{"confidence_interval":{"confidence_level":0.95,"lower_bound":-0.48667329768728185,"upper_bound":-0.48635291298119465},"point_estimate":-0.48646078017337435,"standard_error":0.00008553062737719294}}