{"mean":{"confidence_interval":{"confidence_level":0.95,"lower_bound":-0.0009310224510302832,"upper_bound":3.1349299936583e-6},"point_estimate":-0.0004615880857038457,"standard_error":0.0002391434012572211},"median":{"confidence_interval":{"confidence_level":0.95,"lower_bound":-0.0008026079796927821,"upper_bound":-0.00003583675510998585},"point_estimate":-0.00033771018056849567,"standard_error":0.00020103726735994445}}