{"mean":{"confidence_interval":{"confidence_level":0.95,"lower_bound":-0.0006157040507935918,"upper_bound":0.002746120286332371},"point_estimate":0.0006992594203572011,"standard_error":0.0009220523728023767},"median":{"confidence_interval":{"confidence_level":0.95,"lower_bound":-0.0005794666502931811,"upper_bound":0.00005584215501475143},"point_estimate":-0.0003153050630791965,"standard_error":0.00016309741902162487}}