{"mean":{"confidence_interval":{"confidence_level":0.95,"lower_bound":-0.012922850641677412,"upper_bound":0.0016762831825457992},"point_estimate":-0.0038625946052609494,"standard_error":0.004018012834297981},"median":{"confidence_interval":{"confidence_level":0.95,"lower_bound":-0.001626475070273914,"upper_bound":-0.0009547352114911423},"point_estimate":-0.0012275069102186675,"standard_error":0.00016945212218068221}}