{"mean":{"confidence_interval":{"confidence_level":0.95,"lower_bound":-0.0056607834893237004,"upper_bound":0.0005518853576158815},"point_estimate":-0.002212100681799889,"standard_error":0.0015914489029740324},"median":{"confidence_interval":{"confidence_level":0.95,"lower_bound":-0.0010961450031158337,"upper_bound":-0.00004848533117840503},"point_estimate":-0.0005738178905799751,"standard_error":0.00027301146868740934}}