{"mean":{"confidence_interval":{"confidence_level":0.95,"lower_bound":0.001759455377022845,"upper_bound":0.005288030238222918},"point_estimate":0.0032728163858795067,"standard_error":0.0009105677934752766},"median":{"confidence_interval":{"confidence_level":0.95,"lower_bound":0.0013967021475798092,"upper_bound":0.002497678063598352},"point_estimate":0.0018666552872546038,"standard_error":0.0003017414366261273}}