{"mean":{"confidence_interval":{"confidence_level":0.95,"lower_bound":0.0033813367517457615,"upper_bound":0.0047174236329870665},"point_estimate":0.0040796231743496225,"standard_error":0.0003389745890098959},"median":{"confidence_interval":{"confidence_level":0.95,"lower_bound":0.003952430092100962,"upper_bound":0.005038403371447453},"point_estimate":0.004384570935195065,"standard_error":0.00027993025269244684}}