{"mean":{"confidence_interval":{"confidence_level":0.95,"lower_bound":0.0031486456736007475,"upper_bound":0.004565520456786453},"point_estimate":0.003901099299069788,"standard_error":0.00036060334287102316},"median":{"confidence_interval":{"confidence_level":0.95,"lower_bound":0.003773860797794848,"upper_bound":0.004542303995515722},"point_estimate":0.004191987130668373,"standard_error":0.00020613730236494483}}