{"mean":{"confidence_interval":{"confidence_level":0.95,"lower_bound":0.1279044269351337,"upper_bound":0.12987419043583703},"point_estimate":0.12875449323133825,"standard_error":0.0004945438728227198},"median":{"confidence_interval":{"confidence_level":0.95,"lower_bound":0.12764561744701286,"upper_bound":0.12875332338480017},"point_estimate":0.1280957436416157,"standard_error":0.0002626379518659796}}