{"mean":{"confidence_interval":{"confidence_level":0.95,"lower_bound":1157560.4077900846,"upper_bound":1162675.111052168},"point_estimate":1159605.721610269,"standard_error":1351.5568880419228},"median":{"confidence_interval":{"confidence_level":0.95,"lower_bound":1156068.25,"upper_bound":1157518.7930555556},"point_estimate":1156824.7512158055,"standard_error":402.183572470574},"median_abs_dev":{"confidence_interval":{"confidence_level":0.95,"lower_bound":2109.3961141839945,"upper_bound":3630.1376338546197},"point_estimate":2912.1370646937085,"standard_error":397.0478986052003},"slope":{"confidence_interval":{"confidence_level":0.95,"lower_bound":1156772.741047118,"upper_bound":1159788.919633906},"point_estimate":1157985.3705068715,"standard_error":791.8505183643454},"std_dev":{"confidence_interval":{"confidence_level":0.95,"lower_bound":4218.597036252465,"upper_bound":22078.955234564284},"point_estimate":13576.457272807087,"standard_error":5725.326191738135}}