{"mean":{"confidence_interval":{"confidence_level":0.95,"lower_bound":1171238.1828123385,"upper_bound":1178323.0630638688},"point_estimate":1174347.3474816778,"standard_error":1826.1419888017413},"median":{"confidence_interval":{"confidence_level":0.95,"lower_bound":1168716.7843137255,"upper_bound":1170013.6247970778},"point_estimate":1169045.7661764706,"standard_error":361.3153517411061},"median_abs_dev":{"confidence_interval":{"confidence_level":0.95,"lower_bound":2139.051457638334,"upper_bound":4214.151083078375},"point_estimate":2891.880940868319,"standard_error":504.69134732315297},"slope":{"confidence_interval":{"confidence_level":0.95,"lower_bound":1170756.0867823907,"upper_bound":1181410.1768280119},"point_estimate":1175355.5296704597,"standard_error":2747.0322925777346},"std_dev":{"confidence_interval":{"confidence_level":0.95,"lower_bound":7024.854310680561,"upper_bound":26983.462335872362},"point_estimate":18331.420645266287,"standard_error":5114.337130434704}}