{"mean":{"confidence_interval":{"confidence_level":0.95,"lower_bound":1160202.8126028131,"upper_bound":1165859.313655845},"point_estimate":1162596.8569846665,"standard_error":1463.4235102529144},"median":{"confidence_interval":{"confidence_level":0.95,"lower_bound":1159582.6833333333,"upper_bound":1160916.3564257028},"point_estimate":1160178.4892395982,"standard_error":401.9246925077305},"median_abs_dev":{"confidence_interval":{"confidence_level":0.95,"lower_bound":2905.9643421588858,"upper_bound":4744.207861534196},"point_estimate":3898.9332745604743,"standard_error":463.297196861454},"slope":{"confidence_interval":{"confidence_level":0.95,"lower_bound":1159756.0804185446,"upper_bound":1161953.4329658651},"point_estimate":1160748.848887247,"standard_error":561.4315840754608},"std_dev":{"confidence_interval":{"confidence_level":0.95,"lower_bound":3957.8481057063723,"upper_bound":22544.968802775646},"point_estimate":14715.057369961238,"standard_error":4953.826151915398}}