{"mean":{"confidence_interval":{"confidence_level":0.95,"lower_bound":1621180.0420017627,"upper_bound":1632001.8573067524},"point_estimate":1625568.206309475,"standard_error":2823.8655253455727},"median":{"confidence_interval":{"confidence_level":0.95,"lower_bound":1618968.8,"upper_bound":1620534.9223080417},"point_estimate":1619622.1322222222,"standard_error":374.1258551517504},"median_abs_dev":{"confidence_interval":{"confidence_level":0.95,"lower_bound":2666.3469556818472,"upper_bound":5232.886003138244},"point_estimate":3996.5633494942335,"standard_error":641.5098824085123},"slope":{"confidence_interval":{"confidence_level":0.95,"lower_bound":1620650.3439743752,"upper_bound":1627847.866710594},"point_estimate":1623760.95109502,"standard_error":1852.035360264101},"std_dev":{"confidence_interval":{"confidence_level":0.95,"lower_bound":7356.085152684269,"upper_bound":45810.3250672767},"point_estimate":28355.357745001274,"standard_error":11195.96376688539}}