{"mean":{"confidence_interval":{"confidence_level":0.95,"lower_bound":1029605.1842590669,"upper_bound":1033232.9398325426},"point_estimate":1031175.1112329719,"standard_error":936.5620659190002},"median":{"confidence_interval":{"confidence_level":0.95,"lower_bound":1028413.9367088608,"upper_bound":1029454.9136029412},"point_estimate":1028804.5389150943,"standard_error":291.3779444016287},"median_abs_dev":{"confidence_interval":{"confidence_level":0.95,"lower_bound":1807.8882194509285,"upper_bound":3124.3527926344123},"point_estimate":2479.7072637233246,"standard_error":355.8012834105609},"slope":{"confidence_interval":{"confidence_level":0.95,"lower_bound":1029088.388740493,"upper_bound":1031225.9146748796},"point_estimate":1030023.7978276932,"standard_error":548.9162149418587},"std_dev":{"confidence_interval":{"confidence_level":0.95,"lower_bound":3664.821696512651,"upper_bound":14442.791047043178},"point_estimate":9443.212786584585,"standard_error":2911.5606207516134}}