{"mean":{"confidence_interval":{"confidence_level":0.95,"lower_bound":909350.6734103827,"upper_bound":913071.7079561515},"point_estimate":910992.7813743165,"standard_error":955.4272193595839},"median":{"confidence_interval":{"confidence_level":0.95,"lower_bound":908112.0281024742,"upper_bound":909541.8582236841},"point_estimate":908862.0309139785,"standard_error":395.8236656132445},"median_abs_dev":{"confidence_interval":{"confidence_level":0.95,"lower_bound":2276.3648406346933,"upper_bound":4399.797658137989},"point_estimate":3609.349650648496,"standard_error":560.1875036781856},"slope":{"confidence_interval":{"confidence_level":0.95,"lower_bound":908682.8746600859,"upper_bound":910189.7997326631},"point_estimate":909410.8759612826,"standard_error":384.71848469841456},"std_dev":{"confidence_interval":{"confidence_level":0.95,"lower_bound":4382.423507878241,"upper_bound":14227.89786648838},"point_estimate":9573.522893798692,"standard_error":2607.963308944942}}