{"mean":{"confidence_interval":{"confidence_level":0.95,"lower_bound":6636.944932758431,"upper_bound":6676.9126885705655},"point_estimate":6655.993963675125,"standard_error":10.196977688460587},"median":{"confidence_interval":{"confidence_level":0.95,"lower_bound":6619.551956815115,"upper_bound":6666.510851349087},"point_estimate":6644.711996336997,"standard_error":12.223416133319377},"median_abs_dev":{"confidence_interval":{"confidence_level":0.95,"lower_bound":72.36250087707144,"upper_bound":107.34770160414914},"point_estimate":93.25228810460807,"standard_error":8.6865026272487},"slope":{"confidence_interval":{"confidence_level":0.95,"lower_bound":6652.831870664137,"upper_bound":6687.117147065076},"point_estimate":6670.172572324971,"standard_error":8.729506116932273},"std_dev":{"confidence_interval":{"confidence_level":0.95,"lower_bound":76.36448139461969,"upper_bound":132.06618446028023},"point_estimate":102.50775225106486,"standard_error":14.903641092319441}}