{"mean":{"confidence_interval":{"confidence_level":0.95,"lower_bound":6580.963089690099,"upper_bound":6619.34475589733},"point_estimate":6596.986595334555,"standard_error":9.916119689466973},"median":{"confidence_interval":{"confidence_level":0.95,"lower_bound":6571.663967611336,"upper_bound":6581.944270015699},"point_estimate":6576.163313609468,"standard_error":2.4517268027817924},"median_abs_dev":{"confidence_interval":{"confidence_level":0.95,"lower_bound":18.757404087004986,"upper_bound":39.8602543045212},"point_estimate":28.176805094166895,"standard_error":5.3257073488959605},"slope":{"confidence_interval":{"confidence_level":0.95,"lower_bound":6574.464933381802,"upper_bound":6598.296782214468},"point_estimate":6584.31000920758,"standard_error":6.143437661109392},"std_dev":{"confidence_interval":{"confidence_level":0.95,"lower_bound":36.63733724732572,"upper_bound":157.6923481928769},"point_estimate":99.63660869581435,"standard_error":36.29212556458094}}