{"mean":{"confidence_interval":{"confidence_level":0.95,"lower_bound":6592.629738081695,"upper_bound":6607.62930328054},"point_estimate":6599.982494825723,"standard_error":3.8425530487666935},"median":{"confidence_interval":{"confidence_level":0.95,"lower_bound":6586.038461538462,"upper_bound":6601.6968406593405},"point_estimate":6595.545929522674,"standard_error":4.185174076385739},"median_abs_dev":{"confidence_interval":{"confidence_level":0.95,"lower_bound":24.636594648830517,"upper_bound":42.64916886557158},"point_estimate":33.336055709941554,"standard_error":4.437041089559304},"slope":{"confidence_interval":{"confidence_level":0.95,"lower_bound":6580.72331537867,"upper_bound":6596.376752530921},"point_estimate":6587.971531982131,"standard_error":4.000709015199388},"std_dev":{"confidence_interval":{"confidence_level":0.95,"lower_bound":31.78114189023366,"upper_bound":44.951179698288726},"point_estimate":38.60458334032664,"standard_error":3.380141132411123}}