{"mean":{"confidence_interval":{"confidence_level":0.95,"lower_bound":6615.877728385593,"upper_bound":6659.49236359285},"point_estimate":6636.669249508321,"standard_error":11.10360570730215},"median":{"confidence_interval":{"confidence_level":0.95,"lower_bound":6595.677438852399,"upper_bound":6645.6787827557055},"point_estimate":6618.021125803052,"standard_error":11.986097826147372},"median_abs_dev":{"confidence_interval":{"confidence_level":0.95,"lower_bound":69.37705304106098,"upper_bound":112.15867968261836},"point_estimate":90.92177392427722,"standard_error":10.841232525720578},"slope":{"confidence_interval":{"confidence_level":0.95,"lower_bound":6644.185669246312,"upper_bound":6711.821001298131},"point_estimate":6675.153288697412,"standard_error":17.397377713792622},"std_dev":{"confidence_interval":{"confidence_level":0.95,"lower_bound":78.22706600679179,"upper_bound":141.21093871765774},"point_estimate":111.62728726558618,"standard_error":16.025371603444206}}