{"mean":{"confidence_interval":{"confidence_level":0.95,"lower_bound":6901.998479520605,"upper_bound":6935.545795217033},"point_estimate":6918.5406883365695,"standard_error":8.574535205171944},"median":{"confidence_interval":{"confidence_level":0.95,"lower_bound":6899.7453313637525,"upper_bound":6927.573335246843},"point_estimate":6918.687600860678,"standard_error":8.105496168931353},"median_abs_dev":{"confidence_interval":{"confidence_level":0.95,"lower_bound":45.00106497379827,"upper_bound":79.97094209677057},"point_estimate":65.15970416575684,"standard_error":8.930356554797127},"slope":{"confidence_interval":{"confidence_level":0.95,"lower_bound":6924.654393907643,"upper_bound":6956.980721718745},"point_estimate":6940.681886076093,"standard_error":8.249341477881163},"std_dev":{"confidence_interval":{"confidence_level":0.95,"lower_bound":68.32647570681732,"upper_bound":103.25630729078465},"point_estimate":86.10399364717259,"standard_error":8.955926018306386}}