{"mean":{"confidence_interval":{"confidence_level":0.95,"lower_bound":6981.0900652098635,"upper_bound":7029.6248879464265},"point_estimate":7002.877693332787,"standard_error":12.488019857522206},"median":{"confidence_interval":{"confidence_level":0.95,"lower_bound":6965.692307692308,"upper_bound":6993.220735785953},"point_estimate":6983.887381100083,"standard_error":7.972316894176721},"median_abs_dev":{"confidence_interval":{"confidence_level":0.95,"lower_bound":40.15168323365318,"upper_bound":77.66013439048764},"point_estimate":59.20934390302706,"standard_error":9.619279940733938},"slope":{"confidence_interval":{"confidence_level":0.95,"lower_bound":6975.786990644356,"upper_bound":6999.325840321918},"point_estimate":6987.21979311364,"standard_error":6.007055721727387},"std_dev":{"confidence_interval":{"confidence_level":0.95,"lower_bound":66.71422770299515,"upper_bound":183.81479361202375},"point_estimate":125.4156337006123,"standard_error":32.008028919790675}}