{"mean":{"confidence_interval":{"confidence_level":0.95,"lower_bound":7531.703550674316,"upper_bound":7569.876017703075},"point_estimate":7549.696303686388,"standard_error":9.75794567649606},"median":{"confidence_interval":{"confidence_level":0.95,"lower_bound":7514.532467532467,"upper_bound":7537.705128205128},"point_estimate":7530.653427250441,"standard_error":6.4020312444179845},"median_abs_dev":{"confidence_interval":{"confidence_level":0.95,"lower_bound":34.19789335415548,"upper_bound":60.93666761901274},"point_estimate":48.73917815568529,"standard_error":6.989711359715282},"slope":{"confidence_interval":{"confidence_level":0.95,"lower_bound":7520.206179753006,"upper_bound":7562.691643163586},"point_estimate":7538.236535449182,"standard_error":10.970887252174304},"std_dev":{"confidence_interval":{"confidence_level":0.95,"lower_bound":67.84245835906023,"upper_bound":123.67905277920384},"point_estimate":97.90359064044763,"standard_error":14.334074001618662}}