{"mean":{"confidence_interval":{"confidence_level":0.95,"lower_bound":7295.606357249854,"upper_bound":7317.245474106881},"point_estimate":7305.97892097918,"standard_error":5.5333509561121765},"median":{"confidence_interval":{"confidence_level":0.95,"lower_bound":7291.196923076923,"upper_bound":7305.764257950285},"point_estimate":7297.400501143386,"standard_error":3.454109604663249},"median_abs_dev":{"confidence_interval":{"confidence_level":0.95,"lower_bound":30.30652868196294,"upper_bound":50.89135359527961},"point_estimate":38.220448075666035,"standard_error":5.19016710155885},"slope":{"confidence_interval":{"confidence_level":0.95,"lower_bound":7292.897737265874,"upper_bound":7308.39910381212},"point_estimate":7300.405368587375,"standard_error":3.956188984801452},"std_dev":{"confidence_interval":{"confidence_level":0.95,"lower_bound":42.4946639205363,"upper_bound":68.09396577720176},"point_estimate":55.81004970891438,"standard_error":6.573204411411746}}