{"mean":{"confidence_interval":{"confidence_level":0.95,"lower_bound":7634.226816119502,"upper_bound":7708.904662260594},"point_estimate":7668.083587136782,"standard_error":19.140668937654084},"median":{"confidence_interval":{"confidence_level":0.95,"lower_bound":7620.126787595966,"upper_bound":7648.337195923735},"point_estimate":7634.242406311637,"standard_error":8.853631119532862},"median_abs_dev":{"confidence_interval":{"confidence_level":0.95,"lower_bound":43.56134462523335,"upper_bound":76.85134781378791},"point_estimate":59.556347007542044,"standard_error":8.701869218365392},"slope":{"confidence_interval":{"confidence_level":0.95,"lower_bound":7607.515564835933,"upper_bound":7704.37940831627},"point_estimate":7646.5582860260765,"standard_error":25.376267677447686},"std_dev":{"confidence_interval":{"confidence_level":0.95,"lower_bound":86.5674151648381,"upper_bound":267.6959702409605},"point_estimate":192.66346369114973,"standard_error":44.06571616716135}}